Province ID,District ID,Municipality ID,Municipality Name,Ward No,Area Name,Total Households,Total Population,Male Population,Female Population,local_level_code
1,1,1,Phaktanlung Gaunpalika,1,Ward - 1,299,1211,588,623,10105
1,1,1,Phaktanlung Gaunpalika,2,Ward - 2,544,2417,1240,1177,10105
1,1,1,Phaktanlung Gaunpalika,3,Ward - 3,527,2180,1145,1035,10105
1,1,1,Phaktanlung Gaunpalika,4,Ward - 4,472,2020,1025,995,10105
1,1,1,Phaktanlung Gaunpalika,5,Ward - 5,403,1629,844,785,10105
1,1,1,Phaktanlung Gaunpalika,6,Ward - 6,522,2147,1152,995,10105
1,1,1,Phaktanlung Gaunpalika,7,Ward - 7,65,187,94,93,10105
1,1,2,Mikwakhola Gaunpalika,1,Ward - 1,356,1527,762,765,10102
1,1,2,Mikwakhola Gaunpalika,2,Ward - 2,348,1506,728,778,10102
1,1,2,Mikwakhola Gaunpalika,3,Ward - 3,334,1466,716,750,10102
1,1,2,Mikwakhola Gaunpalika,4,Ward - 4,551,2354,1199,1155,10102
1,1,2,Mikwakhola Gaunpalika,5,Ward - 5,256,1111,549,562,10102
1,1,3,Meringden Gaunpalika,1,Ward - 1,467,1969,992,977,10103
1,1,3,Meringden Gaunpalika,2,Ward - 2,533,2586,1275,1311,10103
1,1,3,Meringden Gaunpalika,3,Ward - 3,339,1395,693,702,10103
1,1,3,Meringden Gaunpalika,4,Ward - 4,330,1581,783,798,10103
1,1,3,Meringden Gaunpalika,5,Ward - 5,599,2524,1215,1309,10103
1,1,3,Meringden Gaunpalika,6,Ward - 6,394,1783,901,882,10103
1,1,4,Maiwakhola Gaunpalika,1,Ward - 1,415,1881,914,967,10102
1,1,4,Maiwakhola Gaunpalika,2,Ward - 2,344,1599,802,797,10102
1,1,4,Maiwakhola Gaunpalika,3,Ward - 3,432,1802,907,895,10102
1,1,4,Maiwakhola Gaunpalika,4,Ward - 4,339,1557,770,787,10102
1,1,4,Maiwakhola Gaunpalika,5,Ward - 5,391,1863,974,889,10102
1,1,4,Maiwakhola Gaunpalika,6,Ward - 6,328,1511,786,725,10102
1,1,5,Aatharai Tribeni Gaunpalika,1,Ward - 1,455,2152,1023,1129,10101
1,1,5,Aatharai Tribeni Gaunpalika,2,Ward - 2,701,2988,1482,1506,10101
1,1,5,Aatharai Tribeni Gaunpalika,3,Ward - 3,814,3478,1755,1723,10101
1,1,5,Aatharai Tribeni Gaunpalika,4,Ward - 4,461,1859,928,931,10101
1,1,5,Aatharai Tribeni Gaunpalika,5,Ward - 5,423,1819,878,941,10101
1,1,6,Phungling Municipality,1,Ward - 1,269,1213,597,616,10106
1,1,6,Phungling Municipality,2,Ward - 2,956,3711,1796,1915,10106
1,1,6,Phungling Municipality,3,Ward - 3,650,2782,1342,1440,10106
1,1,6,Phungling Municipality,4,Ward - 4,1072,4103,2016,2087,10106
1,1,6,Phungling Municipality,5,Ward - 5,542,2081,1005,1076,10106
1,1,6,Phungling Municipality,6,Ward - 6,779,3071,1489,1582,10106
1,1,6,Phungling Municipality,7,Ward - 7,459,1713,841,872,10106
1,1,6,Phungling Municipality,8,Ward - 8,508,2377,1187,1190,10106
1,1,6,Phungling Municipality,9,Ward - 9,812,3584,1794,1790,10106
1,1,6,Phungling Municipality,10,Ward - 10,569,2453,1238,1215,10106
1,1,6,Phungling Municipality,11,Ward - 11,282,1361,676,685,10106
1,1,7,Pathivara Yangwarak Gaunpalika,1,Ward - 1,757,3256,1637,1619,10109
1,1,7,Pathivara Yangwarak Gaunpalika,2,Ward - 2,705,3141,1539,1602,10109
1,1,7,Pathivara Yangwarak Gaunpalika,3,Ward - 3,341,1546,757,789,10109
1,1,7,Pathivara Yangwarak Gaunpalika,4,Ward - 4,291,1294,646,648,10109
1,1,7,Pathivara Yangwarak Gaunpalika,5,Ward - 5,177,807,395,412,10109
1,1,7,Pathivara Yangwarak Gaunpalika,6,Ward - 6,434,1762,884,878,10109
1,1,8,Sirijanga Gaunpalika,1,Ward - 1,426,1776,876,900,10108
1,1,8,Sirijanga Gaunpalika,2,Ward - 2,616,2725,1395,1330,10108
1,1,8,Sirijanga Gaunpalika,3,Ward - 3,428,1816,925,891,10108
1,1,8,Sirijanga Gaunpalika,4,Ward - 4,555,2318,1203,1115,10108
1,1,8,Sirijanga Gaunpalika,5,Ward - 5,337,1566,800,766,10108
1,1,8,Sirijanga Gaunpalika,6,Ward - 6,226,1022,513,509,10108
1,1,8,Sirijanga Gaunpalika,7,Ward - 7,501,2181,1100,1081,10108
1,1,8,Sirijanga Gaunpalika,8,Ward - 8,166,710,363,347,10108
1,1,9,Sidingba Gaunpalika,1,Ward - 1,145,653,328,325,10107
1,1,9,Sidingba Gaunpalika,2,Ward - 2,226,965,489,476,10107
1,1,9,Sidingba Gaunpalika,3,Ward - 3,490,2231,1115,1116,10107
1,1,9,Sidingba Gaunpalika,4,Ward - 4,453,1970,995,975,10107
1,1,9,Sidingba Gaunpalika,5,Ward - 5,354,1545,782,763,10107
1,1,9,Sidingba Gaunpalika,6,Ward - 6,451,2000,1004,996,10107
1,1,9,Sidingba Gaunpalika,7,Ward - 7,357,1615,818,797,10107
1,2,1,Bhotkhola Gaunpalika,1,Ward - 1,83,300,142,158,10901
1,2,1,Bhotkhola Gaunpalika,2,Ward - 2,387,1375,671,704,10901
1,2,1,Bhotkhola Gaunpalika,3,Ward - 3,349,1082,527,555,10901
1,2,1,Bhotkhola Gaunpalika,4,Ward - 4,505,2017,1006,1011,10901
1,2,1,Bhotkhola Gaunpalika,5,Ward - 5,360,1664,854,810,10901
1,2,2,Makalu Gaunpalika,1,Ward - 1,211,651,350,301,10907
1,2,2,Makalu Gaunpalika,2,Ward - 2,694,2759,1425,1334,10907
1,2,2,Makalu Gaunpalika,3,Ward - 3,859,3348,1718,1630,10907
1,2,2,Makalu Gaunpalika,4,Ward - 4,372,1477,767,710,10907
1,2,2,Makalu Gaunpalika,5,Ward - 5,1062,4142,2108,2034,10907
1,2,2,Makalu Gaunpalika,6,Ward - 6,278,1047,536,511,10907
1,2,3,Silichong Gaunpalika,1,Ward - 1,600,2383,1223,1160,10910
1,2,3,Silichong Gaunpalika,2,Ward - 2,566,2509,1253,1256,10910
1,2,3,Silichong Gaunpalika,3,Ward - 3,610,2590,1318,1272,10910
1,2,3,Silichong Gaunpalika,4,Ward - 4,441,1801,893,908,10910
1,2,3,Silichong Gaunpalika,5,Ward - 5,273,1013,524,489,10910
1,2,4,Chichila Gaunpalika,1,Ward - 1,325,1238,618,620,10903
1,2,4,Chichila Gaunpalika,2,Ward - 2,406,1612,804,808,10903
1,2,4,Chichila Gaunpalika,3,Ward - 3,260,1011,515,496,10903
1,2,4,Chichila Gaunpalika,4,Ward - 4,328,1300,622,678,10903
1,2,4,Chichila Gaunpalika,5,Ward - 5,345,1416,703,713,10903
1,2,5,Sabhapokhari Gaunpalika,1,Ward - 1,640,2311,1116,1195,10909
1,2,5,Sabhapokhari Gaunpalika,2,Ward - 2,465,1876,948,928,10909
1,2,5,Sabhapokhari Gaunpalika,3,Ward - 3,447,1859,950,909,10909
1,2,5,Sabhapokhari Gaunpalika,4,Ward - 4,208,821,410,411,10909
1,2,5,Sabhapokhari Gaunpalika,5,Ward - 5,163,731,397,334,10909
1,2,5,Sabhapokhari Gaunpalika,6,Ward - 6,584,2372,1157,1215,10909
1,2,6,Khandabari Municipality,1,Ward - 1,1612,5675,2807,2868,10905
1,2,6,Khandabari Municipality,2,Ward - 2,470,1810,861,949,10905
1,2,6,Khandabari Municipality,3,Ward - 3,1037,4024,1949,2075,10905
1,2,6,Khandabari Municipality,4,Ward - 4,868,3350,1635,1715,10905
1,2,6,Khandabari Municipality,5,Ward - 5,372,1496,752,744,10905
1,2,6,Khandabari Municipality,6,Ward - 6,545,2094,1033,1061,10905
1,2,6,Khandabari Municipality,7,Ward - 7,1017,3851,1854,1997,10905
1,2,6,Khandabari Municipality,8,Ward - 8,831,3349,1672,1677,10905
1,2,6,Khandabari Municipality,9,Ward - 9,1370,5488,2662,2826,10905
1,2,6,Khandabari Municipality,10,Ward - 10,720,2635,1271,1364,10905
1,2,6,Khandabari Municipality,11,Ward - 11,467,1793,860,933,10905
1,2,7,Panchakhapan Municipality,1,Ward - 1,492,1998,982,1016,10908
1,2,7,Panchakhapan Municipality,2,Ward - 2,401,1547,761,786,10908
1,2,7,Panchakhapan Municipality,3,Ward - 3,513,2113,1073,1040,10908
1,2,7,Panchakhapan Municipality,4,Ward - 4,510,2080,1019,1061,10908
1,2,7,Panchakhapan Municipality,5,Ward - 5,324,1244,608,636,10908
1,2,7,Panchakhapan Municipality,6,Ward - 6,473,1957,981,976,10908
1,2,7,Panchakhapan Municipality,7,Ward - 7,463,1852,874,978,10908
1,2,7,Panchakhapan Municipality,8,Ward - 8,447,1949,951,998,10908
1,2,7,Panchakhapan Municipality,9,Ward - 9,377,1608,780,828,10908
1,2,8,Chainapur Municipality,1,Ward - 1,539,1995,980,1015,10902
1,2,8,Chainapur Municipality,2,Ward - 2,536,2273,1129,1144,10902
1,2,8,Chainapur Municipality,3,Ward - 3,713,2992,1478,1514,10902
1,2,8,Chainapur Municipality,4,Ward - 4,527,2257,1127,1130,10902
1,2,8,Chainapur Municipality,5,Ward - 5,382,1658,823,835,10902
1,2,8,Chainapur Municipality,6,Ward - 6,960,3638,1767,1871,10902
1,2,8,Chainapur Municipality,7,Ward - 7,694,2727,1342,1385,10902
1,2,8,Chainapur Municipality,8,Ward - 8,360,1521,741,780,10902
1,2,8,Chainapur Municipality,9,Ward - 9,588,2363,1124,1239,10902
1,2,8,Chainapur Municipality,10,Ward - 10,690,2763,1320,1443,10902
1,2,8,Chainapur Municipality,11,Ward - 11,659,2612,1294,1318,10902
1,2,9,Madi Municipality,1,Ward - 1,332,1420,724,696,10906
1,2,9,Madi Municipality,2,Ward - 2,215,918,447,471,10906
1,2,9,Madi Municipality,3,Ward - 3,493,1896,914,982,10906
1,2,9,Madi Municipality,4,Ward - 4,707,2728,1299,1429,10906
1,2,9,Madi Municipality,5,Ward - 5,490,2048,1006,1042,10906
1,2,9,Madi Municipality,6,Ward - 6,328,1303,634,669,10906
1,2,9,Madi Municipality,7,Ward - 7,226,884,430,454,10906
1,2,9,Madi Municipality,8,Ward - 8,224,885,443,442,10906
1,2,9,Madi Municipality,9,Ward - 9,266,1191,591,600,10906
1,2,10,Dharmadevi Municipality,1,Ward - 1,541,2147,1079,1068,10904
1,2,10,Dharmadevi Municipality,2,Ward - 2,389,1486,728,758,10904
1,2,10,Dharmadevi Municipality,3,Ward - 3,777,3020,1508,1512,10904
1,2,10,Dharmadevi Municipality,4,Ward - 4,379,1534,755,779,10904
1,2,10,Dharmadevi Municipality,5,Ward - 5,497,1980,965,1015,10904
1,2,10,Dharmadevi Municipality,6,Ward - 6,398,1629,766,863,10904
1,2,10,Dharmadevi Municipality,7,Ward - 7,308,1211,571,640,10904
1,2,10,Dharmadevi Municipality,8,Ward - 8,354,1411,669,742,10904
1,2,10,Dharmadevi Municipality,9,Ward - 9,416,1635,784,851,10904
1,3,1,Khumbu Pasanglhamu Gaunpalika,1,Ward - 1,425,1557,797,760,11103
1,3,1,Khumbu Pasanglhamu Gaunpalika,2,Ward - 2,555,2286,1147,1139,11103
1,3,1,Khumbu Pasanglhamu Gaunpalika,3,Ward - 3,508,1610,820,790,11103
1,3,1,Khumbu Pasanglhamu Gaunpalika,4,Ward - 4,583,2012,976,1036,11103
1,3,1,Khumbu Pasanglhamu Gaunpalika,5,Ward - 5,418,1255,651,604,11103
1,3,2,Mahakulung Gaunpalika,1,Ward - 1,766,3269,1639,1630,11105
1,3,2,Mahakulung Gaunpalika,2,Ward - 2,462,1970,969,1001,11105
1,3,2,Mahakulung Gaunpalika,3,Ward - 3,835,3277,1624,1653,11105
1,3,2,Mahakulung Gaunpalika,4,Ward - 4,454,1808,894,914,11105
1,3,2,Mahakulung Gaunpalika,5,Ward - 5,395,1523,744,779,11105
1,3,3,Sotang Gaunpalika,1,Ward - 1,373,1490,769,721,11108
1,3,3,Sotang Gaunpalika,2,Ward - 2,215,794,423,371,11108
1,3,3,Sotang Gaunpalika,3,Ward - 3,469,1991,993,998,11108
1,3,3,Sotang Gaunpalika,4,Ward - 4,510,1977,989,988,11108
1,3,3,Sotang Gaunpalika,5,Ward - 5,729,2773,1370,1403,11108
1,3,4,Mapya Dudhkoshi Gaunpalika,1,Ward - 1,394,1528,765,763,11102
1,3,4,Mapya Dudhkoshi Gaunpalika,2,Ward - 2,365,1451,734,717,11102
1,3,4,Mapya Dudhkoshi Gaunpalika,3,Ward - 3,413,1696,853,843,11102
1,3,4,Mapya Dudhkoshi Gaunpalika,4,Ward - 4,376,1363,703,660,11102
1,3,4,Mapya Dudhkoshi Gaunpalika,5,Ward - 5,528,2072,1046,1026,11102
1,3,4,Mapya Dudhkoshi Gaunpalika,6,Ward - 6,556,2329,1178,1151,11102
1,3,4,Mapya Dudhkoshi Gaunpalika,7,Ward - 7,508,2209,1096,1113,11102
1,3,5,Thulung Dudhkoshi Gaunpalika,1,Ward - 1,637,2402,1169,1233,11101
1,3,5,Thulung Dudhkoshi Gaunpalika,2,Ward - 2,431,1750,863,887,11101
1,3,5,Thulung Dudhkoshi Gaunpalika,3,Ward - 3,351,1456,731,725,11101
1,3,5,Thulung Dudhkoshi Gaunpalika,4,Ward - 4,342,1316,640,676,11101
1,3,5,Thulung Dudhkoshi Gaunpalika,5,Ward - 5,501,1921,953,968,11101
1,3,5,Thulung Dudhkoshi Gaunpalika,6,Ward - 6,576,2244,1127,1117,11101
1,3,5,Thulung Dudhkoshi Gaunpalika,7,Ward - 7,480,2003,1003,1000,11101
1,3,5,Thulung Dudhkoshi Gaunpalika,8,Ward - 8,494,1976,1014,962,11101
1,3,5,Thulung Dudhkoshi Gaunpalika,9,Ward - 9,812,3286,1658,1628,11101
1,3,6,Necha Salyan Gaunpalika,1,Ward - 1,628,2668,1279,1389,11106
1,3,6,Necha Salyan Gaunpalika,2,Ward - 2,513,2091,1045,1046,11106
1,3,6,Necha Salyan Gaunpalika,3,Ward - 3,745,2948,1455,1493,11106
1,3,6,Necha Salyan Gaunpalika,4,Ward - 4,424,1651,811,840,11106
1,3,6,Necha Salyan Gaunpalika,5,Ward - 5,473,2023,1007,1016,11106
1,3,7,Solu Dhudhakunda Municipality,1,Ward - 1,508,1888,962,926,11107
1,3,7,Solu Dhudhakunda Municipality,2,Ward - 2,373,1631,871,760,11107
1,3,7,Solu Dhudhakunda Municipality,3,Ward - 3,281,1016,488,528,11107
1,3,7,Solu Dhudhakunda Municipality,4,Ward - 4,464,1824,896,928,11107
1,3,7,Solu Dhudhakunda Municipality,5,Ward - 5,1105,4113,1985,2128,11107
1,3,7,Solu Dhudhakunda Municipality,6,Ward - 6,608,2313,1180,1133,11107
1,3,7,Solu Dhudhakunda Municipality,7,Ward - 7,628,2363,1153,1210,11107
1,3,7,Solu Dhudhakunda Municipality,8,Ward - 8,957,3580,1751,1829,11107
1,3,7,Solu Dhudhakunda Municipality,9,Ward - 9,310,1129,561,568,11107
1,3,7,Solu Dhudhakunda Municipality,10,Ward - 10,538,1937,940,997,11107
1,3,7,Solu Dhudhakunda Municipality,11,Ward - 11,972,3884,1885,1999,11107
1,3,8,Likhu Pike Gaunpalika,1,Ward - 1,162,601,305,296,11104
1,3,8,Likhu Pike Gaunpalika,2,Ward - 2,318,1263,631,632,11104
1,3,8,Likhu Pike Gaunpalika,3,Ward - 3,242,1179,576,603,11104
1,3,8,Likhu Pike Gaunpalika,4,Ward - 4,229,966,499,467,11104
1,3,8,Likhu Pike Gaunpalika,5,Ward - 5,300,1325,662,663,11104
1,4,1,Chishankhu Gadhi Gaunpalika,1,Ward - 1,382,1564,764,800,11202
1,4,1,Chishankhu Gadhi Gaunpalika,2,Ward - 2,312,1207,570,637,11202
1,4,1,Chishankhu Gadhi Gaunpalika,3,Ward - 3,486,2033,1011,1022,11202
1,4,1,Chishankhu Gadhi Gaunpalika,4,Ward - 4,376,1779,905,874,11202
1,4,1,Chishankhu Gadhi Gaunpalika,5,Ward - 5,393,1654,823,831,11202
1,4,1,Chishankhu Gadhi Gaunpalika,6,Ward - 6,635,2759,1299,1460,11202
1,4,1,Chishankhu Gadhi Gaunpalika,7,Ward - 7,333,1373,689,684,11202
1,4,1,Chishankhu Gadhi Gaunpalika,8,Ward - 8,388,1475,723,752,11202
1,4,2,Siddhicharan Municipality,1,Ward - 1,443,1889,931,958,11207
1,4,2,Siddhicharan Municipality,2,Ward - 2,751,2766,1315,1451,11207
1,4,2,Siddhicharan Municipality,3,Ward - 3,615,2203,1066,1137,11207
1,4,2,Siddhicharan Municipality,4,Ward - 4,751,2682,1252,1430,11207
1,4,2,Siddhicharan Municipality,5,Ward - 5,734,2918,1397,1521,11207
1,4,2,Siddhicharan Municipality,6,Ward - 6,462,2022,987,1035,11207
1,4,2,Siddhicharan Municipality,7,Ward - 7,577,2285,1157,1128,11207
1,4,2,Siddhicharan Municipality,8,Ward - 8,423,1571,717,854,11207
1,4,2,Siddhicharan Municipality,9,Ward - 9,564,1982,921,1061,11207
1,4,2,Siddhicharan Municipality,10,Ward - 10,472,1814,830,984,11207
1,4,2,Siddhicharan Municipality,11,Ward - 11,838,3341,1623,1718,11207
1,4,2,Siddhicharan Municipality,12,Ward - 12,496,1878,901,977,11207
1,4,3,Molung Gaunpalika,1,Ward - 1,584,2224,1055,1169,11206
1,4,3,Molung Gaunpalika,2,Ward - 2,882,3327,1601,1726,11206
1,4,3,Molung Gaunpalika,3,Ward - 3,299,1206,589,617,11206
1,4,3,Molung Gaunpalika,4,Ward - 4,484,1899,892,1007,11206
1,4,3,Molung Gaunpalika,5,Ward - 5,347,1441,699,742,11206
1,4,3,Molung Gaunpalika,6,Ward - 6,527,2325,1166,1159,11206
1,4,3,Molung Gaunpalika,7,Ward - 7,455,2031,1039,992,11206
1,4,3,Molung Gaunpalika,8,Ward - 8,491,1987,986,1001,11206
1,4,4,Khiji Demba Gaunpalika,1,Ward - 1,438,1945,974,971,11203
1,4,4,Khiji Demba Gaunpalika,2,Ward - 2,353,1428,703,725,11203
1,4,4,Khiji Demba Gaunpalika,3,Ward - 3,287,1515,745,770,11203
1,4,4,Khiji Demba Gaunpalika,4,Ward - 4,373,1556,771,785,11203
1,4,4,Khiji Demba Gaunpalika,5,Ward - 5,440,1782,878,904,11203
1,4,4,Khiji Demba Gaunpalika,6,Ward - 6,488,2278,1168,1110,11203
1,4,4,Khiji Demba Gaunpalika,7,Ward - 7,360,1512,791,721,11203
1,4,4,Khiji Demba Gaunpalika,8,Ward - 8,343,1390,707,683,11203
1,4,4,Khiji Demba Gaunpalika,9,Ward - 9,356,2153,1094,1059,11203
1,4,5,Likhu Gaunpalika,1,Ward - 1,191,679,336,343,11204
1,4,5,Likhu Gaunpalika,2,Ward - 2,296,1073,523,550,11204
1,4,5,Likhu Gaunpalika,3,Ward - 3,359,1272,602,670,11204
1,4,5,Likhu Gaunpalika,4,Ward - 4,294,1066,489,577,11204
1,4,5,Likhu Gaunpalika,5,Ward - 5,351,1483,755,728,11204
1,4,5,Likhu Gaunpalika,6,Ward - 6,265,1112,549,563,11204
1,4,5,Likhu Gaunpalika,7,Ward - 7,327,1274,596,678,11204
1,4,5,Likhu Gaunpalika,8,Ward - 8,457,1742,857,885,11204
1,4,5,Likhu Gaunpalika,9,Ward - 9,621,2403,1211,1192,11204
1,4,6,Champadevi Gaunpalika,1,Ward - 1,554,2163,989,1174,11201
1,4,6,Champadevi Gaunpalika,2,Ward - 2,540,2445,1145,1300,11201
1,4,6,Champadevi Gaunpalika,3,Ward - 3,383,1509,747,762,11201
1,4,6,Champadevi Gaunpalika,4,Ward - 4,429,1746,880,866,11201
1,4,6,Champadevi Gaunpalika,5,Ward - 5,338,1410,683,727,11201
1,4,6,Champadevi Gaunpalika,6,Ward - 6,537,2018,961,1057,11201
1,4,6,Champadevi Gaunpalika,7,Ward - 7,321,1246,619,627,11201
1,4,6,Champadevi Gaunpalika,8,Ward - 8,272,1151,566,585,11201
1,4,6,Champadevi Gaunpalika,9,Ward - 9,269,1092,535,557,11201
1,4,6,Champadevi Gaunpalika,10,Ward - 10,391,1531,733,798,11201
1,4,7,Sunkoshi Gaunpalika,1,Ward - 1,484,2145,1051,1094,11208
1,4,7,Sunkoshi Gaunpalika,2,Ward - 2,433,1773,878,895,11208
1,4,7,Sunkoshi Gaunpalika,3,Ward - 3,445,1922,925,997,11208
1,4,7,Sunkoshi Gaunpalika,4,Ward - 4,452,2276,1139,1137,11208
1,4,7,Sunkoshi Gaunpalika,5,Ward - 5,489,1713,853,860,11208
1,4,7,Sunkoshi Gaunpalika,6,Ward - 6,403,1719,807,912,11208
1,4,7,Sunkoshi Gaunpalika,7,Ward - 7,353,1338,634,704,11208
1,4,7,Sunkoshi Gaunpalika,8,Ward - 8,307,1135,551,584,11208
1,4,7,Sunkoshi Gaunpalika,9,Ward - 9,506,1870,911,959,11208
1,4,7,Sunkoshi Gaunpalika,10,Ward - 10,496,1892,924,968,11208
1,4,8,Manebhanjyang Gaunpalika,1,Ward - 1,413,1640,782,858,11205
1,4,8,Manebhanjyang Gaunpalika,2,Ward - 2,548,2034,948,1086,11205
1,4,8,Manebhanjyang Gaunpalika,3,Ward - 3,734,2649,1239,1410,11205
1,4,8,Manebhanjyang Gaunpalika,4,Ward - 4,727,2819,1385,1434,11205
1,4,8,Manebhanjyang Gaunpalika,5,Ward - 5,685,3012,1469,1543,11205
1,4,8,Manebhanjyang Gaunpalika,6,Ward - 6,570,2714,1321,1393,11205
1,4,8,Manebhanjyang Gaunpalika,7,Ward - 7,364,1690,846,844,11205
1,4,8,Manebhanjyang Gaunpalika,8,Ward - 8,253,1019,466,553,11205
1,4,8,Manebhanjyang Gaunpalika,9,Ward - 9,491,2020,924,1096,11205
1,5,1,Kepilasgadhi Gaunpalika,1,Ward - 1,656,2767,1323,1444,11306
1,5,1,Kepilasgadhi Gaunpalika,2,Ward - 2,399,1526,789,737,11306
1,5,1,Kepilasgadhi Gaunpalika,3,Ward - 3,310,1212,593,619,11306
1,5,1,Kepilasgadhi Gaunpalika,4,Ward - 4,813,3083,1532,1551,11306
1,5,1,Kepilasgadhi Gaunpalika,5,Ward - 5,414,1716,821,895,11306
1,5,1,Kepilasgadhi Gaunpalika,6,Ward - 6,188,806,420,386,11306
1,5,1,Kepilasgadhi Gaunpalika,7,Ward - 7,538,2121,1057,1064,11306
1,5,2,Aiselukharka Gaunpalika,1,Ward - 1,481,1986,982,1004,11301
1,5,2,Aiselukharka Gaunpalika,2,Ward - 2,597,2315,1153,1162,11301
1,5,2,Aiselukharka Gaunpalika,3,Ward - 3,710,2849,1404,1445,11301
1,5,2,Aiselukharka Gaunpalika,4,Ward - 4,477,1792,872,920,11301
1,5,2,Aiselukharka Gaunpalika,5,Ward - 5,475,1995,983,1012,11301
1,5,2,Aiselukharka Gaunpalika,6,Ward - 6,264,1042,542,500,11301
1,5,2,Aiselukharka Gaunpalika,7,Ward - 7,351,1238,620,618,11301
1,5,3,Rawa Besi Gaunpalika,1,Ward - 1,457,1838,899,939,11308
1,5,3,Rawa Besi Gaunpalika,2,Ward - 2,413,1695,854,841,11308
1,5,3,Rawa Besi Gaunpalika,3,Ward - 3,538,2344,1120,1224,11308
1,5,3,Rawa Besi Gaunpalika,4,Ward - 4,525,2096,993,1103,11308
1,5,3,Rawa Besi Gaunpalika,5,Ward - 5,300,1248,584,664,11308
1,5,3,Rawa Besi Gaunpalika,6,Ward - 6,482,1978,938,1040,11308
1,5,4,Halesi Tuwachung Municipality,1,Ward - 1,563,2665,1362,1303,11304
1,5,4,Halesi Tuwachung Municipality,2,Ward - 2,463,2910,1480,1430,11304
1,5,4,Halesi Tuwachung Municipality,3,Ward - 3,579,2958,1478,1480,11304
1,5,4,Halesi Tuwachung Municipality,4,Ward - 4,329,1299,650,649,11304
1,5,4,Halesi Tuwachung Municipality,5,Ward - 5,767,3369,1632,1737,11304
1,5,4,Halesi Tuwachung Municipality,6,Ward - 6,444,1974,955,1019,11304
1,5,4,Halesi Tuwachung Municipality,7,Ward - 7,771,3092,1529,1563,11304
1,5,4,Halesi Tuwachung Municipality,8,Ward - 8,519,2150,1036,1114,11304
1,5,4,Halesi Tuwachung Municipality,9,Ward - 9,308,1195,580,615,11304
1,5,4,Halesi Tuwachung Municipality,10,Ward - 10,672,2783,1336,1447,11304
1,5,4,Halesi Tuwachung Municipality,11,Ward - 11,620,2683,1320,1363,11304
1,5,5,Diktel Rupakot Majhuwagadhi Municipality,1,Ward - 1,1822,6482,3158,3324,11309
1,5,5,Diktel Rupakot Majhuwagadhi Municipality,2,Ward - 2,924,3520,1711,1809,11309
1,5,5,Diktel Rupakot Majhuwagadhi Municipality,3,Ward - 3,725,2823,1333,1490,11309
1,5,5,Diktel Rupakot Majhuwagadhi Municipality,4,Ward - 4,630,2713,1321,1392,11309
1,5,5,Diktel Rupakot Majhuwagadhi Municipality,5,Ward - 5,595,2538,1205,1333,11309
1,5,5,Diktel Rupakot Majhuwagadhi Municipality,6,Ward - 6,644,2604,1277,1327,11309
1,5,5,Diktel Rupakot Majhuwagadhi Municipality,7,Ward - 7,603,2561,1258,1303,11309
1,5,5,Diktel Rupakot Majhuwagadhi Municipality,8,Ward - 8,471,2027,988,1039,11309
1,5,5,Diktel Rupakot Majhuwagadhi Municipality,9,Ward - 9,439,1772,873,899,11309
1,5,5,Diktel Rupakot Majhuwagadhi Municipality,10,Ward - 10,776,3382,1617,1765,11309
1,5,5,Diktel Rupakot Majhuwagadhi Municipality,11,Ward - 11,727,3034,1502,1532,11309
1,5,5,Diktel Rupakot Majhuwagadhi Municipality,12,Ward - 12,596,2399,1146,1253,11309
1,5,5,Diktel Rupakot Majhuwagadhi Municipality,13,Ward - 13,351,1401,685,716,11309
1,5,5,Diktel Rupakot Majhuwagadhi Municipality,14,Ward - 14,942,3802,1855,1947,11309
1,5,5,Diktel Rupakot Majhuwagadhi Municipality,15,Ward - 15,522,1950,894,1056,11309
1,5,6,Sakela Gaunpalika,1,Ward - 1,567,2599,1316,1283,11310
1,5,6,Sakela Gaunpalika,2,Ward - 2,514,1968,960,1008,11310
1,5,6,Sakela Gaunpalika,3,Ward - 3,403,1762,864,898,11310
1,5,6,Sakela Gaunpalika,4,Ward - 4,441,1850,951,899,11310
1,5,6,Sakela Gaunpalika,5,Ward - 5,374,1444,734,710,11310
1,5,7,Diprung Chuichumma Gaunpalika,1,Ward - 1,551,2367,1150,1217,11303
1,5,7,Diprung Chuichumma Gaunpalika,2,Ward - 2,522,2154,1028,1126,11303
1,5,7,Diprung Chuichumma Gaunpalika,3,Ward - 3,462,1895,950,945,11303
1,5,7,Diprung Chuichumma Gaunpalika,4,Ward - 4,679,3126,1563,1563,11303
1,5,7,Diprung Chuichumma Gaunpalika,5,Ward - 5,532,2368,1143,1225,11303
1,5,7,Diprung Chuichumma Gaunpalika,6,Ward - 6,374,1554,801,753,11303
1,5,7,Diprung Chuichumma Gaunpalika,7,Ward - 7,681,2841,1408,1433,11303
1,5,8,Khotehang Gaunpalika,1,Ward - 1,396,1610,801,809,11307
1,5,8,Khotehang Gaunpalika,2,Ward - 2,430,1782,878,904,11307
1,5,8,Khotehang Gaunpalika,3,Ward - 3,493,1988,972,1016,11307
1,5,8,Khotehang Gaunpalika,4,Ward - 4,446,1811,886,925,11307
1,5,8,Khotehang Gaunpalika,5,Ward - 5,213,958,491,467,11307
1,5,8,Khotehang Gaunpalika,6,Ward - 6,496,2043,1013,1030,11307
1,5,8,Khotehang Gaunpalika,7,Ward - 7,430,1624,787,837,11307
1,5,8,Khotehang Gaunpalika,8,Ward - 8,621,2469,1147,1322,11307
1,5,8,Khotehang Gaunpalika,9,Ward - 9,590,2561,1285,1276,11307
1,5,9,Jante Dhunga Gaunpalika,1,Ward - 1,378,1800,897,903,11305
1,5,9,Jante Dhunga Gaunpalika,2,Ward - 2,407,1860,948,912,11305
1,5,9,Jante Dhunga Gaunpalika,3,Ward - 3,334,1320,623,697,11305
1,5,9,Jante Dhunga Gaunpalika,4,Ward - 4,448,1993,998,995,11305
1,5,9,Jante Dhunga Gaunpalika,5,Ward - 5,848,3676,1779,1897,11305
1,5,9,Jante Dhunga Gaunpalika,6,Ward - 6,332,1367,665,702,11305
1,5,10,Baraha Pokhari Gaunpalika,1,Ward - 1,632,2925,1477,1448,11302
1,5,10,Baraha Pokhari Gaunpalika,2,Ward - 2,433,1879,903,976,11302
1,5,10,Baraha Pokhari Gaunpalika,3,Ward - 3,404,1643,815,828,11302
1,5,10,Baraha Pokhari Gaunpalika,4,Ward - 4,436,1878,912,966,11302
1,5,10,Baraha Pokhari Gaunpalika,5,Ward - 5,412,1954,994,960,11302
1,5,10,Baraha Pokhari Gaunpalika,6,Ward - 6,251,1118,569,549,11302
1,6,1,Shadananda Municipality,1,Ward - 1,844,3278,1640,1638,11008
1,6,1,Shadananda Municipality,2,Ward - 2,525,2093,1083,1010,11008
1,6,1,Shadananda Municipality,3,Ward - 3,343,1404,697,707,11008
1,6,1,Shadananda Municipality,4,Ward - 4,515,2070,1030,1040,11008
1,6,1,Shadananda Municipality,5,Ward - 5,504,2109,1044,1065,11008
1,6,1,Shadananda Municipality,6,Ward - 6,531,2021,987,1034,11008
1,6,1,Shadananda Municipality,7,Ward - 7,486,2026,1020,1006,11008
1,6,1,Shadananda Municipality,8,Ward - 8,564,2370,1170,1200,11008
1,6,1,Shadananda Municipality,9,Ward - 9,336,1310,659,651,11008
1,6,1,Shadananda Municipality,10,Ward - 10,740,2864,1410,1454,11008
1,6,1,Shadananda Municipality,11,Ward - 11,604,2450,1196,1254,11008
1,6,1,Shadananda Municipality,12,Ward - 12,570,2379,1183,1196,11008
1,6,1,Shadananda Municipality,13,Ward - 13,355,1315,634,681,11008
1,6,1,Shadananda Municipality,14,Ward - 14,394,1653,805,848,11008
1,6,2,Salpa Silichho Gaunpalika,1,Ward - 1,551,2200,1099,1101,11007
1,6,2,Salpa Silichho Gaunpalika,2,Ward - 2,477,2026,1001,1025,11007
1,6,2,Salpa Silichho Gaunpalika,3,Ward - 3,495,1931,942,989,11007
1,6,2,Salpa Silichho Gaunpalika,4,Ward - 4,431,1782,877,905,11007
1,6,2,Salpa Silichho Gaunpalika,5,Ward - 5,516,2034,1005,1029,11007
1,6,2,Salpa Silichho Gaunpalika,6,Ward - 6,528,2311,1184,1127,11007
1,6,3,Temkemaiyum Gaunpalika,1,Ward - 1,535,2051,1048,1003,11009
1,6,3,Temkemaiyum Gaunpalika,2,Ward - 2,563,2192,1094,1098,11009
1,6,3,Temkemaiyum Gaunpalika,3,Ward - 3,355,1430,709,721,11009
1,6,3,Temkemaiyum Gaunpalika,4,Ward - 4,262,1163,569,594,11009
1,6,3,Temkemaiyum Gaunpalika,5,Ward - 5,432,1682,828,854,11009
1,6,3,Temkemaiyum Gaunpalika,6,Ward - 6,337,1284,620,664,11009
1,6,3,Temkemaiyum Gaunpalika,7,Ward - 7,418,1726,834,892,11009
1,6,3,Temkemaiyum Gaunpalika,8,Ward - 8,457,1863,879,984,11009
1,6,3,Temkemaiyum Gaunpalika,9,Ward - 9,495,2073,1044,1029,11009
1,6,4,Bhojpur Municipality,1,Ward - 1,304,1268,645,623,11003
1,6,4,Bhojpur Municipality,2,Ward - 2,430,1882,972,910,11003
1,6,4,Bhojpur Municipality,3,Ward - 3,453,1830,887,943,11003
1,6,4,Bhojpur Municipality,4,Ward - 4,659,2678,1290,1388,11003
1,6,4,Bhojpur Municipality,5,Ward - 5,662,2579,1260,1319,11003
1,6,4,Bhojpur Municipality,6,Ward - 6,461,1800,838,962,11003
1,6,4,Bhojpur Municipality,7,Ward - 7,900,3106,1514,1592,11003
1,6,4,Bhojpur Municipality,8,Ward - 8,380,1398,661,737,11003
1,6,4,Bhojpur Municipality,9,Ward - 9,611,2187,1059,1128,11003
1,6,4,Bhojpur Municipality,10,Ward - 10,543,1997,980,1017,11003
1,6,4,Bhojpur Municipality,11,Ward - 11,529,2186,1077,1109,11003
1,6,4,Bhojpur Municipality,12,Ward - 12,812,3096,1462,1634,11003
1,6,5,Arun Gaunpalika,1,Ward - 1,654,2584,1250,1334,11002
1,6,5,Arun Gaunpalika,2,Ward - 2,588,2399,1183,1216,11002
1,6,5,Arun Gaunpalika,3,Ward - 3,487,1992,971,1021,11002
1,6,5,Arun Gaunpalika,4,Ward - 4,547,2305,1156,1149,11002
1,6,5,Arun Gaunpalika,5,Ward - 5,424,1854,883,971,11002
1,6,5,Arun Gaunpalika,6,Ward - 6,665,2681,1306,1375,11002
1,6,5,Arun Gaunpalika,7,Ward - 7,173,776,386,390,11002
1,6,6,Pauwa Dunma Gaunpalika,1,Ward - 1,520,2045,965,1080,11005
1,6,6,Pauwa Dunma Gaunpalika,2,Ward - 2,543,2355,1130,1225,11005
1,6,6,Pauwa Dunma Gaunpalika,3,Ward - 3,532,2297,1113,1184,11005
1,6,6,Pauwa Dunma Gaunpalika,4,Ward - 4,476,2146,1056,1090,11005
1,6,6,Pauwa Dunma Gaunpalika,5,Ward - 5,442,1864,882,982,11005
1,6,6,Pauwa Dunma Gaunpalika,6,Ward - 6,400,1400,697,703,11005
1,6,7,Ramprasad Rai Gaunpalika,1,Ward - 1,565,2460,1175,1285,11006
1,6,7,Ramprasad Rai Gaunpalika,2,Ward - 2,365,1508,734,774,11006
1,6,7,Ramprasad Rai Gaunpalika,3,Ward - 3,458,1966,955,1011,11006
1,6,7,Ramprasad Rai Gaunpalika,4,Ward - 4,519,2172,1065,1107,11006
1,6,7,Ramprasad Rai Gaunpalika,5,Ward - 5,456,1952,988,964,11006
1,6,7,Ramprasad Rai Gaunpalika,6,Ward - 6,550,2136,1056,1080,11006
1,6,7,Ramprasad Rai Gaunpalika,7,Ward - 7,459,1968,1002,966,11006
1,6,7,Ramprasad Rai Gaunpalika,8,Ward - 8,337,1511,759,752,11006
1,6,8,Hatuwagadhi Gaunpalika,1,Ward - 1,481,2049,1041,1008,11004
1,6,8,Hatuwagadhi Gaunpalika,2,Ward - 2,584,2493,1222,1271,11004
1,6,8,Hatuwagadhi Gaunpalika,3,Ward - 3,243,935,459,476,11004
1,6,8,Hatuwagadhi Gaunpalika,4,Ward - 4,486,2083,1021,1062,11004
1,6,8,Hatuwagadhi Gaunpalika,5,Ward - 5,514,1971,951,1020,11004
1,6,8,Hatuwagadhi Gaunpalika,6,Ward - 6,629,2305,1118,1187,11004
1,6,8,Hatuwagadhi Gaunpalika,7,Ward - 7,348,1332,656,676,11004
1,6,8,Hatuwagadhi Gaunpalika,8,Ward - 8,249,946,478,468,11004
1,6,8,Hatuwagadhi Gaunpalika,9,Ward - 9,500,2061,1028,1033,11004
1,6,9,Aamchowk Gaunpalika,1,Ward - 1,334,1353,646,707,11001
1,6,9,Aamchowk Gaunpalika,2,Ward - 2,350,1519,755,764,11001
1,6,9,Aamchowk Gaunpalika,3,Ward - 3,410,1770,857,913,11001
1,6,9,Aamchowk Gaunpalika,4,Ward - 4,364,1462,742,720,11001
1,6,9,Aamchowk Gaunpalika,5,Ward - 5,233,984,487,497,11001
1,6,9,Aamchowk Gaunpalika,6,Ward - 6,329,1463,733,730,11001
1,6,9,Aamchowk Gaunpalika,7,Ward - 7,242,974,482,492,11001
1,6,9,Aamchowk Gaunpalika,8,Ward - 8,326,1486,755,731,11001
1,6,9,Aamchowk Gaunpalika,9,Ward - 9,468,2081,1026,1055,11001
1,6,9,Aamchowk Gaunpalika,10,Ward - 10,423,1876,921,955,11001
1,7,1,Mahalaxmi Municipality,1,Ward - 1,691,3011,1477,1534,10705
1,7,1,Mahalaxmi Municipality,2,Ward - 2,650,2725,1342,1383,10705
1,7,1,Mahalaxmi Municipality,3,Ward - 3,424,1824,899,925,10705
1,7,1,Mahalaxmi Municipality,4,Ward - 4,749,3180,1545,1635,10705
1,7,1,Mahalaxmi Municipality,5,Ward - 5,555,2195,1078,1117,10705
1,7,1,Mahalaxmi Municipality,6,Ward - 6,445,1699,827,872,10705
1,7,1,Mahalaxmi Municipality,7,Ward - 7,831,3102,1523,1579,10705
1,7,1,Mahalaxmi Municipality,8,Ward - 8,495,2020,980,1040,10705
1,7,1,Mahalaxmi Municipality,9,Ward - 9,572,2426,1188,1238,10705
1,7,2,Pakhribas Municipality,1,Ward - 1,283,1086,539,547,10706
1,7,2,Pakhribas Municipality,2,Ward - 2,551,2178,1041,1137,10706
1,7,2,Pakhribas Municipality,3,Ward - 3,542,2098,1012,1086,10706
1,7,2,Pakhribas Municipality,4,Ward - 4,813,3077,1489,1588,10706
1,7,2,Pakhribas Municipality,5,Ward - 5,540,2086,1014,1072,10706
1,7,2,Pakhribas Municipality,6,Ward - 6,483,1908,922,986,10706
1,7,2,Pakhribas Municipality,7,Ward - 7,300,1212,560,652,10706
1,7,2,Pakhribas Municipality,8,Ward - 8,502,1988,955,1033,10706
1,7,2,Pakhribas Municipality,9,Ward - 9,447,1883,906,977,10706
1,7,2,Pakhribas Municipality,10,Ward - 10,383,1588,766,822,10706
1,7,3,Chhathar Jorpati Gaunpalika,1,Ward - 1,667,2726,1346,1380,10702
1,7,3,Chhathar Jorpati Gaunpalika,2,Ward - 2,824,3188,1559,1629,10702
1,7,3,Chhathar Jorpati Gaunpalika,3,Ward - 3,577,2170,1037,1133,10702
1,7,3,Chhathar Jorpati Gaunpalika,4,Ward - 4,453,1798,863,935,10702
1,7,3,Chhathar Jorpati Gaunpalika,5,Ward - 5,711,2891,1377,1514,10702
1,7,3,Chhathar Jorpati Gaunpalika,6,Ward - 6,916,3683,1764,1919,10702
1,7,4,Dhankuta Municipality,1,Ward - 1,1913,7113,3436,3677,10703
1,7,4,Dhankuta Municipality,2,Ward - 2,964,3833,1811,2022,10703
1,7,4,Dhankuta Municipality,3,Ward - 3,518,2112,1005,1107,10703
1,7,4,Dhankuta Municipality,4,Ward - 4,873,2889,1369,1520,10703
1,7,4,Dhankuta Municipality,5,Ward - 5,759,2805,1312,1493,10703
1,7,4,Dhankuta Municipality,6,Ward - 6,1153,4096,1966,2130,10703
1,7,4,Dhankuta Municipality,7,Ward - 7,1519,5216,2429,2787,10703
1,7,4,Dhankuta Municipality,8,Ward - 8,479,1844,869,975,10703
1,7,4,Dhankuta Municipality,9,Ward - 9,936,4006,1982,2024,10703
1,7,4,Dhankuta Municipality,10,Ward - 10,523,2069,1013,1056,10703
1,7,5,Shahidbhumi Gaunpalika,1,Ward - 1,604,2668,1341,1327,10704
1,7,5,Shahidbhumi Gaunpalika,2,Ward - 2,649,2980,1477,1503,10704
1,7,5,Shahidbhumi Gaunpalika,3,Ward - 3,658,3025,1519,1506,10704
1,7,5,Shahidbhumi Gaunpalika,4,Ward - 4,515,2189,1023,1166,10704
1,7,5,Shahidbhumi Gaunpalika,5,Ward - 5,380,1665,838,827,10704
1,7,5,Shahidbhumi Gaunpalika,6,Ward - 6,778,3109,1519,1590,10704
1,7,5,Shahidbhumi Gaunpalika,7,Ward - 7,506,2131,1060,1071,10704
1,7,6,Sangurigadhi Gaunpalika,1,Ward - 1,451,1878,941,937,10707
1,7,6,Sangurigadhi Gaunpalika,2,Ward - 2,387,1529,735,794,10707
1,7,6,Sangurigadhi Gaunpalika,3,Ward - 3,590,2179,1090,1089,10707
1,7,6,Sangurigadhi Gaunpalika,4,Ward - 4,369,1354,678,676,10707
1,7,6,Sangurigadhi Gaunpalika,5,Ward - 5,629,2389,1134,1255,10707
1,7,6,Sangurigadhi Gaunpalika,6,Ward - 6,697,2932,1471,1461,10707
1,7,6,Sangurigadhi Gaunpalika,7,Ward - 7,456,1701,833,868,10707
1,7,6,Sangurigadhi Gaunpalika,8,Ward - 8,515,2017,986,1031,10707
1,7,6,Sangurigadhi Gaunpalika,9,Ward - 9,491,1899,924,975,10707
1,7,6,Sangurigadhi Gaunpalika,10,Ward - 10,420,1683,799,884,10707
1,7,7,Chaubise Gaunpalika,1,Ward - 1,452,1741,834,907,10701
1,7,7,Chaubise Gaunpalika,2,Ward - 2,722,2716,1291,1425,10701
1,7,7,Chaubise Gaunpalika,3,Ward - 3,392,1554,775,779,10701
1,7,7,Chaubise Gaunpalika,4,Ward - 4,264,1129,564,565,10701
1,7,7,Chaubise Gaunpalika,5,Ward - 5,650,2588,1273,1315,10701
1,7,7,Chaubise Gaunpalika,6,Ward - 6,696,2712,1305,1407,10701
1,7,7,Chaubise Gaunpalika,7,Ward - 7,619,2474,1171,1303,10701
1,7,7,Chaubise Gaunpalika,8,Ward - 8,685,2763,1365,1398,10701
1,8,1,Aatharai Gaunpalika,1,Ward - 1,686,2741,1330,1411,10801
1,8,1,Aatharai Gaunpalika,2,Ward - 2,615,2487,1233,1254,10801
1,8,1,Aatharai Gaunpalika,3,Ward - 3,582,2516,1247,1269,10801
1,8,1,Aatharai Gaunpalika,4,Ward - 4,787,3226,1589,1637,10801
1,8,1,Aatharai Gaunpalika,5,Ward - 5,549,2394,1163,1231,10801
1,8,1,Aatharai Gaunpalika,6,Ward - 6,722,3030,1503,1527,10801
1,8,1,Aatharai Gaunpalika,7,Ward - 7,432,1762,891,871,10801
1,8,2,Phedap Gaunpalika,1,Ward - 1,889,3623,1776,1847,10806
1,8,2,Phedap Gaunpalika,2,Ward - 2,1006,4351,2116,2235,10806
1,8,2,Phedap Gaunpalika,3,Ward - 3,699,2850,1376,1474,10806
1,8,2,Phedap Gaunpalika,4,Ward - 4,472,1939,987,952,10806
1,8,2,Phedap Gaunpalika,5,Ward - 5,596,2406,1226,1180,10806
1,8,3,Menchhayayem Gaunpalika,1,Ward - 1,184,717,354,363,10804
1,8,3,Menchhayayem Gaunpalika,2,Ward - 2,236,932,445,487,10804
1,8,3,Menchhayayem Gaunpalika,3,Ward - 3,207,883,430,453,10804
1,8,3,Menchhayayem Gaunpalika,4,Ward - 4,279,1035,530,505,10804
1,8,3,Menchhayayem Gaunpalika,5,Ward - 5,422,1643,806,837,10804
1,8,3,Menchhayayem Gaunpalika,6,Ward - 6,375,1468,688,780,10804
1,8,4,Myanglung Municipality,1,Ward - 1,1039,3662,1750,1912,10805
1,8,4,Myanglung Municipality,2,Ward - 2,669,2336,1101,1235,10805
1,8,4,Myanglung Municipality,3,Ward - 3,244,958,448,510,10805
1,8,4,Myanglung Municipality,4,Ward - 4,332,1395,699,696,10805
1,8,4,Myanglung Municipality,5,Ward - 5,213,837,423,414,10805
1,8,4,Myanglung Municipality,6,Ward - 6,555,2184,1078,1106,10805
1,8,4,Myanglung Municipality,7,Ward - 7,465,1903,947,956,10805
1,8,4,Myanglung Municipality,8,Ward - 8,356,1534,764,770,10805
1,8,4,Myanglung Municipality,9,Ward - 9,544,2169,1053,1116,10805
1,8,4,Myanglung Municipality,10,Ward - 10,455,1772,851,921,10805
1,8,5,Laligurans Municipality,1,Ward - 1,302,1233,588,645,10803
1,8,5,Laligurans Municipality,2,Ward - 2,569,1958,945,1013,10803
1,8,5,Laligurans Municipality,3,Ward - 3,345,1536,744,792,10803
1,8,5,Laligurans Municipality,4,Ward - 4,373,1558,764,794,10803
1,8,5,Laligurans Municipality,5,Ward - 5,528,2221,1073,1148,10803
1,8,5,Laligurans Municipality,6,Ward - 6,373,1521,717,804,10803
1,8,5,Laligurans Municipality,7,Ward - 7,410,1750,850,900,10803
1,8,5,Laligurans Municipality,8,Ward - 8,386,1614,809,805,10803
1,8,5,Laligurans Municipality,9,Ward - 9,473,1938,923,1015,10803
1,8,6,Chhathar Gaunpalika,1,Ward - 1,441,1721,823,898,10802
1,8,6,Chhathar Gaunpalika,2,Ward - 2,788,3107,1494,1613,10802
1,8,6,Chhathar Gaunpalika,3,Ward - 3,346,1452,698,754,10802
1,8,6,Chhathar Gaunpalika,4,Ward - 4,485,1850,912,938,10802
1,8,6,Chhathar Gaunpalika,5,Ward - 5,724,3114,1541,1573,10802
1,8,6,Chhathar Gaunpalika,6,Ward - 6,692,2953,1463,1490,10802
1,9,1,Yangbarak Gaunpalika,1,Ward - 1,511,2154,1062,1092,10208
1,9,1,Yangbarak Gaunpalika,2,Ward - 2,680,3110,1619,1491,10208
1,9,1,Yangbarak Gaunpalika,3,Ward - 3,798,3378,1731,1647,10208
1,9,1,Yangbarak Gaunpalika,4,Ward - 4,755,3154,1563,1591,10208
1,9,1,Yangbarak Gaunpalika,5,Ward - 5,570,2328,1164,1164,10208
1,9,1,Yangbarak Gaunpalika,6,Ward - 6,642,2697,1375,1322,10208
1,9,2,Hilihan Gaunpalika,1,Ward - 1,581,2314,1124,1190,10203
1,9,2,Hilihan Gaunpalika,2,Ward - 2,709,3020,1494,1526,10203
1,9,2,Hilihan Gaunpalika,3,Ward - 3,515,2153,1068,1085,10203
1,9,2,Hilihan Gaunpalika,4,Ward - 4,451,1901,932,969,10203
1,9,2,Hilihan Gaunpalika,5,Ward - 5,805,3456,1732,1724,10203
1,9,2,Hilihan Gaunpalika,6,Ward - 6,752,3053,1470,1583,10203
1,9,2,Hilihan Gaunpalika,7,Ward - 7,775,3188,1566,1622,10203
1,9,3,Falelung Gaunpalika,1,Ward - 1,502,2092,1035,1057,10201
1,9,3,Falelung Gaunpalika,2,Ward - 2,691,2771,1372,1399,10201
1,9,3,Falelung Gaunpalika,3,Ward - 3,723,2924,1459,1465,10201
1,9,3,Falelung Gaunpalika,4,Ward - 4,508,2184,1100,1084,10201
1,9,3,Falelung Gaunpalika,5,Ward - 5,858,3436,1702,1734,10201
1,9,3,Falelung Gaunpalika,6,Ward - 6,426,1748,893,855,10201
1,9,3,Falelung Gaunpalika,7,Ward - 7,590,2609,1276,1333,10201
1,9,3,Falelung Gaunpalika,8,Ward - 8,617,2597,1282,1315,10201
1,9,4,Phidim Municipality,1,Ward - 1,2558,8944,4343,4601,10206
1,9,4,Phidim Municipality,2,Ward - 2,1087,4113,2002,2111,10206
1,9,4,Phidim Municipality,3,Ward - 3,532,2242,1069,1173,10206
1,9,4,Phidim Municipality,4,Ward - 4,1139,4381,2142,2239,10206
1,9,4,Phidim Municipality,5,Ward - 5,751,3067,1486,1581,10206
1,9,4,Phidim Municipality,6,Ward - 6,805,3332,1604,1728,10206
1,9,4,Phidim Municipality,7,Ward - 7,654,2658,1298,1360,10206
1,9,4,Phidim Municipality,8,Ward - 8,745,3002,1437,1565,10206
1,9,4,Phidim Municipality,9,Ward - 9,496,1992,980,1012,10206
1,9,4,Phidim Municipality,10,Ward - 10,614,2638,1280,1358,10206
1,9,4,Phidim Municipality,11,Ward - 11,724,2943,1447,1496,10206
1,9,4,Phidim Municipality,12,Ward - 12,766,3199,1566,1633,10206
1,9,4,Phidim Municipality,13,Ward - 13,754,3124,1565,1559,10206
1,9,4,Phidim Municipality,14,Ward - 14,711,2860,1460,1400,10206
1,9,5,Falgunanda Gaunpalika,1,Ward - 1,848,3445,1677,1768,10202
1,9,5,Falgunanda Gaunpalika,2,Ward - 2,489,1910,956,954,10202
1,9,5,Falgunanda Gaunpalika,3,Ward - 3,1042,4127,2025,2102,10202
1,9,5,Falgunanda Gaunpalika,4,Ward - 4,840,3385,1652,1733,10202
1,9,5,Falgunanda Gaunpalika,5,Ward - 5,904,3612,1793,1819,10202
1,9,5,Falgunanda Gaunpalika,6,Ward - 6,583,2497,1179,1318,10202
1,9,5,Falgunanda Gaunpalika,7,Ward - 7,572,2313,1125,1188,10202
1,9,6,Kummayak Gaunpalika,1,Ward - 1,897,3472,1690,1782,10204
1,9,6,Kummayak Gaunpalika,2,Ward - 2,755,3118,1532,1586,10204
1,9,6,Kummayak Gaunpalika,3,Ward - 3,430,1761,906,855,10204
1,9,6,Kummayak Gaunpalika,4,Ward - 4,464,1816,943,873,10204
1,9,6,Kummayak Gaunpalika,5,Ward - 5,612,2579,1219,1360,10204
1,9,7,Tumbewa Gaunpalika,1,Ward - 1,498,1962,974,988,10207
1,9,7,Tumbewa Gaunpalika,2,Ward - 2,576,2527,1234,1293,10207
1,9,7,Tumbewa Gaunpalika,3,Ward - 3,509,2174,1106,1068,10207
1,9,7,Tumbewa Gaunpalika,4,Ward - 4,579,2184,1078,1106,10207
1,9,7,Tumbewa Gaunpalika,5,Ward - 5,585,2342,1185,1157,10207
1,9,8,Miklajung Gaunpalika,1,Ward - 1,564,2245,1107,1138,10205
1,9,8,Miklajung Gaunpalika,2,Ward - 2,698,2684,1306,1378,10205
1,9,8,Miklajung Gaunpalika,3,Ward - 3,715,2900,1433,1467,10205
1,9,8,Miklajung Gaunpalika,4,Ward - 4,1132,4098,2049,2049,10205
1,9,8,Miklajung Gaunpalika,5,Ward - 5,758,3032,1508,1524,10205
1,9,8,Miklajung Gaunpalika,6,Ward - 6,436,1593,813,780,10205
1,9,8,Miklajung Gaunpalika,7,Ward - 7,490,1907,960,947,10205
1,9,8,Miklajung Gaunpalika,8,Ward - 8,666,2602,1278,1324,10205
1,10,1,Mai Jogmai Gaunpalika,1,Ward - 1,1067,4066,2076,1990,10306
1,10,1,Mai Jogmai Gaunpalika,2,Ward - 2,665,2602,1336,1266,10306
1,10,1,Mai Jogmai Gaunpalika,3,Ward - 3,674,2634,1335,1299,10306
1,10,1,Mai Jogmai Gaunpalika,4,Ward - 4,732,2745,1372,1373,10306
1,10,1,Mai Jogmai Gaunpalika,5,Ward - 5,1177,4630,2367,2263,10306
1,10,1,Mai Jogmai Gaunpalika,6,Ward - 6,627,2454,1227,1227,10306
1,10,2,Sandakpur Gaunpalika,1,Ward - 1,686,2610,1347,1263,10309
1,10,2,Sandakpur Gaunpalika,2,Ward - 2,843,3219,1687,1532,10309
1,10,2,Sandakpur Gaunpalika,3,Ward - 3,898,3581,1777,1804,10309
1,10,2,Sandakpur Gaunpalika,4,Ward - 4,788,3005,1516,1489,10309
1,10,2,Sandakpur Gaunpalika,5,Ward - 5,798,3029,1530,1499,10309
1,10,3,Illam Municipality,1,Ward - 1,1178,4569,2226,2343,10304
1,10,3,Illam Municipality,2,Ward - 2,617,2453,1206,1247,10304
1,10,3,Illam Municipality,3,Ward - 3,738,3125,1551,1574,10304
1,10,3,Illam Municipality,4,Ward - 4,775,3034,1501,1533,10304
1,10,3,Illam Municipality,5,Ward - 5,1321,5187,2561,2626,10304
1,10,3,Illam Municipality,6,Ward - 6,1229,4511,2162,2349,10304
1,10,3,Illam Municipality,7,Ward - 7,1424,5009,2411,2598,10304
1,10,3,Illam Municipality,8,Ward - 8,1228,4566,2200,2366,10304
1,10,3,Illam Municipality,9,Ward - 9,1645,6424,3068,3356,10304
1,10,3,Illam Municipality,10,Ward - 10,1201,4611,2262,2349,10304
1,10,3,Illam Municipality,11,Ward - 11,854,3535,1775,1760,10304
1,10,3,Illam Municipality,12,Ward - 12,742,3061,1488,1573,10304
1,10,4,Deumai Municipality,1,Ward - 1,962,4126,2075,2051,10302
1,10,4,Deumai Municipality,2,Ward - 2,838,3280,1618,1662,10302
1,10,4,Deumai Municipality,3,Ward - 3,962,3869,1920,1949,10302
1,10,4,Deumai Municipality,4,Ward - 4,827,3262,1615,1647,10302
1,10,4,Deumai Municipality,5,Ward - 5,879,3568,1745,1823,10302
1,10,4,Deumai Municipality,6,Ward - 6,662,2604,1295,1309,10302
1,10,4,Deumai Municipality,7,Ward - 7,767,3000,1497,1503,10302
1,10,4,Deumai Municipality,8,Ward - 8,780,3050,1513,1537,10302
1,10,4,Deumai Municipality,9,Ward - 9,1009,4210,2070,2140,10302
1,10,5,Fakfokathum Gaunpalika,1,Ward - 1,857,3461,1730,1731,10303
1,10,5,Fakfokathum Gaunpalika,2,Ward - 2,656,2636,1329,1307,10303
1,10,5,Fakfokathum Gaunpalika,3,Ward - 3,688,2712,1362,1350,10303
1,10,5,Fakfokathum Gaunpalika,4,Ward - 4,841,3375,1652,1723,10303
1,10,5,Fakfokathum Gaunpalika,5,Ward - 5,538,2201,1115,1086,10303
1,10,5,Fakfokathum Gaunpalika,6,Ward - 6,590,2463,1198,1265,10303
1,10,5,Fakfokathum Gaunpalika,7,Ward - 7,728,2858,1415,1443,10303
1,10,6,Mangsebung Gaunpalika,1,Ward - 1,753,3067,1542,1525,10307
1,10,6,Mangsebung Gaunpalika,2,Ward - 2,781,3493,1756,1737,10307
1,10,6,Mangsebung Gaunpalika,3,Ward - 3,801,3553,1817,1736,10307
1,10,6,Mangsebung Gaunpalika,4,Ward - 4,453,1913,993,920,10307
1,10,6,Mangsebung Gaunpalika,5,Ward - 5,593,2659,1323,1336,10307
1,10,6,Mangsebung Gaunpalika,6,Ward - 6,508,2125,1046,1079,10307
1,10,7,Chulachuli Gaunpalika,1,Ward - 1,1236,5222,2518,2704,10301
1,10,7,Chulachuli Gaunpalika,2,Ward - 2,976,4031,1932,2099,10301
1,10,7,Chulachuli Gaunpalika,3,Ward - 3,1049,4301,2108,2193,10301
1,10,7,Chulachuli Gaunpalika,4,Ward - 4,808,3313,1644,1669,10301
1,10,7,Chulachuli Gaunpalika,5,Ward - 5,731,3001,1508,1493,10301
1,10,7,Chulachuli Gaunpalika,6,Ward - 6,813,3289,1624,1665,10301
1,10,8,Mai Municipality,1,Ward - 1,834,3126,1575,1551,10305
1,10,8,Mai Municipality,2,Ward - 2,790,3148,1551,1597,10305
1,10,8,Mai Municipality,3,Ward - 3,609,2387,1165,1222,10305
1,10,8,Mai Municipality,4,Ward - 4,996,3727,1780,1947,10305
1,10,8,Mai Municipality,5,Ward - 5,1014,3849,1892,1957,10305
1,10,8,Mai Municipality,6,Ward - 6,756,3011,1502,1509,10305
1,10,8,Mai Municipality,7,Ward - 7,755,2922,1441,1481,10305
1,10,8,Mai Municipality,8,Ward - 8,881,3422,1704,1718,10305
1,10,8,Mai Municipality,9,Ward - 9,668,2603,1286,1317,10305
1,10,8,Mai Municipality,10,Ward - 10,636,2537,1234,1303,10305
1,10,9,Suryodaya Municipality,1,Ward - 1,1268,4909,2480,2429,10310
1,10,9,Suryodaya Municipality,2,Ward - 2,890,3522,1742,1780,10310
1,10,9,Suryodaya Municipality,3,Ward - 3,962,3903,1981,1922,10310
1,10,9,Suryodaya Municipality,4,Ward - 4,1323,5127,2586,2541,10310
1,10,9,Suryodaya Municipality,5,Ward - 5,1070,4297,2186,2111,10310
1,10,9,Suryodaya Municipality,6,Ward - 6,761,2843,1420,1423,10310
1,10,9,Suryodaya Municipality,7,Ward - 7,573,2177,1112,1065,10310
1,10,9,Suryodaya Municipality,8,Ward - 8,1102,4258,2161,2097,10310
1,10,9,Suryodaya Municipality,9,Ward - 9,1196,4764,2359,2405,10310
1,10,9,Suryodaya Municipality,10,Ward - 10,1299,4961,2431,2530,10310
1,10,9,Suryodaya Municipality,11,Ward - 11,1066,4153,2068,2085,10310
1,10,9,Suryodaya Municipality,12,Ward - 12,1025,3930,1954,1976,10310
1,10,9,Suryodaya Municipality,13,Ward - 13,612,2515,1257,1258,10310
1,10,9,Suryodaya Municipality,14,Ward - 14,885,3368,1645,1723,10310
1,10,10,Rong Gaunpalika,1,Ward - 1,531,1983,989,994,10308
1,10,10,Rong Gaunpalika,2,Ward - 2,689,2622,1299,1323,10308
1,10,10,Rong Gaunpalika,3,Ward - 3,909,3530,1768,1762,10308
1,10,10,Rong Gaunpalika,4,Ward - 4,579,2232,1089,1143,10308
1,10,10,Rong Gaunpalika,5,Ward - 5,701,2738,1391,1347,10308
1,10,10,Rong Gaunpalika,6,Ward - 6,1128,4262,2154,2108,10308
1,11,1,Mechinagar Municipality,1,Ward - 1,1536,6341,3120,3221,10414
1,11,1,Mechinagar Municipality,2,Ward - 2,1722,6804,3294,3510,10414
1,11,1,Mechinagar Municipality,3,Ward - 3,1811,7227,3480,3747,10414
1,11,1,Mechinagar Municipality,4,Ward - 4,1343,5439,2619,2820,10414
1,11,1,Mechinagar Municipality,5,Ward - 5,1332,5326,2496,2830,10414
1,11,1,Mechinagar Municipality,6,Ward - 6,4004,15738,7478,8260,10414
1,11,1,Mechinagar Municipality,7,Ward - 7,3135,13188,6425,6763,10414
1,11,1,Mechinagar Municipality,8,Ward - 8,2050,8296,3923,4373,10414
1,11,1,Mechinagar Municipality,9,Ward - 9,3043,11989,5707,6282,10414
1,11,1,Mechinagar Municipality,10,Ward - 10,3656,15500,7612,7888,10414
1,11,1,Mechinagar Municipality,11,Ward - 11,1595,6550,3104,3446,10414
1,11,1,Mechinagar Municipality,12,Ward - 12,2014,8139,3799,4340,10414
1,11,1,Mechinagar Municipality,13,Ward - 13,1910,7404,3561,3843,10414
1,11,1,Mechinagar Municipality,14,Ward - 14,1653,6904,3357,3547,10414
1,11,1,Mechinagar Municipality,15,Ward - 15,1891,8228,4026,4202,10414
1,11,2,Buddhashanti Gaunpalika,1,Ward - 1,2627,10387,5006,5381,10405
1,11,2,Buddhashanti Gaunpalika,2,Ward - 2,2220,9149,4349,4800,10405
1,11,2,Buddhashanti Gaunpalika,3,Ward - 3,3069,12240,5738,6502,10405
1,11,2,Buddhashanti Gaunpalika,4,Ward - 4,2954,11692,5585,6107,10405
1,11,2,Buddhashanti Gaunpalika,5,Ward - 5,991,4027,1956,2071,10405
1,11,2,Buddhashanti Gaunpalika,6,Ward - 6,835,3250,1580,1670,10405
1,11,2,Buddhashanti Gaunpalika,7,Ward - 7,589,2265,1046,1219,10405
1,11,3,Arjundhara Municipality,1,Ward - 1,1650,6604,3162,3442,10401
1,11,3,Arjundhara Municipality,2,Ward - 2,1397,5523,2648,2875,10401
1,11,3,Arjundhara Municipality,3,Ward - 3,1670,6676,3176,3500,10401
1,11,3,Arjundhara Municipality,4,Ward - 4,1564,6376,3044,3332,10401
1,11,3,Arjundhara Municipality,5,Ward - 5,2413,9818,4703,5115,10401
1,11,3,Arjundhara Municipality,6,Ward - 6,2895,11353,5433,5920,10401
1,11,3,Arjundhara Municipality,7,Ward - 7,1161,4722,2338,2384,10401
1,11,3,Arjundhara Municipality,8,Ward - 8,1588,6510,3152,3358,10401
1,11,3,Arjundhara Municipality,9,Ward - 9,1983,7897,3803,4094,10401
1,11,3,Arjundhara Municipality,10,Ward - 10,1656,6898,3266,3632,10401
1,11,3,Arjundhara Municipality,11,Ward - 11,2958,11641,5455,6186,10401
1,11,4,Kankai Municipality,1,Ward - 1,1211,4947,2360,2587,10413
1,11,4,Kankai Municipality,2,Ward - 2,1223,4998,2344,2654,10413
1,11,4,Kankai Municipality,3,Ward - 3,3357,13196,6196,7000,10413
1,11,4,Kankai Municipality,4,Ward - 4,1834,7446,3566,3880,10413
1,11,4,Kankai Municipality,5,Ward - 5,1503,6349,2952,3397,10413
1,11,4,Kankai Municipality,6,Ward - 6,673,2672,1296,1376,10413
1,11,4,Kankai Municipality,7,Ward - 7,1146,4537,2193,2344,10413
1,11,4,Kankai Municipality,8,Ward - 8,1356,5377,2533,2844,10413
1,11,4,Kankai Municipality,9,Ward - 9,866,3626,1750,1876,10413
1,11,5,Shivasatakshi Municipality,1,Ward - 1,1528,6203,2872,3331,10415
1,11,5,Shivasatakshi Municipality,2,Ward - 2,1449,5997,2833,3164,10415
1,11,5,Shivasatakshi Municipality,3,Ward - 3,1112,4535,2167,2368,10415
1,11,5,Shivasatakshi Municipality,4,Ward - 4,1496,6221,2927,3294,10415
1,11,5,Shivasatakshi Municipality,5,Ward - 5,1126,4633,2190,2443,10415
1,11,5,Shivasatakshi Municipality,6,Ward - 6,1467,6088,2915,3173,10415
1,11,5,Shivasatakshi Municipality,7,Ward - 7,1960,8034,3762,4272,10415
1,11,5,Shivasatakshi Municipality,8,Ward - 8,2328,9409,4471,4938,10415
1,11,5,Shivasatakshi Municipality,9,Ward - 9,1647,6642,3105,3537,10415
1,11,5,Shivasatakshi Municipality,10,Ward - 10,1886,7340,3516,3824,10415
1,11,5,Shivasatakshi Municipality,11,Ward - 11,2254,8975,4197,4778,10415
1,11,6,Kamal Gaunpalika,1,Ward - 1,1584,6741,3214,3527,10412
1,11,6,Kamal Gaunpalika,2,Ward - 2,1630,6668,3143,3525,10412
1,11,6,Kamal Gaunpalika,3,Ward - 3,1559,6421,2997,3424,10412
1,11,6,Kamal Gaunpalika,4,Ward - 4,1994,8000,3741,4259,10412
1,11,6,Kamal Gaunpalika,5,Ward - 5,2706,10852,5130,5722,10412
1,11,6,Kamal Gaunpalika,6,Ward - 6,1880,7910,3811,4099,10412
1,11,6,Kamal Gaunpalika,7,Ward - 7,1812,7302,3390,3912,10412
1,11,7,Damak Municipality,1,Ward - 1,3669,13738,6314,7424,10406
1,11,7,Damak Municipality,2,Ward - 2,2880,11632,5494,6138,10406
1,11,7,Damak Municipality,3,Ward - 3,2687,11037,5236,5801,10406
1,11,7,Damak Municipality,4,Ward - 4,2900,11297,5413,5884,10406
1,11,7,Damak Municipality,5,Ward - 5,4084,15171,7096,8075,10406
1,11,7,Damak Municipality,6,Ward - 6,1645,6378,3106,3272,10406
1,11,7,Damak Municipality,7,Ward - 7,1801,7387,3552,3835,10406
1,11,7,Damak Municipality,8,Ward - 8,2812,10717,5156,5561,10406
1,11,7,Damak Municipality,9,Ward - 9,3657,13996,6673,7323,10406
1,11,7,Damak Municipality,10,Ward - 10,1434,5874,2779,3095,10406
1,11,8,Gauradaha Municipality,1,Ward - 1,2483,9780,4622,5158,10407
1,11,8,Gauradaha Municipality,2,Ward - 2,1254,4933,2361,2572,10407
1,11,8,Gauradaha Municipality,3,Ward - 3,1146,4713,2275,2438,10407
1,11,8,Gauradaha Municipality,4,Ward - 4,1777,7461,3508,3953,10407
1,11,8,Gauradaha Municipality,5,Ward - 5,1992,8138,3846,4292,10407
1,11,8,Gauradaha Municipality,6,Ward - 6,1638,6677,3166,3511,10407
1,11,8,Gauradaha Municipality,7,Ward - 7,1703,6875,3250,3625,10407
1,11,8,Gauradaha Municipality,8,Ward - 8,1355,5599,2669,2930,10407
1,11,8,Gauradaha Municipality,9,Ward - 9,1498,6275,2998,3277,10407
1,11,9,Gauriganj Gaunpalika,1,Ward - 1,1780,7208,3402,3806,10408
1,11,9,Gauriganj Gaunpalika,2,Ward - 2,1505,6250,3027,3223,10408
1,11,9,Gauriganj Gaunpalika,3,Ward - 3,1730,7085,3308,3777,10408
1,11,9,Gauriganj Gaunpalika,4,Ward - 4,1135,4842,2349,2493,10408
1,11,9,Gauriganj Gaunpalika,5,Ward - 5,1027,4276,2014,2262,10408
1,11,9,Gauriganj Gaunpalika,6,Ward - 6,1370,5845,2807,3038,10408
1,11,10,Jhapa Gaunpalika,1,Ward - 1,1095,4937,2347,2590,10410
1,11,10,Jhapa Gaunpalika,2,Ward - 2,1189,5186,2500,2686,10410
1,11,10,Jhapa Gaunpalika,3,Ward - 3,1388,6308,3040,3268,10410
1,11,10,Jhapa Gaunpalika,4,Ward - 4,1197,6305,3083,3222,10410
1,11,10,Jhapa Gaunpalika,5,Ward - 5,1215,6133,3028,3105,10410
1,11,10,Jhapa Gaunpalika,6,Ward - 6,1359,5757,2744,3013,10410
1,11,10,Jhapa Gaunpalika,7,Ward - 7,1072,4676,2212,2464,10410
1,11,11,Barhadashi Gaunpalika,1,Ward - 1,1068,4551,2171,2380,10402
1,11,11,Barhadashi Gaunpalika,2,Ward - 2,1493,6264,2939,3325,10402
1,11,11,Barhadashi Gaunpalika,3,Ward - 3,1624,6742,3226,3516,10402
1,11,11,Barhadashi Gaunpalika,4,Ward - 4,1040,4448,2106,2342,10402
1,11,11,Barhadashi Gaunpalika,5,Ward - 5,1749,7307,3428,3879,10402
1,11,11,Barhadashi Gaunpalika,6,Ward - 6,1271,5360,2628,2732,10402
1,11,11,Barhadashi Gaunpalika,7,Ward - 7,790,3274,1540,1734,10402
1,11,12,Birtamod Municipality,1,Ward - 1,3735,13707,6670,7037,10404
1,11,12,Birtamod Municipality,2,Ward - 2,3339,13415,6500,6915,10404
1,11,12,Birtamod Municipality,3,Ward - 3,3371,13283,6401,6882,10404
1,11,12,Birtamod Municipality,4,Ward - 4,4384,16668,8121,8547,10404
1,11,12,Birtamod Municipality,5,Ward - 5,6156,22484,10718,11766,10404
1,11,12,Birtamod Municipality,6,Ward - 6,2182,8710,4232,4478,10404
1,11,12,Birtamod Municipality,7,Ward - 7,1935,8273,4006,4267,10404
1,11,12,Birtamod Municipality,8,Ward - 8,1410,5937,2839,3098,10404
1,11,12,Birtamod Municipality,9,Ward - 9,1345,5546,2682,2864,10404
1,11,12,Birtamod Municipality,10,Ward - 10,1995,8169,3936,4233,10404
1,11,13,Haldibari Gaunpalika,1,Ward - 1,2015,8331,3920,4411,10409
1,11,13,Haldibari Gaunpalika,2,Ward - 2,2290,9414,4565,4849,10409
1,11,13,Haldibari Gaunpalika,3,Ward - 3,1260,5334,2546,2788,10409
1,11,13,Haldibari Gaunpalika,4,Ward - 4,1387,5856,2768,3088,10409
1,11,13,Haldibari Gaunpalika,5,Ward - 5,926,3787,1812,1975,10409
1,11,14,Bhadrapur Municipality,1,Ward - 1,1454,5841,2690,3151,10403
1,11,14,Bhadrapur Municipality,2,Ward - 2,1928,7568,3511,4057,10403
1,11,14,Bhadrapur Municipality,3,Ward - 3,1646,6677,3189,3488,10403
1,11,14,Bhadrapur Municipality,4,Ward - 4,1692,7077,3382,3695,10403
1,11,14,Bhadrapur Municipality,5,Ward - 5,1503,6822,3346,3476,10403
1,11,14,Bhadrapur Municipality,6,Ward - 6,1651,7154,3575,3579,10403
1,11,14,Bhadrapur Municipality,7,Ward - 7,2023,8193,3911,4282,10403
1,11,14,Bhadrapur Municipality,8,Ward - 8,1484,5698,2735,2963,10403
1,11,14,Bhadrapur Municipality,9,Ward - 9,1856,7787,3723,4064,10403
1,11,14,Bhadrapur Municipality,10,Ward - 10,2092,8096,3828,4268,10403
1,11,15,Kachanakawal Gaunpalika,1,Ward - 1,1710,7220,3381,3839,10411
1,11,15,Kachanakawal Gaunpalika,2,Ward - 2,969,3981,1903,2078,10411
1,11,15,Kachanakawal Gaunpalika,3,Ward - 3,1585,6410,3061,3349,10411
1,11,15,Kachanakawal Gaunpalika,4,Ward - 4,1501,6479,3009,3470,10411
1,11,15,Kachanakawal Gaunpalika,5,Ward - 5,1112,4732,2213,2519,10411
1,11,15,Kachanakawal Gaunpalika,6,Ward - 6,1594,6476,3093,3383,10411
1,11,15,Kachanakawal Gaunpalika,7,Ward - 7,1475,6019,2897,3122,10411
1,12,1,Miklajung Gaunpalika,1,Ward - 1,701,3042,1558,1484,10511
1,12,1,Miklajung Gaunpalika,2,Ward - 2,691,2792,1364,1428,10511
1,12,1,Miklajung Gaunpalika,3,Ward - 3,1023,3956,1881,2075,10511
1,12,1,Miklajung Gaunpalika,4,Ward - 4,865,3340,1571,1769,10511
1,12,1,Miklajung Gaunpalika,5,Ward - 5,432,1639,787,852,10511
1,12,1,Miklajung Gaunpalika,6,Ward - 6,1541,6202,2954,3248,10511
1,12,1,Miklajung Gaunpalika,7,Ward - 7,1244,4778,2249,2529,10511
1,12,1,Miklajung Gaunpalika,8,Ward - 8,600,2445,1152,1293,10511
1,12,1,Miklajung Gaunpalika,9,Ward - 9,1212,4973,2372,2601,10511
1,12,2,Letang Municipality,1,Ward - 1,898,3722,1764,1958,10510
1,12,2,Letang Municipality,2,Ward - 2,1309,5202,2477,2725,10510
1,12,2,Letang Municipality,3,Ward - 3,1380,5615,2633,2982,10510
1,12,2,Letang Municipality,4,Ward - 4,685,2846,1308,1538,10510
1,12,2,Letang Municipality,5,Ward - 5,1370,5661,2637,3024,10510
1,12,2,Letang Municipality,6,Ward - 6,904,3575,1662,1913,10510
1,12,2,Letang Municipality,7,Ward - 7,758,3164,1610,1554,10510
1,12,2,Letang Municipality,8,Ward - 8,922,3813,1824,1989,10510
1,12,2,Letang Municipality,9,Ward - 9,1131,4554,2123,2431,10510
1,12,3,Kerabari Gaunpalika,1,Ward - 1,476,1994,973,1021,10509
1,12,3,Kerabari Gaunpalika,2,Ward - 2,562,2192,1063,1129,10509
1,12,3,Kerabari Gaunpalika,3,Ward - 3,812,3390,1647,1743,10509
1,12,3,Kerabari Gaunpalika,4,Ward - 4,415,1682,838,844,10509
1,12,3,Kerabari Gaunpalika,5,Ward - 5,944,3892,1839,2053,10509
1,12,3,Kerabari Gaunpalika,6,Ward - 6,982,3991,1924,2067,10509
1,12,3,Kerabari Gaunpalika,7,Ward - 7,1034,4169,1967,2202,10509
1,12,3,Kerabari Gaunpalika,8,Ward - 8,1041,4088,1925,2163,10509
1,12,3,Kerabari Gaunpalika,9,Ward - 9,1401,5564,2576,2988,10509
1,12,3,Kerabari Gaunpalika,10,Ward - 10,906,3542,1663,1879,10509
1,12,4,Sundarharaicha Municipality,1,Ward - 1,1768,7335,3560,3775,10515
1,12,4,Sundarharaicha Municipality,2,Ward - 2,1850,7671,3767,3904,10515
1,12,4,Sundarharaicha Municipality,3,Ward - 3,2339,9324,4406,4918,10515
1,12,4,Sundarharaicha Municipality,4,Ward - 4,2507,10008,4858,5150,10515
1,12,4,Sundarharaicha Municipality,5,Ward - 5,2556,10304,4887,5417,10515
1,12,4,Sundarharaicha Municipality,6,Ward - 6,2723,10919,5158,5761,10515
1,12,4,Sundarharaicha Municipality,7,Ward - 7,2612,10781,5202,5579,10515
1,12,4,Sundarharaicha Municipality,8,Ward - 8,2079,8202,3844,4358,10515
1,12,4,Sundarharaicha Municipality,9,Ward - 9,2981,12423,5830,6593,10515
1,12,4,Sundarharaicha Municipality,10,Ward - 10,3668,14230,6576,7654,10515
1,12,4,Sundarharaicha Municipality,11,Ward - 11,2477,10154,4741,5413,10515
1,12,4,Sundarharaicha Municipality,12,Ward - 12,2266,8862,4189,4673,10515
1,12,5,Belbari Municipality,1,Ward - 1,2152,8351,3871,4480,10501
1,12,5,Belbari Municipality,2,Ward - 2,1834,7422,3437,3985,10501
1,12,5,Belbari Municipality,3,Ward - 3,1957,7543,3594,3949,10501
1,12,5,Belbari Municipality,4,Ward - 4,2380,9465,4381,5084,10501
1,12,5,Belbari Municipality,5,Ward - 5,1510,5890,2815,3075,10501
1,12,5,Belbari Municipality,6,Ward - 6,1012,3985,1886,2099,10501
1,12,5,Belbari Municipality,7,Ward - 7,1533,6179,2972,3207,10501
1,12,5,Belbari Municipality,8,Ward - 8,1949,8130,3825,4305,10501
1,12,5,Belbari Municipality,9,Ward - 9,2294,9243,4324,4919,10501
1,12,5,Belbari Municipality,10,Ward - 10,1684,6759,3158,3601,10501
1,12,5,Belbari Municipality,11,Ward - 11,2154,8804,4034,4770,10501
1,12,6,Kanepokhari Gaunpalika,1,Ward - 1,1294,5348,2581,2767,10507
1,12,6,Kanepokhari Gaunpalika,2,Ward - 2,1635,6496,3109,3387,10507
1,12,6,Kanepokhari Gaunpalika,3,Ward - 3,1356,5648,2663,2985,10507
1,12,6,Kanepokhari Gaunpalika,4,Ward - 4,1575,6446,3050,3396,10507
1,12,6,Kanepokhari Gaunpalika,5,Ward - 5,1840,7352,3441,3911,10507
1,12,6,Kanepokhari Gaunpalika,6,Ward - 6,1738,6974,3260,3714,10507
1,12,6,Kanepokhari Gaunpalika,7,Ward - 7,1225,4929,2301,2628,10507
1,12,7,Pathari Shanishchare Municipality,1,Ward - 1,2668,10605,4953,5652,10512
1,12,7,Pathari Shanishchare Municipality,2,Ward - 2,2168,8600,4040,4560,10512
1,12,7,Pathari Shanishchare Municipality,3,Ward - 3,1784,7319,3436,3883,10512
1,12,7,Pathari Shanishchare Municipality,4,Ward - 4,2080,7926,3687,4239,10512
1,12,7,Pathari Shanishchare Municipality,5,Ward - 5,1459,6091,2904,3187,10512
1,12,7,Pathari Shanishchare Municipality,6,Ward - 6,1638,6859,3266,3593,10512
1,12,7,Pathari Shanishchare Municipality,7,Ward - 7,1332,5391,2471,2920,10512
1,12,7,Pathari Shanishchare Municipality,8,Ward - 8,1426,5785,2727,3058,10512
1,12,7,Pathari Shanishchare Municipality,9,Ward - 9,1679,6749,3145,3604,10512
1,12,7,Pathari Shanishchare Municipality,10,Ward - 10,1746,7126,3355,3771,10512
1,12,8,Urlabari Municipality,1,Ward - 1,2190,8804,4161,4643,10517
1,12,8,Urlabari Municipality,2,Ward - 2,2101,8413,3955,4458,10517
1,12,8,Urlabari Municipality,3,Ward - 3,1902,7302,3486,3816,10517
1,12,8,Urlabari Municipality,4,Ward - 4,2448,9790,4621,5169,10517
1,12,8,Urlabari Municipality,5,Ward - 5,1390,5535,2566,2969,10517
1,12,8,Urlabari Municipality,6,Ward - 6,1440,5670,2649,3021,10517
1,12,8,Urlabari Municipality,7,Ward - 7,2600,10719,5068,5651,10517
1,12,8,Urlabari Municipality,8,Ward - 8,1955,7851,3639,4212,10517
1,12,8,Urlabari Municipality,9,Ward - 9,1624,6824,3211,3613,10517
1,12,9,Ratuwamai Municipality,1,Ward - 1,1029,5020,2497,2523,10514
1,12,9,Ratuwamai Municipality,2,Ward - 2,1258,5320,2418,2902,10514
1,12,9,Ratuwamai Municipality,3,Ward - 3,1260,5186,2445,2741,10514
1,12,9,Ratuwamai Municipality,4,Ward - 4,1675,7048,3374,3674,10514
1,12,9,Ratuwamai Municipality,5,Ward - 5,1890,8240,3966,4274,10514
1,12,9,Ratuwamai Municipality,6,Ward - 6,1611,6508,3089,3419,10514
1,12,9,Ratuwamai Municipality,7,Ward - 7,1327,5541,2613,2928,10514
1,12,9,Ratuwamai Municipality,8,Ward - 8,1650,6701,3110,3591,10514
1,12,9,Ratuwamai Municipality,9,Ward - 9,1400,5808,2786,3022,10514
1,12,9,Ratuwamai Municipality,10,Ward - 10,1408,5767,2701,3066,10514
1,12,10,Sunwarshi Municipality,1,Ward - 1,1206,5145,2422,2723,10516
1,12,10,Sunwarshi Municipality,2,Ward - 2,975,3958,1884,2074,10516
1,12,10,Sunwarshi Municipality,3,Ward - 3,687,2830,1343,1487,10516
1,12,10,Sunwarshi Municipality,4,Ward - 4,1731,7398,3555,3843,10516
1,12,10,Sunwarshi Municipality,5,Ward - 5,1352,5628,2692,2936,10516
1,12,10,Sunwarshi Municipality,6,Ward - 6,1733,7590,3630,3960,10516
1,12,10,Sunwarshi Municipality,7,Ward - 7,1511,7033,3339,3694,10516
1,12,10,Sunwarshi Municipality,8,Ward - 8,1710,8285,4044,4241,10516
1,12,10,Sunwarshi Municipality,9,Ward - 9,1779,8167,4086,4081,10516
1,12,11,Rangeli Municipality,1,Ward - 1,1871,7757,3716,4041,10513
1,12,11,Rangeli Municipality,2,Ward - 2,2077,8855,4251,4604,10513
1,12,11,Rangeli Municipality,3,Ward - 3,1335,5631,2680,2951,10513
1,12,11,Rangeli Municipality,4,Ward - 4,735,3417,1686,1731,10513
1,12,11,Rangeli Municipality,5,Ward - 5,1407,6337,3120,3217,10513
1,12,11,Rangeli Municipality,6,Ward - 6,1564,6994,3499,3495,10513
1,12,11,Rangeli Municipality,7,Ward - 7,1363,6345,3184,3161,10513
1,12,11,Rangeli Municipality,8,Ward - 8,1311,5628,2698,2930,10513
1,12,11,Rangeli Municipality,9,Ward - 9,1543,6530,3140,3390,10513
1,12,12,Gramthan Gaunpalika,1,Ward - 1,1207,4723,2299,2424,10505
1,12,12,Gramthan Gaunpalika,2,Ward - 2,1476,6014,2997,3017,10505
1,12,12,Gramthan Gaunpalika,3,Ward - 3,1086,3908,1896,2012,10505
1,12,12,Gramthan Gaunpalika,4,Ward - 4,1362,5033,2433,2600,10505
1,12,12,Gramthan Gaunpalika,5,Ward - 5,1691,6341,3068,3273,10505
1,12,12,Gramthan Gaunpalika,6,Ward - 6,1349,5210,2532,2678,10505
1,12,12,Gramthan Gaunpalika,7,Ward - 7,1206,4795,2272,2523,10505
1,12,13,Budhiganga Gaunpalika,1,Ward - 1,2205,9389,4534,4855,10503
1,12,13,Budhiganga Gaunpalika,2,Ward - 2,2122,9016,4516,4500,10503
1,12,13,Budhiganga Gaunpalika,3,Ward - 3,2152,9125,4502,4623,10503
1,12,13,Budhiganga Gaunpalika,4,Ward - 4,1630,6673,3331,3342,10503
1,12,13,Budhiganga Gaunpalika,5,Ward - 5,1363,6196,3057,3139,10503
1,12,13,Budhiganga Gaunpalika,6,Ward - 6,1443,5581,2678,2903,10503
1,12,13,Budhiganga Gaunpalika,7,Ward - 7,1445,5517,2689,2828,10503
1,12,14,Biratnagar Metropolitian City,1,Ward - 1,3650,14463,7069,7394,10502
1,12,14,Biratnagar Metropolitian City,2,Ward - 2,1976,8328,4110,4218,10502
1,12,14,Biratnagar Metropolitian City,3,Ward - 3,5726,21100,10414,10686,10502
1,12,14,Biratnagar Metropolitian City,4,Ward - 4,5521,21944,10917,11027,10502
1,12,14,Biratnagar Metropolitian City,5,Ward - 5,4304,17602,8873,8729,10502
1,12,14,Biratnagar Metropolitian City,6,Ward - 6,4098,19892,10117,9775,10502
1,12,14,Biratnagar Metropolitian City,7,Ward - 7,1736,6571,3306,3265,10502
1,12,14,Biratnagar Metropolitian City,8,Ward - 8,4255,18076,9037,9039,10502
1,12,14,Biratnagar Metropolitian City,9,Ward - 9,1186,5776,2938,2838,10502
1,12,14,Biratnagar Metropolitian City,10,Ward - 10,2770,11183,5554,5629,10502
1,12,14,Biratnagar Metropolitian City,11,Ward - 11,2982,12827,6403,6424,10502
1,12,14,Biratnagar Metropolitian City,12,Ward - 12,4345,19006,9502,9504,10502
1,12,14,Biratnagar Metropolitian City,13,Ward - 13,1885,7772,3999,3773,10502
1,12,14,Biratnagar Metropolitian City,14,Ward - 14,2810,13850,6921,6929,10502
1,12,14,Biratnagar Metropolitian City,15,Ward - 15,2737,12537,6364,6173,10502
1,12,14,Biratnagar Metropolitian City,16,Ward - 16,1499,6856,3337,3519,10502
1,12,14,Biratnagar Metropolitian City,17,Ward - 17,1811,9327,4570,4757,10502
1,12,14,Biratnagar Metropolitian City,18,Ward - 18,1941,9609,4938,4671,10502
1,12,14,Biratnagar Metropolitian City,19,Ward - 19,1687,7208,3585,3623,10502
1,12,15,Katahari Gaunpalika,1,Ward - 1,1631,7194,3582,3612,10508
1,12,15,Katahari Gaunpalika,2,Ward - 2,2184,9465,4814,4651,10508
1,12,15,Katahari Gaunpalika,3,Ward - 3,1219,6015,3038,2977,10508
1,12,15,Katahari Gaunpalika,4,Ward - 4,1652,8397,4257,4140,10508
1,12,15,Katahari Gaunpalika,5,Ward - 5,910,4206,2104,2102,10508
1,12,15,Katahari Gaunpalika,6,Ward - 6,1702,7935,3953,3982,10508
1,12,15,Katahari Gaunpalika,7,Ward - 7,1197,5298,2594,2704,10508
1,12,16,Dhanapalthan Gaunpalika,1,Ward - 1,985,4683,2357,2326,10504
1,12,16,Dhanapalthan Gaunpalika,2,Ward - 2,1724,7254,3587,3667,10504
1,12,16,Dhanapalthan Gaunpalika,3,Ward - 3,1335,6034,2935,3099,10504
1,12,16,Dhanapalthan Gaunpalika,4,Ward - 4,1684,7654,3651,4003,10504
1,12,16,Dhanapalthan Gaunpalika,5,Ward - 5,1232,5422,2537,2885,10504
1,12,16,Dhanapalthan Gaunpalika,6,Ward - 6,1705,8117,4030,4087,10504
1,12,16,Dhanapalthan Gaunpalika,7,Ward - 7,1260,6184,3099,3085,10504
1,12,17,Jahada Gaunpalika,1,Ward - 1,1591,7657,3836,3821,10506
1,12,17,Jahada Gaunpalika,2,Ward - 2,1482,7405,3683,3722,10506
1,12,17,Jahada Gaunpalika,3,Ward - 3,1674,8032,4143,3889,10506
1,12,17,Jahada Gaunpalika,4,Ward - 4,1599,7475,3818,3657,10506
1,12,17,Jahada Gaunpalika,5,Ward - 5,1423,6970,3520,3450,10506
1,12,17,Jahada Gaunpalika,6,Ward - 6,786,3637,1810,1827,10506
1,12,17,Jahada Gaunpalika,7,Ward - 7,1314,6463,3225,3238,10506
1,13,1,Dharan Sub-Metropolitian City,1,Ward - 1,1247,4962,2413,2549,10605
1,13,1,Dharan Sub-Metropolitian City,2,Ward - 2,514,2275,1124,1151,10605
1,13,1,Dharan Sub-Metropolitian City,3,Ward - 3,1101,4662,2304,2358,10605
1,13,1,Dharan Sub-Metropolitian City,4,Ward - 4,992,3783,1822,1961,10605
1,13,1,Dharan Sub-Metropolitian City,5,Ward - 5,3441,13651,6380,7271,10605
1,13,1,Dharan Sub-Metropolitian City,6,Ward - 6,2142,8455,3983,4472,10605
1,13,1,Dharan Sub-Metropolitian City,7,Ward - 7,768,2967,1480,1487,10605
1,13,1,Dharan Sub-Metropolitian City,8,Ward - 8,3090,12126,5829,6297,10605
1,13,1,Dharan Sub-Metropolitian City,9,Ward - 9,873,3564,1727,1837,10605
1,13,1,Dharan Sub-Metropolitian City,10,Ward - 10,1269,4612,2144,2468,10605
1,13,1,Dharan Sub-Metropolitian City,11,Ward - 11,4288,17168,7904,9264,10605
1,13,1,Dharan Sub-Metropolitian City,12,Ward - 12,756,3029,1468,1561,10605
1,13,1,Dharan Sub-Metropolitian City,13,Ward - 13,2313,9138,4167,4971,10605
1,13,1,Dharan Sub-Metropolitian City,14,Ward - 14,1241,4803,2286,2517,10605
1,13,1,Dharan Sub-Metropolitian City,15,Ward - 15,7015,27441,12845,14596,10605
1,13,1,Dharan Sub-Metropolitian City,16,Ward - 16,3828,14665,6835,7830,10605
1,13,1,Dharan Sub-Metropolitian City,17,Ward - 17,3942,15912,7509,8403,10605
1,13,1,Dharan Sub-Metropolitian City,18,Ward - 18,1342,4579,2072,2507,10605
1,13,1,Dharan Sub-Metropolitian City,19,Ward - 19,1347,5313,2415,2898,10605
1,13,1,Dharan Sub-Metropolitian City,20,Ward - 20,887,3426,1703,1723,10605
1,13,2,Barahachhetra Municipality,1,Ward - 1,1552,5980,2864,3116,10601
1,13,2,Barahachhetra Municipality,2,Ward - 2,2026,8042,3807,4235,10601
1,13,2,Barahachhetra Municipality,3,Ward - 3,2347,9866,4634,5232,10601
1,13,2,Barahachhetra Municipality,4,Ward - 4,1490,6113,2896,3217,10601
1,13,2,Barahachhetra Municipality,5,Ward - 5,2402,10338,4848,5490,10601
1,13,2,Barahachhetra Municipality,6,Ward - 6,1607,6714,3186,3528,10601
1,13,2,Barahachhetra Municipality,7,Ward - 7,2729,11113,5249,5864,10601
1,13,2,Barahachhetra Municipality,8,Ward - 8,2372,9642,4490,5152,10601
1,13,2,Barahachhetra Municipality,9,Ward - 9,1604,7130,3393,3737,10601
1,13,2,Barahachhetra Municipality,10,Ward - 10,1954,7899,3678,4221,10601
1,13,2,Barahachhetra Municipality,11,Ward - 11,1744,8250,3952,4298,10601
1,13,3,Koshi Gaunpalika,1,Ward - 1,1101,5264,2661,2603,10611
1,13,3,Koshi Gaunpalika,2,Ward - 2,1160,5909,2969,2940,10611
1,13,3,Koshi Gaunpalika,3,Ward - 3,1332,7094,3504,3590,10611
1,13,3,Koshi Gaunpalika,4,Ward - 4,762,4442,2135,2307,10611
1,13,3,Koshi Gaunpalika,5,Ward - 5,1110,6690,3341,3349,10611
1,13,3,Koshi Gaunpalika,6,Ward - 6,1072,5725,2939,2786,10611
1,13,3,Koshi Gaunpalika,7,Ward - 7,1384,6774,3356,3418,10611
1,13,3,Koshi Gaunpalika,8,Ward - 8,1248,6906,3453,3453,10611
1,13,4,Bhokraha Narsingh Gaunpalika,1,Ward - 1,1182,5897,2895,3002,10603
1,13,4,Bhokraha Narsingh Gaunpalika,2,Ward - 2,1236,6935,3416,3519,10603
1,13,4,Bhokraha Narsingh Gaunpalika,3,Ward - 3,1004,4932,2440,2492,10603
1,13,4,Bhokraha Narsingh Gaunpalika,4,Ward - 4,1037,5484,2648,2836,10603
1,13,4,Bhokraha Narsingh Gaunpalika,5,Ward - 5,1093,6251,3057,3194,10603
1,13,4,Bhokraha Narsingh Gaunpalika,6,Ward - 6,1190,6492,3183,3309,10603
1,13,4,Bhokraha Narsingh Gaunpalika,7,Ward - 7,1183,6596,3381,3215,10603
1,13,4,Bhokraha Narsingh Gaunpalika,8,Ward - 8,1007,6693,3273,3420,10603
1,13,5,Ramdhuni Municipality,1,Ward - 1,1861,7708,3644,4064,10612
1,13,5,Ramdhuni Municipality,2,Ward - 2,1565,6566,3039,3527,10612
1,13,5,Ramdhuni Municipality,3,Ward - 3,2115,8587,4012,4575,10612
1,13,5,Ramdhuni Municipality,4,Ward - 4,1518,6098,2835,3263,10612
1,13,5,Ramdhuni Municipality,5,Ward - 5,2147,8344,3921,4423,10612
1,13,5,Ramdhuni Municipality,6,Ward - 6,1880,7566,3593,3973,10612
1,13,5,Ramdhuni Municipality,7,Ward - 7,2074,8464,3936,4528,10612
1,13,5,Ramdhuni Municipality,8,Ward - 8,1046,4224,1998,2226,10612
1,13,5,Ramdhuni Municipality,9,Ward - 9,1438,5895,2842,3053,10612
1,13,6,Itahari Sub-Metropolitian City,1,Ward - 1,2684,10641,4896,5745,10610
1,13,6,Itahari Sub-Metropolitian City,2,Ward - 2,4867,19594,9126,10468,10610
1,13,6,Itahari Sub-Metropolitian City,3,Ward - 3,1595,6548,3103,3445,10610
1,13,6,Itahari Sub-Metropolitian City,4,Ward - 4,5303,19512,9164,10348,10610
1,13,6,Itahari Sub-Metropolitian City,5,Ward - 5,5500,21233,10052,11181,10610
1,13,6,Itahari Sub-Metropolitian City,6,Ward - 6,1846,7259,3612,3647,10610
1,13,6,Itahari Sub-Metropolitian City,7,Ward - 7,1451,6004,2832,3172,10610
1,13,6,Itahari Sub-Metropolitian City,8,Ward - 8,3060,12320,5955,6365,10610
1,13,6,Itahari Sub-Metropolitian City,9,Ward - 9,2408,9199,4394,4805,10610
1,13,6,Itahari Sub-Metropolitian City,10,Ward - 10,1772,6779,3313,3466,10610
1,13,6,Itahari Sub-Metropolitian City,11,Ward - 11,1346,5073,2447,2626,10610
1,13,6,Itahari Sub-Metropolitian City,12,Ward - 12,1461,4870,2430,2440,10610
1,13,6,Itahari Sub-Metropolitian City,13,Ward - 13,2572,9937,4815,5122,10610
1,13,6,Itahari Sub-Metropolitian City,14,Ward - 14,1440,6266,3016,3250,10610
1,13,6,Itahari Sub-Metropolitian City,15,Ward - 15,729,2940,1414,1526,10610
1,13,6,Itahari Sub-Metropolitian City,16,Ward - 16,2360,9309,4382,4927,10610
1,13,6,Itahari Sub-Metropolitian City,17,Ward - 17,2969,12107,5699,6408,10610
1,13,6,Itahari Sub-Metropolitian City,18,Ward - 18,1334,5310,2484,2826,10610
1,13,6,Itahari Sub-Metropolitian City,19,Ward - 19,2333,9242,4192,5050,10610
1,13,6,Itahari Sub-Metropolitian City,20,Ward - 20,3320,13098,5964,7134,10610
1,13,7,Duhabi Municipality,1,Ward - 1,903,4648,2300,2348,10606
1,13,7,Duhabi Municipality,2,Ward - 2,1111,4567,2297,2270,10606
1,13,7,Duhabi Municipality,3,Ward - 3,1252,4829,2418,2411,10606
1,13,7,Duhabi Municipality,4,Ward - 4,1068,5062,2424,2638,10606
1,13,7,Duhabi Municipality,5,Ward - 5,754,3225,1688,1537,10606
1,13,7,Duhabi Municipality,6,Ward - 6,781,3867,1949,1918,10606
1,13,7,Duhabi Municipality,7,Ward - 7,967,3764,1860,1904,10606
1,13,7,Duhabi Municipality,8,Ward - 8,2149,8187,4142,4045,10606
1,13,7,Duhabi Municipality,9,Ward - 9,1238,6644,3246,3398,10606
1,13,7,Duhabi Municipality,10,Ward - 10,1467,6328,3061,3267,10606
1,13,7,Duhabi Municipality,11,Ward - 11,1474,6312,3121,3191,10606
1,13,7,Duhabi Municipality,12,Ward - 12,1866,8641,4291,4350,10606
1,13,8,Gadhi Gaunpalika,1,Ward - 1,1847,7705,3756,3949,10607
1,13,8,Gadhi Gaunpalika,2,Ward - 2,2131,9306,4619,4687,10607
1,13,8,Gadhi Gaunpalika,3,Ward - 3,1135,5277,2624,2653,10607
1,13,8,Gadhi Gaunpalika,4,Ward - 4,1196,5449,2700,2749,10607
1,13,8,Gadhi Gaunpalika,5,Ward - 5,993,5196,2603,2593,10607
1,13,8,Gadhi Gaunpalika,6,Ward - 6,1263,5806,2794,3012,10607
1,13,9,Inaruwa Municipality,1,Ward - 1,1179,5356,2623,2733,10609
1,13,9,Inaruwa Municipality,2,Ward - 2,1436,7018,3579,3439,10609
1,13,9,Inaruwa Municipality,3,Ward - 3,2154,9200,4520,4680,10609
1,13,9,Inaruwa Municipality,4,Ward - 4,1424,6922,3471,3451,10609
1,13,9,Inaruwa Municipality,5,Ward - 5,1334,5480,2663,2817,10609
1,13,9,Inaruwa Municipality,6,Ward - 6,1794,7370,3475,3895,10609
1,13,9,Inaruwa Municipality,7,Ward - 7,1694,7531,3675,3856,10609
1,13,9,Inaruwa Municipality,8,Ward - 8,1821,8539,4192,4347,10609
1,13,9,Inaruwa Municipality,9,Ward - 9,1894,9813,4827,4986,10609
1,13,9,Inaruwa Municipality,10,Ward - 10,1299,7685,3664,4021,10609
1,13,10,Harinagar Gaunpalika,1,Ward - 1,1397,8207,4047,4160,10608
1,13,10,Harinagar Gaunpalika,2,Ward - 2,1277,7716,3681,4035,10608
1,13,10,Harinagar Gaunpalika,3,Ward - 3,921,4450,2164,2286,10608
1,13,10,Harinagar Gaunpalika,4,Ward - 4,1666,9144,4575,4569,10608
1,13,10,Harinagar Gaunpalika,5,Ward - 5,1127,6781,3468,3313,10608
1,13,10,Harinagar Gaunpalika,6,Ward - 6,1314,7660,3701,3959,10608
1,13,10,Harinagar Gaunpalika,7,Ward - 7,1036,5887,2931,2956,10608
1,13,11,Dewangunj Gaunpalika,1,Ward - 1,1236,6094,3036,3058,10604
1,13,11,Dewangunj Gaunpalika,2,Ward - 2,1586,8385,4192,4193,10604
1,13,11,Dewangunj Gaunpalika,3,Ward - 3,1080,5368,2637,2731,10604
1,13,11,Dewangunj Gaunpalika,4,Ward - 4,909,4773,2418,2355,10604
1,13,11,Dewangunj Gaunpalika,5,Ward - 5,850,4159,2060,2099,10604
1,13,11,Dewangunj Gaunpalika,6,Ward - 6,1008,4891,2452,2439,10604
1,13,11,Dewangunj Gaunpalika,7,Ward - 7,1136,5360,2693,2667,10604
1,13,12,Barju Gaunpalika,1,Ward - 1,1034,4830,2438,2392,10602
1,13,12,Barju Gaunpalika,2,Ward - 2,936,4619,2367,2252,10602
1,13,12,Barju Gaunpalika,3,Ward - 3,1099,5104,2591,2513,10602
1,13,12,Barju Gaunpalika,4,Ward - 4,1297,5895,2929,2966,10602
1,13,12,Barju Gaunpalika,5,Ward - 5,1823,8398,4191,4207,10602
1,13,12,Barju Gaunpalika,6,Ward - 6,1733,7403,3653,3750,10602
1,14,1,Belaka Municipality,1,Ward - 1,1292,5396,2503,2893,11401
1,14,1,Belaka Municipality,2,Ward - 2,1845,7706,3711,3995,11401
1,14,1,Belaka Municipality,3,Ward - 3,1846,7483,3587,3896,11401
1,14,1,Belaka Municipality,4,Ward - 4,1177,4644,2126,2518,11401
1,14,1,Belaka Municipality,5,Ward - 5,1767,7515,3573,3942,11401
1,14,1,Belaka Municipality,6,Ward - 6,989,4482,2238,2244,11401
1,14,1,Belaka Municipality,7,Ward - 7,618,2939,1405,1534,11401
1,14,1,Belaka Municipality,8,Ward - 8,1243,5314,2592,2722,11401
1,14,1,Belaka Municipality,9,Ward - 9,1381,5564,2665,2899,11401
1,14,2,Chaudandigadhi Municipality,1,Ward - 1,773,3442,1691,1751,11402
1,14,2,Chaudandigadhi Municipality,2,Ward - 2,1144,5138,2378,2760,11402
1,14,2,Chaudandigadhi Municipality,3,Ward - 3,1000,4016,1853,2163,11402
1,14,2,Chaudandigadhi Municipality,4,Ward - 4,1668,6936,3230,3706,11402
1,14,2,Chaudandigadhi Municipality,5,Ward - 5,1523,6359,2999,3360,11402
1,14,2,Chaudandigadhi Municipality,6,Ward - 6,1352,5550,2610,2940,11402
1,14,2,Chaudandigadhi Municipality,7,Ward - 7,1427,6117,2881,3236,11402
1,14,2,Chaudandigadhi Municipality,8,Ward - 8,861,3729,1771,1958,11402
1,14,2,Chaudandigadhi Municipality,9,Ward - 9,1806,7546,3539,4007,11402
1,14,2,Chaudandigadhi Municipality,10,Ward - 10,1149,4798,2205,2593,11402
1,14,3,Triyuga Municipality,1,Ward - 1,1126,4658,2182,2476,11407
1,14,3,Triyuga Municipality,2,Ward - 2,1417,5830,2744,3086,11407
1,14,3,Triyuga Municipality,3,Ward - 3,2515,9997,4692,5305,11407
1,14,3,Triyuga Municipality,4,Ward - 4,1412,5666,2613,3053,11407
1,14,3,Triyuga Municipality,5,Ward - 5,1741,6983,3317,3666,11407
1,14,3,Triyuga Municipality,6,Ward - 6,2144,8820,4264,4556,11407
1,14,3,Triyuga Municipality,7,Ward - 7,1685,6733,3147,3586,11407
1,14,3,Triyuga Municipality,8,Ward - 8,1372,5468,2559,2909,11407
1,14,3,Triyuga Municipality,9,Ward - 9,1373,5575,2620,2955,11407
1,14,3,Triyuga Municipality,10,Ward - 10,2125,8265,3884,4381,11407
1,14,3,Triyuga Municipality,11,Ward - 11,2973,11400,5335,6065,11407
1,14,3,Triyuga Municipality,12,Ward - 12,1882,7907,3770,4137,11407
1,14,3,Triyuga Municipality,13,Ward - 13,1638,6386,2982,3404,11407
1,14,3,Triyuga Municipality,14,Ward - 14,590,2312,1112,1200,11407
1,14,3,Triyuga Municipality,15,Ward - 15,807,3541,1736,1805,11407
1,14,3,Triyuga Municipality,16,Ward - 16,823,3184,1506,1678,11407
1,14,4,Rautamai Gaunpalika,1,Ward - 1,416,1966,969,997,11404
1,14,4,Rautamai Gaunpalika,2,Ward - 2,590,2627,1267,1360,11404
1,14,4,Rautamai Gaunpalika,3,Ward - 3,510,2317,1126,1191,11404
1,14,4,Rautamai Gaunpalika,4,Ward - 4,535,2346,1152,1194,11404
1,14,4,Rautamai Gaunpalika,5,Ward - 5,577,2505,1212,1293,11404
1,14,4,Rautamai Gaunpalika,6,Ward - 6,398,1656,808,848,11404
1,14,4,Rautamai Gaunpalika,7,Ward - 7,1064,4606,2283,2323,11404
1,14,4,Rautamai Gaunpalika,8,Ward - 8,482,2301,1156,1145,11404
1,14,5,Limchunbung Gaunpalika,1,Ward - 1,412,1762,883,879,11405
1,14,5,Limchunbung Gaunpalika,2,Ward - 2,410,1578,772,806,11405
1,14,5,Limchunbung Gaunpalika,3,Ward - 3,539,2610,1286,1324,11405
1,14,5,Limchunbung Gaunpalika,4,Ward - 4,456,1996,1006,990,11405
1,14,5,Limchunbung Gaunpalika,5,Ward - 5,410,1743,843,900,11405
1,14,6,Tapli Gaunpalika,1,Ward - 1,534,2658,1311,1347,11406
1,14,6,Tapli Gaunpalika,2,Ward - 2,474,2112,1028,1084,11406
1,14,6,Tapli Gaunpalika,3,Ward - 3,627,2945,1429,1516,11406
1,14,6,Tapli Gaunpalika,4,Ward - 4,495,2392,1206,1186,11406
1,14,6,Tapli Gaunpalika,5,Ward - 5,732,3237,1634,1603,11406
1,14,7,Katari Municipality,1,Ward - 1,1003,4234,2065,2169,11403
1,14,7,Katari Municipality,2,Ward - 2,1198,5026,2404,2622,11403
1,14,7,Katari Municipality,3,Ward - 3,1586,6385,3122,3263,11403
1,14,7,Katari Municipality,4,Ward - 4,2610,10378,4996,5382,11403
1,14,7,Katari Municipality,5,Ward - 5,1824,7767,3702,4065,11403
1,14,7,Katari Municipality,6,Ward - 6,853,3507,1627,1880,11403
1,14,7,Katari Municipality,7,Ward - 7,1168,4453,2108,2345,11403
1,14,7,Katari Municipality,8,Ward - 8,832,4369,2139,2230,11403
1,14,7,Katari Municipality,9,Ward - 9,531,2402,1162,1240,11403
1,14,7,Katari Municipality,10,Ward - 10,668,3025,1534,1491,11403
1,14,7,Katari Municipality,11,Ward - 11,374,1718,851,867,11403
1,14,7,Katari Municipality,12,Ward - 12,474,1956,966,990,11403
1,14,7,Katari Municipality,13,Ward - 13,433,1964,983,981,11403
1,14,7,Katari Municipality,14,Ward - 14,552,2323,1209,1114,11403
1,14,8,Udayapurgadhi Gaunpalika,1,Ward - 1,886,3934,1960,1974,11408
1,14,8,Udayapurgadhi Gaunpalika,2,Ward - 2,562,2380,1154,1226,11408
1,14,8,Udayapurgadhi Gaunpalika,3,Ward - 3,613,2750,1318,1432,11408
1,14,8,Udayapurgadhi Gaunpalika,4,Ward - 4,465,1984,956,1028,11408
1,14,8,Udayapurgadhi Gaunpalika,5,Ward - 5,943,3775,1816,1959,11408
1,14,8,Udayapurgadhi Gaunpalika,6,Ward - 6,1250,5178,2531,2647,11408
1,14,8,Udayapurgadhi Gaunpalika,7,Ward - 7,1308,5486,2657,2829,11408
1,14,8,Udayapurgadhi Gaunpalika,8,Ward - 8,773,3439,1705,1734,11408
2,15,1,Saptakoshi Municipality,1,Ward - 1,1084,4628,2254,2374,21514
2,15,1,Saptakoshi Municipality,2,Ward - 2,602,2734,1256,1478,21514
2,15,1,Saptakoshi Municipality,3,Ward - 3,308,1348,620,728,21514
2,15,1,Saptakoshi Municipality,4,Ward - 4,553,2418,1135,1283,21514
2,15,1,Saptakoshi Municipality,5,Ward - 5,337,1467,710,757,21514
2,15,1,Saptakoshi Municipality,6,Ward - 6,349,1710,823,887,21514
2,15,1,Saptakoshi Municipality,7,Ward - 7,320,1402,718,684,21514
2,15,1,Saptakoshi Municipality,8,Ward - 8,448,1990,989,1001,21514
2,15,1,Saptakoshi Municipality,9,Ward - 9,368,1756,879,877,21514
2,15,1,Saptakoshi Municipality,10,Ward - 10,467,2236,1119,1117,21514
2,15,1,Saptakoshi Municipality,11,Ward - 11,382,1821,895,926,21514
2,15,2,Kanchanrup Municipality,1,Ward - 1,988,4982,2434,2548,21509
2,15,2,Kanchanrup Municipality,2,Ward - 2,898,4572,2257,2315,21509
2,15,2,Kanchanrup Municipality,3,Ward - 3,847,3371,1634,1737,21509
2,15,2,Kanchanrup Municipality,4,Ward - 4,1138,5453,2725,2728,21509
2,15,2,Kanchanrup Municipality,5,Ward - 5,1069,5017,2508,2509,21509
2,15,2,Kanchanrup Municipality,6,Ward - 6,994,4766,2242,2524,21509
2,15,2,Kanchanrup Municipality,7,Ward - 7,768,3695,1810,1885,21509
2,15,2,Kanchanrup Municipality,8,Ward - 8,1672,7704,3909,3795,21509
2,15,2,Kanchanrup Municipality,9,Ward - 9,980,4540,2170,2370,21509
2,15,2,Kanchanrup Municipality,10,Ward - 10,691,3231,1645,1586,21509
2,15,2,Kanchanrup Municipality,11,Ward - 11,1477,6905,3282,3623,21509
2,15,2,Kanchanrup Municipality,12,Ward - 12,1013,4230,2023,2207,21509
2,15,3,Agnisair Krishna Sabaran Gaunpalika,1,Ward - 1,1052,5011,2385,2626,21501
2,15,3,Agnisair Krishna Sabaran Gaunpalika,2,Ward - 2,1032,4965,2396,2569,21501
2,15,3,Agnisair Krishna Sabaran Gaunpalika,3,Ward - 3,1023,4749,2366,2383,21501
2,15,3,Agnisair Krishna Sabaran Gaunpalika,4,Ward - 4,1545,7025,3439,3586,21501
2,15,3,Agnisair Krishna Sabaran Gaunpalika,5,Ward - 5,861,4673,2242,2431,21501
2,15,3,Agnisair Krishna Sabaran Gaunpalika,6,Ward - 6,1068,5211,2582,2629,21501
2,15,4,Rupani Gaunpalika,1,Ward - 1,1239,5959,2971,2988,21513
2,15,4,Rupani Gaunpalika,2,Ward - 2,1091,5334,2584,2750,21513
2,15,4,Rupani Gaunpalika,3,Ward - 3,1230,5787,2892,2895,21513
2,15,4,Rupani Gaunpalika,4,Ward - 4,505,2596,1292,1304,21513
2,15,4,Rupani Gaunpalika,5,Ward - 5,887,4124,2024,2100,21513
2,15,4,Rupani Gaunpalika,6,Ward - 6,1372,6077,2958,3119,21513
2,15,5,Shambhunath Municipality,1,Ward - 1,544,2393,1175,1218,21515
2,15,5,Shambhunath Municipality,2,Ward - 2,686,3198,1576,1622,21515
2,15,5,Shambhunath Municipality,3,Ward - 3,943,4306,2043,2263,21515
2,15,5,Shambhunath Municipality,4,Ward - 4,662,2803,1312,1491,21515
2,15,5,Shambhunath Municipality,5,Ward - 5,492,2205,1051,1154,21515
2,15,5,Shambhunath Municipality,6,Ward - 6,784,3776,1869,1907,21515
2,15,5,Shambhunath Municipality,7,Ward - 7,1073,5000,2392,2608,21515
2,15,5,Shambhunath Municipality,8,Ward - 8,678,3028,1401,1627,21515
2,15,5,Shambhunath Municipality,9,Ward - 9,532,2536,1226,1310,21515
2,15,5,Shambhunath Municipality,10,Ward - 10,395,1957,960,997,21515
2,15,5,Shambhunath Municipality,11,Ward - 11,586,2554,1163,1391,21515
2,15,5,Shambhunath Municipality,12,Ward - 12,1304,5878,2838,3040,21515
2,15,6,Khadak Municipality,1,Ward - 1,928,4067,2024,2043,21510
2,15,6,Khadak Municipality,2,Ward - 2,643,3086,1517,1569,21510
2,15,6,Khadak Municipality,3,Ward - 3,1273,5916,2797,3119,21510
2,15,6,Khadak Municipality,4,Ward - 4,957,4400,2048,2352,21510
2,15,6,Khadak Municipality,5,Ward - 5,1213,5765,2897,2868,21510
2,15,6,Khadak Municipality,6,Ward - 6,550,2769,1282,1487,21510
2,15,6,Khadak Municipality,7,Ward - 7,941,4259,2097,2162,21510
2,15,6,Khadak Municipality,8,Ward - 8,1079,5617,2845,2772,21510
2,15,6,Khadak Municipality,9,Ward - 9,1109,5640,2663,2977,21510
2,15,6,Khadak Municipality,10,Ward - 10,1046,4945,2345,2600,21510
2,15,6,Khadak Municipality,11,Ward - 11,1330,6314,2965,3349,21510
2,15,7,Surunga Municipality,1,Ward - 1,1060,4501,2103,2398,21516
2,15,7,Surunga Municipality,2,Ward - 2,1426,6241,2960,3281,21516
2,15,7,Surunga Municipality,3,Ward - 3,1189,5484,2704,2780,21516
2,15,7,Surunga Municipality,4,Ward - 4,1057,5190,2555,2635,21516
2,15,7,Surunga Municipality,5,Ward - 5,889,4550,2143,2407,21516
2,15,7,Surunga Municipality,6,Ward - 6,587,2943,1398,1545,21516
2,15,7,Surunga Municipality,7,Ward - 7,1196,5673,2701,2972,21516
2,15,7,Surunga Municipality,8,Ward - 8,1000,4600,2189,2411,21516
2,15,7,Surunga Municipality,9,Ward - 9,803,3895,1847,2048,21516
2,15,7,Surunga Municipality,10,Ward - 10,608,2926,1434,1492,21516
2,15,7,Surunga Municipality,11,Ward - 11,672,3457,1681,1776,21516
2,15,8,Balan-Bihul Gaunpalika,1,Ward - 1,806,3773,1916,1857,21502
2,15,8,Balan-Bihul Gaunpalika,2,Ward - 2,708,3260,1702,1558,21502
2,15,8,Balan-Bihul Gaunpalika,3,Ward - 3,1068,4839,2381,2458,21502
2,15,8,Balan-Bihul Gaunpalika,4,Ward - 4,949,4752,2318,2434,21502
2,15,8,Balan-Bihul Gaunpalika,5,Ward - 5,600,3044,1594,1450,21502
2,15,8,Balan-Bihul Gaunpalika,6,Ward - 6,817,3859,1912,1947,21502
2,15,9,Bode Barsain Municipality,1,Ward - 1,908,4170,2090,2080,21505
2,15,9,Bode Barsain Municipality,2,Ward - 2,1121,5235,2596,2639,21505
2,15,9,Bode Barsain Municipality,3,Ward - 3,1307,5935,2928,3007,21505
2,15,9,Bode Barsain Municipality,4,Ward - 4,350,1713,845,868,21505
2,15,9,Bode Barsain Municipality,5,Ward - 5,1197,6163,2956,3207,21505
2,15,9,Bode Barsain Municipality,6,Ward - 6,728,3178,1624,1554,21505
2,15,9,Bode Barsain Municipality,7,Ward - 7,953,4412,2169,2243,21505
2,15,9,Bode Barsain Municipality,8,Ward - 8,952,4523,2238,2285,21505
2,15,9,Bode Barsain Municipality,9,Ward - 9,1060,5266,2664,2602,21505
2,15,9,Bode Barsain Municipality,10,Ward - 10,1146,5422,2808,2614,21505
2,15,10,Dakneshwori Municipality,1,Ward - 1,861,4210,2152,2058,21507
2,15,10,Dakneshwori Municipality,2,Ward - 2,491,2424,1125,1299,21507
2,15,10,Dakneshwori Municipality,3,Ward - 3,1051,4741,2319,2422,21507
2,15,10,Dakneshwori Municipality,4,Ward - 4,451,2131,1065,1066,21507
2,15,10,Dakneshwori Municipality,5,Ward - 5,1393,6662,3330,3332,21507
2,15,10,Dakneshwori Municipality,6,Ward - 6,1195,5137,2541,2596,21507
2,15,10,Dakneshwori Municipality,7,Ward - 7,1119,5234,2557,2677,21507
2,15,10,Dakneshwori Municipality,8,Ward - 8,1477,7164,3587,3577,21507
2,15,10,Dakneshwori Municipality,9,Ward - 9,1244,6287,3167,3120,21507
2,15,10,Dakneshwori Municipality,10,Ward - 10,720,3749,1847,1902,21507
2,15,11,Rajgadh Gaunpalika,1,Ward - 1,890,4611,2360,2251,21503
2,15,11,Rajgadh Gaunpalika,2,Ward - 2,842,4022,1936,2086,21503
2,15,11,Rajgadh Gaunpalika,3,Ward - 3,1606,7238,3607,3631,21503
2,15,11,Rajgadh Gaunpalika,4,Ward - 4,1338,6761,3292,3469,21503
2,15,11,Rajgadh Gaunpalika,5,Ward - 5,765,3479,1743,1736,21503
2,15,11,Rajgadh Gaunpalika,6,Ward - 6,1234,6351,3179,3172,21503
2,15,12,Bishnupur Gaunpalika,1,Ward - 1,1595,8385,4198,4187,21504
2,15,12,Bishnupur Gaunpalika,2,Ward - 2,520,2425,1222,1203,21504
2,15,12,Bishnupur Gaunpalika,3,Ward - 3,471,2207,1097,1110,21504
2,15,12,Bishnupur Gaunpalika,4,Ward - 4,692,3410,1737,1673,21504
2,15,12,Bishnupur Gaunpalika,5,Ward - 5,499,2757,1435,1322,21504
2,15,12,Bishnupur Gaunpalika,6,Ward - 6,1084,5373,2784,2589,21504
2,15,12,Bishnupur Gaunpalika,7,Ward - 7,604,3146,1626,1520,21504
2,15,13,Rajbiraj Municipality,1,Ward - 1,1216,6708,3375,3333,21512
2,15,13,Rajbiraj Municipality,2,Ward - 2,1218,5852,2997,2855,21512
2,15,13,Rajbiraj Municipality,3,Ward - 3,477,2412,1236,1176,21512
2,15,13,Rajbiraj Municipality,4,Ward - 4,463,2747,1419,1328,21512
2,15,13,Rajbiraj Municipality,5,Ward - 5,577,2727,1416,1311,21512
2,15,13,Rajbiraj Municipality,6,Ward - 6,1331,6369,3234,3135,21512
2,15,13,Rajbiraj Municipality,7,Ward - 7,1082,5162,2719,2443,21512
2,15,13,Rajbiraj Municipality,8,Ward - 8,1138,5428,2864,2564,21512
2,15,13,Rajbiraj Municipality,9,Ward - 9,1514,7851,3932,3919,21512
2,15,13,Rajbiraj Municipality,10,Ward - 10,1027,4904,2387,2517,21512
2,15,13,Rajbiraj Municipality,11,Ward - 11,870,4239,2199,2040,21512
2,15,13,Rajbiraj Municipality,12,Ward - 12,629,3446,1786,1660,21512
2,15,13,Rajbiraj Municipality,13,Ward - 13,754,3714,1953,1761,21512
2,15,13,Rajbiraj Municipality,14,Ward - 14,555,2756,1394,1362,21512
2,15,13,Rajbiraj Municipality,15,Ward - 15,709,3612,1883,1729,21512
2,15,13,Rajbiraj Municipality,16,Ward - 16,573,2876,1490,1386,21512
2,15,14,Mahadewa Gaunpalika,1,Ward - 1,1493,7244,3630,3614,21511
2,15,14,Mahadewa Gaunpalika,2,Ward - 2,1311,6863,3571,3292,21511
2,15,14,Mahadewa Gaunpalika,3,Ward - 3,373,1649,817,832,21511
2,15,14,Mahadewa Gaunpalika,4,Ward - 4,1389,6294,3045,3249,21511
2,15,14,Mahadewa Gaunpalika,5,Ward - 5,930,4556,2275,2281,21511
2,15,14,Mahadewa Gaunpalika,6,Ward - 6,783,3709,1887,1822,21511
2,15,15,Tirahut Gaunpalika,1,Ward - 1,1019,4710,2374,2336,21518
2,15,15,Tirahut Gaunpalika,2,Ward - 2,760,3543,1776,1767,21518
2,15,15,Tirahut Gaunpalika,3,Ward - 3,1073,5217,2655,2562,21518
2,15,15,Tirahut Gaunpalika,4,Ward - 4,950,4433,2216,2217,21518
2,15,15,Tirahut Gaunpalika,5,Ward - 5,1314,6131,3035,3096,21518
2,15,16,Hanumannagar Kankalini Municipality,1,Ward - 1,1630,8194,4199,3995,21508
2,15,16,Hanumannagar Kankalini Municipality,2,Ward - 2,441,2092,1070,1022,21508
2,15,16,Hanumannagar Kankalini Municipality,3,Ward - 3,1209,6114,3147,2967,21508
2,15,16,Hanumannagar Kankalini Municipality,4,Ward - 4,1743,8127,4044,4083,21508
2,15,16,Hanumannagar Kankalini Municipality,5,Ward - 5,436,2165,1097,1068,21508
2,15,16,Hanumannagar Kankalini Municipality,6,Ward - 6,755,3813,1909,1904,21508
2,15,16,Hanumannagar Kankalini Municipality,7,Ward - 7,564,2622,1337,1285,21508
2,15,16,Hanumannagar Kankalini Municipality,8,Ward - 8,399,1940,966,974,21508
2,15,16,Hanumannagar Kankalini Municipality,9,Ward - 9,435,2293,1153,1140,21508
2,15,16,Hanumannagar Kankalini Municipality,10,Ward - 10,437,2221,1106,1115,21508
2,15,16,Hanumannagar Kankalini Municipality,11,Ward - 11,463,2416,1246,1170,21508
2,15,16,Hanumannagar Kankalini Municipality,12,Ward - 12,525,2541,1240,1301,21508
2,15,16,Hanumannagar Kankalini Municipality,13,Ward - 13,144,700,388,312,21508
2,15,16,Hanumannagar Kankalini Municipality,14,Ward - 14,1464,7558,3863,3695,21508
2,15,17,Tilathi Koiladi Gaunpalika,1,Ward - 1,768,3737,1899,1838,21517
2,15,17,Tilathi Koiladi Gaunpalika,2,Ward - 2,779,3921,2009,1912,21517
2,15,17,Tilathi Koiladi Gaunpalika,3,Ward - 3,1001,4979,2569,2410,21517
2,15,17,Tilathi Koiladi Gaunpalika,4,Ward - 4,910,4705,2452,2253,21517
2,15,17,Tilathi Koiladi Gaunpalika,5,Ward - 5,1234,5971,2955,3016,21517
2,15,17,Tilathi Koiladi Gaunpalika,6,Ward - 6,385,2032,1057,975,21517
2,15,17,Tilathi Koiladi Gaunpalika,7,Ward - 7,911,4497,2222,2275,21517
2,15,17,Tilathi Koiladi Gaunpalika,8,Ward - 8,780,3816,1968,1848,21517
2,15,18,Chhinnamasta Gaunpalika,1,Ward - 1,895,4484,2214,2270,21506
2,15,18,Chhinnamasta Gaunpalika,2,Ward - 2,833,4234,2181,2053,21506
2,15,18,Chhinnamasta Gaunpalika,3,Ward - 3,1394,6785,3416,3369,21506
2,15,18,Chhinnamasta Gaunpalika,4,Ward - 4,944,4249,2101,2148,21506
2,15,18,Chhinnamasta Gaunpalika,5,Ward - 5,767,3614,1851,1763,21506
2,15,18,Chhinnamasta Gaunpalika,6,Ward - 6,772,3810,1936,1874,21506
2,15,18,Chhinnamasta Gaunpalika,7,Ward - 7,565,2770,1401,1369,21506
2,16,1,Lahan Municipality,1,Ward - 1,1274,5907,2935,2972,21610
2,16,1,Lahan Municipality,2,Ward - 2,689,3316,1634,1682,21610
2,16,1,Lahan Municipality,3,Ward - 3,1192,5830,2962,2868,21610
2,16,1,Lahan Municipality,4,Ward - 4,806,4468,2281,2187,21610
2,16,1,Lahan Municipality,5,Ward - 5,966,4907,2467,2440,21610
2,16,1,Lahan Municipality,6,Ward - 6,532,2610,1309,1301,21610
2,16,1,Lahan Municipality,7,Ward - 7,465,2414,1230,1184,21610
2,16,1,Lahan Municipality,8,Ward - 8,650,3175,1635,1540,21610
2,16,1,Lahan Municipality,9,Ward - 9,469,2334,1154,1180,21610
2,16,1,Lahan Municipality,10,Ward - 10,755,3610,1869,1741,21610
2,16,1,Lahan Municipality,11,Ward - 11,743,3593,1708,1885,21610
2,16,1,Lahan Municipality,12,Ward - 12,716,3518,1745,1773,21610
2,16,1,Lahan Municipality,13,Ward - 13,960,4476,2153,2323,21610
2,16,1,Lahan Municipality,14,Ward - 14,551,2601,1289,1312,21610
2,16,1,Lahan Municipality,15,Ward - 15,1082,5174,2550,2624,21610
2,16,1,Lahan Municipality,16,Ward - 16,426,2105,1051,1054,21610
2,16,1,Lahan Municipality,17,Ward - 17,665,3337,1645,1692,21610
2,16,1,Lahan Municipality,18,Ward - 18,1290,6723,3184,3539,21610
2,16,1,Lahan Municipality,19,Ward - 19,963,4906,2425,2481,21610
2,16,1,Lahan Municipality,20,Ward - 20,776,3820,1879,1941,21610
2,16,1,Lahan Municipality,21,Ward - 21,811,4254,2145,2109,21610
2,16,1,Lahan Municipality,22,Ward - 22,1245,6360,3084,3276,21610
2,16,1,Lahan Municipality,23,Ward - 23,1013,5058,2481,2577,21610
2,16,1,Lahan Municipality,24,Ward - 24,1538,7535,3752,3783,21610
2,16,2,Dhangadhimai Municipality,1,Ward - 1,616,2947,1409,1538,21606
2,16,2,Dhangadhimai Municipality,2,Ward - 2,709,3316,1564,1752,21606
2,16,2,Dhangadhimai Municipality,3,Ward - 3,995,4595,2163,2432,21606
2,16,2,Dhangadhimai Municipality,4,Ward - 4,513,2642,1269,1373,21606
2,16,2,Dhangadhimai Municipality,5,Ward - 5,729,3785,1825,1960,21606
2,16,2,Dhangadhimai Municipality,6,Ward - 6,705,3478,1719,1759,21606
2,16,2,Dhangadhimai Municipality,7,Ward - 7,703,3703,1835,1868,21606
2,16,2,Dhangadhimai Municipality,8,Ward - 8,685,3558,1784,1774,21606
2,16,2,Dhangadhimai Municipality,9,Ward - 9,659,3328,1607,1721,21606
2,16,2,Dhangadhimai Municipality,10,Ward - 10,944,4700,2383,2317,21606
2,16,2,Dhangadhimai Municipality,11,Ward - 11,1076,5296,2621,2675,21606
2,16,2,Dhangadhimai Municipality,12,Ward - 12,1109,4936,2395,2541,21606
2,16,2,Dhangadhimai Municipality,13,Ward - 13,825,4259,2082,2177,21606
2,16,2,Dhangadhimai Municipality,14,Ward - 14,574,2812,1382,1430,21606
2,16,3,Golbazar Municipality,1,Ward - 1,831,4230,2087,2143,21607
2,16,3,Golbazar Municipality,2,Ward - 2,1213,5727,2858,2869,21607
2,16,3,Golbazar Municipality,3,Ward - 3,1127,4965,2425,2540,21607
2,16,3,Golbazar Municipality,4,Ward - 4,1383,6756,3459,3297,21607
2,16,3,Golbazar Municipality,5,Ward - 5,604,2995,1452,1543,21607
2,16,3,Golbazar Municipality,6,Ward - 6,1805,8378,4212,4166,21607
2,16,3,Golbazar Municipality,7,Ward - 7,656,3109,1541,1568,21607
2,16,3,Golbazar Municipality,8,Ward - 8,849,4167,2081,2086,21607
2,16,3,Golbazar Municipality,9,Ward - 9,676,3420,1688,1732,21607
2,16,3,Golbazar Municipality,10,Ward - 10,572,3052,1507,1545,21607
2,16,3,Golbazar Municipality,11,Ward - 11,1184,6098,2937,3161,21607
2,16,3,Golbazar Municipality,12,Ward - 12,1176,6014,2960,3054,21607
2,16,3,Golbazar Municipality,13,Ward - 13,1057,4974,2404,2570,21607
2,16,4,Mirchaiya Municipality,1,Ward - 1,1144,5350,2491,2859,21612
2,16,4,Mirchaiya Municipality,2,Ward - 2,908,4426,2122,2304,21612
2,16,4,Mirchaiya Municipality,3,Ward - 3,993,5034,2558,2476,21612
2,16,4,Mirchaiya Municipality,4,Ward - 4,840,4156,2100,2056,21612
2,16,4,Mirchaiya Municipality,5,Ward - 5,1473,7027,3584,3443,21612
2,16,4,Mirchaiya Municipality,6,Ward - 6,1568,7282,3794,3488,21612
2,16,4,Mirchaiya Municipality,7,Ward - 7,809,3920,1920,2000,21612
2,16,4,Mirchaiya Municipality,8,Ward - 8,609,2987,1517,1470,21612
2,16,4,Mirchaiya Municipality,9,Ward - 9,927,4411,2161,2250,21612
2,16,4,Mirchaiya Municipality,10,Ward - 10,1102,5539,2739,2800,21612
2,16,4,Mirchaiya Municipality,11,Ward - 11,1081,5424,2701,2723,21612
2,16,4,Mirchaiya Municipality,12,Ward - 12,796,3869,1884,1985,21612
2,16,5,Karjanha Municipality,1,Ward - 1,610,2709,1258,1451,21609
2,16,5,Karjanha Municipality,2,Ward - 2,1077,5045,2483,2562,21609
2,16,5,Karjanha Municipality,3,Ward - 3,965,4428,2134,2294,21609
2,16,5,Karjanha Municipality,4,Ward - 4,681,2881,1398,1483,21609
2,16,5,Karjanha Municipality,5,Ward - 5,557,2603,1261,1342,21609
2,16,5,Karjanha Municipality,6,Ward - 6,949,4323,2133,2190,21609
2,16,5,Karjanha Municipality,7,Ward - 7,881,4153,2017,2136,21609
2,16,5,Karjanha Municipality,8,Ward - 8,627,3070,1419,1651,21609
2,16,5,Karjanha Municipality,9,Ward - 9,531,2577,1233,1344,21609
2,16,5,Karjanha Municipality,10,Ward - 10,756,3672,1786,1886,21609
2,16,5,Karjanha Municipality,11,Ward - 11,655,3096,1527,1569,21609
2,16,6,Kalyanpur Municipality,1,Ward - 1,878,4194,1906,2288,21608
2,16,6,Kalyanpur Municipality,2,Ward - 2,669,3207,1478,1729,21608
2,16,6,Kalyanpur Municipality,3,Ward - 3,1042,4969,2345,2624,21608
2,16,6,Kalyanpur Municipality,4,Ward - 4,1236,6119,3009,3110,21608
2,16,6,Kalyanpur Municipality,5,Ward - 5,943,4587,2199,2388,21608
2,16,6,Kalyanpur Municipality,6,Ward - 6,437,2141,1018,1123,21608
2,16,6,Kalyanpur Municipality,7,Ward - 7,1003,4695,2219,2476,21608
2,16,6,Kalyanpur Municipality,8,Ward - 8,1110,5582,2718,2864,21608
2,16,6,Kalyanpur Municipality,9,Ward - 9,882,4430,2164,2266,21608
2,16,6,Kalyanpur Municipality,10,Ward - 10,1364,7035,3330,3705,21608
2,16,6,Kalyanpur Municipality,11,Ward - 11,973,4811,2414,2397,21608
2,16,6,Kalyanpur Municipality,12,Ward - 12,1298,7102,3398,3704,21608
2,16,7,Naraha Gaunpalika,1,Ward - 1,873,4574,2234,2340,21613
2,16,7,Naraha Gaunpalika,2,Ward - 2,548,2721,1361,1360,21613
2,16,7,Naraha Gaunpalika,3,Ward - 3,1034,5950,2947,3003,21613
2,16,7,Naraha Gaunpalika,4,Ward - 4,871,4217,2091,2126,21613
2,16,7,Naraha Gaunpalika,5,Ward - 5,1047,5298,2631,2667,21613
2,16,8,Bishnupur Gaunpalika,1,Ward - 1,1272,6564,3345,3219,21605
2,16,8,Bishnupur Gaunpalika,2,Ward - 2,504,2649,1327,1322,21605
2,16,8,Bishnupur Gaunpalika,3,Ward - 3,715,3371,1640,1731,21605
2,16,8,Bishnupur Gaunpalika,4,Ward - 4,1132,5651,2832,2819,21605
2,16,8,Bishnupur Gaunpalika,5,Ward - 5,943,4546,2177,2369,21605
2,16,9,Arnama Gaunpalika,1,Ward - 1,1432,7935,3719,4216,21601
2,16,9,Arnama Gaunpalika,2,Ward - 2,726,3611,1731,1880,21601
2,16,9,Arnama Gaunpalika,3,Ward - 3,1448,7573,3784,3789,21601
2,16,9,Arnama Gaunpalika,4,Ward - 4,682,3774,1833,1941,21601
2,16,9,Arnama Gaunpalika,5,Ward - 5,891,5006,2525,2481,21601
2,16,10,Sukhipur Municipality,1,Ward - 1,646,3239,1649,1590,21617
2,16,10,Sukhipur Municipality,2,Ward - 2,1068,5521,2741,2780,21617
2,16,10,Sukhipur Municipality,3,Ward - 3,726,3997,1963,2034,21617
2,16,10,Sukhipur Municipality,4,Ward - 4,773,3908,1906,2002,21617
2,16,10,Sukhipur Municipality,5,Ward - 5,930,4768,2278,2490,21617
2,16,10,Sukhipur Municipality,6,Ward - 6,768,3682,1859,1823,21617
2,16,10,Sukhipur Municipality,7,Ward - 7,736,3602,1803,1799,21617
2,16,10,Sukhipur Municipality,8,Ward - 8,1149,5834,2907,2927,21617
2,16,10,Sukhipur Municipality,9,Ward - 9,583,2758,1315,1443,21617
2,16,10,Sukhipur Municipality,10,Ward - 10,942,4724,2356,2368,21617
2,16,11,Laxmipur Patari Gaunpalika,1,Ward - 1,908,4680,2274,2406,21611
2,16,11,Laxmipur Patari Gaunpalika,2,Ward - 2,831,4223,1989,2234,21611
2,16,11,Laxmipur Patari Gaunpalika,3,Ward - 3,883,4588,2223,2365,21611
2,16,11,Laxmipur Patari Gaunpalika,4,Ward - 4,1050,5391,2637,2754,21611
2,16,11,Laxmipur Patari Gaunpalika,5,Ward - 5,998,5352,2572,2780,21611
2,16,11,Laxmipur Patari Gaunpalika,6,Ward - 6,1374,6884,3373,3511,21611
2,16,12,Sakhuwa Nankarkatti Gaunpalika,1,Ward - 1,760,3869,1823,2046,21615
2,16,12,Sakhuwa Nankarkatti Gaunpalika,2,Ward - 2,726,3416,1674,1742,21615
2,16,12,Sakhuwa Nankarkatti Gaunpalika,3,Ward - 3,1143,5230,2635,2595,21615
2,16,12,Sakhuwa Nankarkatti Gaunpalika,4,Ward - 4,741,3716,1828,1888,21615
2,16,12,Sakhuwa Nankarkatti Gaunpalika,5,Ward - 5,866,4613,2246,2367,21615
2,16,13,Bhagawanpur Gaunpalika,1,Ward - 1,964,4869,2397,2472,21604
2,16,13,Bhagawanpur Gaunpalika,2,Ward - 2,1262,6571,3276,3295,21604
2,16,13,Bhagawanpur Gaunpalika,3,Ward - 3,744,3634,1740,1894,21604
2,16,13,Bhagawanpur Gaunpalika,4,Ward - 4,925,4992,2505,2487,21604
2,16,13,Bhagawanpur Gaunpalika,5,Ward - 5,711,3314,1563,1751,21604
2,16,14,Nawarajpur Gaunpalika,1,Ward - 1,1086,5221,2537,2684,21614
2,16,14,Nawarajpur Gaunpalika,2,Ward - 2,409,1967,926,1041,21614
2,16,14,Nawarajpur Gaunpalika,3,Ward - 3,850,3975,1982,1993,21614
2,16,14,Nawarajpur Gaunpalika,4,Ward - 4,872,4470,2269,2201,21614
2,16,14,Nawarajpur Gaunpalika,5,Ward - 5,1009,5155,2475,2680,21614
2,16,15,Bariyarpatti Gaunpalika,1,Ward - 1,1358,7625,3778,3847,21603
2,16,15,Bariyarpatti Gaunpalika,2,Ward - 2,987,5296,2651,2645,21603
2,16,15,Bariyarpatti Gaunpalika,3,Ward - 3,1219,5814,2816,2998,21603
2,16,15,Bariyarpatti Gaunpalika,4,Ward - 4,1020,5379,2690,2689,21603
2,16,15,Bariyarpatti Gaunpalika,5,Ward - 5,1102,5598,2781,2817,21603
2,16,16,Aurahi Gaunpalika,1,Ward - 1,697,3530,1795,1735,21602
2,16,16,Aurahi Gaunpalika,2,Ward - 2,893,4323,2167,2156,21602
2,16,16,Aurahi Gaunpalika,3,Ward - 3,1428,7062,3513,3549,21602
2,16,16,Aurahi Gaunpalika,4,Ward - 4,1138,5362,2632,2730,21602
2,16,16,Aurahi Gaunpalika,5,Ward - 5,1313,6201,3059,3142,21602
2,16,17,Siraha Municipality,1,Ward - 1,505,2616,1311,1305,21616
2,16,17,Siraha Municipality,2,Ward - 2,1017,5177,2560,2617,21616
2,16,17,Siraha Municipality,3,Ward - 3,501,2374,1130,1244,21616
2,16,17,Siraha Municipality,4,Ward - 4,673,3741,1737,2004,21616
2,16,17,Siraha Municipality,5,Ward - 5,674,3452,1682,1770,21616
2,16,17,Siraha Municipality,6,Ward - 6,901,4175,2009,2166,21616
2,16,17,Siraha Municipality,7,Ward - 7,833,4328,2186,2142,21616
2,16,17,Siraha Municipality,8,Ward - 8,604,2857,1416,1441,21616
2,16,17,Siraha Municipality,9,Ward - 9,845,4370,2204,2166,21616
2,16,17,Siraha Municipality,10,Ward - 10,791,4024,1907,2117,21616
2,16,17,Siraha Municipality,11,Ward - 11,805,3926,1859,2067,21616
2,16,17,Siraha Municipality,12,Ward - 12,1460,7220,3360,3860,21616
2,16,17,Siraha Municipality,13,Ward - 13,587,2979,1468,1511,21616
2,16,17,Siraha Municipality,14,Ward - 14,893,4199,2047,2152,21616
2,16,17,Siraha Municipality,15,Ward - 15,736,3630,1820,1810,21616
2,16,17,Siraha Municipality,16,Ward - 16,883,4835,2329,2506,21616
2,16,17,Siraha Municipality,17,Ward - 17,877,4266,2140,2126,21616
2,16,17,Siraha Municipality,18,Ward - 18,951,5120,2614,2506,21616
2,16,17,Siraha Municipality,19,Ward - 19,1351,6703,3404,3299,21616
2,16,17,Siraha Municipality,20,Ward - 20,1233,6085,2933,3152,21616
2,16,17,Siraha Municipality,21,Ward - 21,740,3939,1957,1982,21616
2,16,17,Siraha Municipality,22,Ward - 22,1057,5394,2680,2714,21616
2,17,1,Ganeshman Charnath Municipality,1,Ward - 1,1276,6182,2991,3191,21707
2,17,1,Ganeshman Charnath Municipality,2,Ward - 2,948,4639,2170,2469,21707
2,17,1,Ganeshman Charnath Municipality,3,Ward - 3,1017,4871,2337,2534,21707
2,17,1,Ganeshman Charnath Municipality,4,Ward - 4,800,3831,1918,1913,21707
2,17,1,Ganeshman Charnath Municipality,5,Ward - 5,1248,5281,2584,2697,21707
2,17,1,Ganeshman Charnath Municipality,6,Ward - 6,718,3707,1815,1892,21707
2,17,1,Ganeshman Charnath Municipality,7,Ward - 7,636,3163,1567,1596,21707
2,17,1,Ganeshman Charnath Municipality,8,Ward - 8,497,2517,1249,1268,21707
2,17,1,Ganeshman Charnath Municipality,9,Ward - 9,880,4329,2119,2210,21707
2,17,1,Ganeshman Charnath Municipality,10,Ward - 10,679,3297,1603,1694,21707
2,17,1,Ganeshman Charnath Municipality,11,Ward - 11,468,2265,1072,1193,21707
2,17,2,Dhanushadham Municipality,1,Ward - 1,1106,5527,2741,2786,21706
2,17,2,Dhanushadham Municipality,2,Ward - 2,1060,5451,2664,2787,21706
2,17,2,Dhanushadham Municipality,3,Ward - 3,1305,6399,2994,3405,21706
2,17,2,Dhanushadham Municipality,4,Ward - 4,818,4065,1852,2213,21706
2,17,2,Dhanushadham Municipality,5,Ward - 5,1502,7922,3991,3931,21706
2,17,2,Dhanushadham Municipality,6,Ward - 6,1083,5498,2737,2761,21706
2,17,2,Dhanushadham Municipality,7,Ward - 7,1319,6414,3030,3384,21706
2,17,2,Dhanushadham Municipality,8,Ward - 8,929,4173,2019,2154,21706
2,17,2,Dhanushadham Municipality,9,Ward - 9,1466,6575,3157,3418,21706
2,17,3,Mithila Municipality,1,Ward - 1,731,3581,1875,1706,21713
2,17,3,Mithila Municipality,2,Ward - 2,1258,5967,2977,2990,21713
2,17,3,Mithila Municipality,3,Ward - 3,1245,6115,3080,3035,21713
2,17,3,Mithila Municipality,4,Ward - 4,641,2784,1351,1433,21713
2,17,3,Mithila Municipality,5,Ward - 5,552,2973,1514,1459,21713
2,17,3,Mithila Municipality,6,Ward - 6,1273,6162,3138,3024,21713
2,17,3,Mithila Municipality,7,Ward - 7,902,3987,2013,1974,21713
2,17,3,Mithila Municipality,8,Ward - 8,961,4289,2087,2202,21713
2,17,3,Mithila Municipality,9,Ward - 9,1019,4440,2212,2228,21713
2,17,3,Mithila Municipality,10,Ward - 10,1036,4221,2053,2168,21713
2,17,3,Mithila Municipality,11,Ward - 11,1038,4157,2014,2143,21713
2,17,4,Bateshwor Gaunpalika,1,Ward - 1,803,3872,1967,1905,21702
2,17,4,Bateshwor Gaunpalika,2,Ward - 2,1146,5208,2543,2665,21702
2,17,4,Bateshwor Gaunpalika,3,Ward - 3,686,3162,1593,1569,21702
2,17,4,Bateshwor Gaunpalika,4,Ward - 4,916,4011,1956,2055,21702
2,17,4,Bateshwor Gaunpalika,5,Ward - 5,1096,5489,2649,2840,21702
2,17,5,Chhireshwornath Municipality,1,Ward - 1,770,3784,1881,1903,21704
2,17,5,Chhireshwornath Municipality,2,Ward - 2,686,3254,1587,1667,21704
2,17,5,Chhireshwornath Municipality,3,Ward - 3,819,3936,1898,2038,21704
2,17,5,Chhireshwornath Municipality,4,Ward - 4,664,3211,1613,1598,21704
2,17,5,Chhireshwornath Municipality,5,Ward - 5,2246,10370,5322,5048,21704
2,17,5,Chhireshwornath Municipality,6,Ward - 6,1387,6759,3442,3317,21704
2,17,5,Chhireshwornath Municipality,7,Ward - 7,1037,4773,2407,2366,21704
2,17,5,Chhireshwornath Municipality,8,Ward - 8,1042,4945,2522,2423,21704
2,17,5,Chhireshwornath Municipality,9,Ward - 9,1130,5389,2622,2767,21704
2,17,5,Chhireshwornath Municipality,10,Ward - 10,952,4654,2282,2372,21704
2,17,6,Laxminiya Gaunpalika,1,Ward - 1,934,5184,2643,2541,21712
2,17,6,Laxminiya Gaunpalika,2,Ward - 2,985,4654,2194,2460,21712
2,17,6,Laxminiya Gaunpalika,3,Ward - 3,968,4997,2462,2535,21712
2,17,6,Laxminiya Gaunpalika,4,Ward - 4,920,4606,2269,2337,21712
2,17,6,Laxminiya Gaunpalika,5,Ward - 5,860,4412,2227,2185,21712
2,17,6,Laxminiya Gaunpalika,6,Ward - 6,557,2798,1404,1394,21712
2,17,6,Laxminiya Gaunpalika,7,Ward - 7,1077,5230,2648,2582,21712
2,17,7,Mithila Bihari Municipality,1,Ward - 1,993,4890,2381,2509,21714
2,17,7,Mithila Bihari Municipality,2,Ward - 2,736,3654,1800,1854,21714
2,17,7,Mithila Bihari Municipality,3,Ward - 3,874,4211,2036,2175,21714
2,17,7,Mithila Bihari Municipality,4,Ward - 4,689,3587,1770,1817,21714
2,17,7,Mithila Bihari Municipality,5,Ward - 5,796,3804,1847,1957,21714
2,17,7,Mithila Bihari Municipality,6,Ward - 6,955,4963,2539,2424,21714
2,17,7,Mithila Bihari Municipality,7,Ward - 7,817,4147,2082,2065,21714
2,17,7,Mithila Bihari Municipality,8,Ward - 8,730,3633,1807,1826,21714
2,17,7,Mithila Bihari Municipality,9,Ward - 9,450,2145,1083,1062,21714
2,17,7,Mithila Bihari Municipality,10,Ward - 10,614,3239,1571,1668,21714
2,17,8,Hansapur Municipality,1,Ward - 1,411,1988,947,1041,21708
2,17,8,Hansapur Municipality,2,Ward - 2,1120,5656,2729,2927,21708
2,17,8,Hansapur Municipality,3,Ward - 3,1082,5953,3056,2897,21708
2,17,8,Hansapur Municipality,4,Ward - 4,1226,6525,3111,3414,21708
2,17,8,Hansapur Municipality,5,Ward - 5,1225,6111,2953,3158,21708
2,17,8,Hansapur Municipality,6,Ward - 6,747,3826,1850,1976,21708
2,17,8,Hansapur Municipality,7,Ward - 7,967,4743,2295,2448,21708
2,17,8,Hansapur Municipality,8,Ward - 8,1378,6523,3145,3378,21708
2,17,8,Hansapur Municipality,9,Ward - 9,734,3624,1748,1876,21708
2,17,9,Sabaila Municipality,1,Ward - 1,558,2799,1330,1469,21717
2,17,9,Sabaila Municipality,2,Ward - 2,893,4436,2226,2210,21717
2,17,9,Sabaila Municipality,3,Ward - 3,613,3112,1555,1557,21717
2,17,9,Sabaila Municipality,4,Ward - 4,1148,5772,2743,3029,21717
2,17,9,Sabaila Municipality,5,Ward - 5,516,2547,1275,1272,21717
2,17,9,Sabaila Municipality,6,Ward - 6,420,2074,1034,1040,21717
2,17,9,Sabaila Municipality,7,Ward - 7,565,2761,1375,1386,21717
2,17,9,Sabaila Municipality,8,Ward - 8,827,4345,2027,2318,21717
2,17,9,Sabaila Municipality,9,Ward - 9,1494,7828,3794,4034,21717
2,17,9,Sabaila Municipality,10,Ward - 10,2049,10479,5008,5471,21717
2,17,9,Sabaila Municipality,11,Ward - 11,530,2773,1383,1390,21717
2,17,9,Sabaila Municipality,12,Ward - 12,1176,5838,2759,3079,21717
2,17,9,Sabaila Municipality,13,Ward - 13,1551,7518,3585,3933,21717
2,17,10,Shahidnagar Municipality,1,Ward - 1,1811,8776,4325,4451,21718
2,17,10,Shahidnagar Municipality,2,Ward - 2,1062,5266,2620,2646,21718
2,17,10,Shahidnagar Municipality,3,Ward - 3,1552,7633,3749,3884,21718
2,17,10,Shahidnagar Municipality,4,Ward - 4,1067,5356,2583,2773,21718
2,17,10,Shahidnagar Municipality,5,Ward - 5,887,4192,2031,2161,21718
2,17,10,Shahidnagar Municipality,6,Ward - 6,964,4550,2201,2349,21718
2,17,10,Shahidnagar Municipality,7,Ward - 7,1688,8302,4007,4295,21718
2,17,10,Shahidnagar Municipality,8,Ward - 8,1152,5374,2605,2769,21718
2,17,10,Shahidnagar Municipality,9,Ward - 9,941,4363,2087,2276,21718
2,17,11,Kamala Municipality,1,Ward - 1,825,4012,1917,2095,21711
2,17,11,Kamala Municipality,2,Ward - 2,1211,6024,2949,3075,21711
2,17,11,Kamala Municipality,3,Ward - 3,1073,5231,2584,2647,21711
2,17,11,Kamala Municipality,4,Ward - 4,976,4756,2248,2508,21711
2,17,11,Kamala Municipality,5,Ward - 5,1036,5038,2418,2620,21711
2,17,11,Kamala Municipality,6,Ward - 6,1047,5545,2737,2808,21711
2,17,11,Kamala Municipality,7,Ward - 7,988,4679,2224,2455,21711
2,17,11,Kamala Municipality,8,Ward - 8,1059,5478,2672,2806,21711
2,17,11,Kamala Municipality,9,Ward - 9,764,3834,1810,2024,21711
2,17,12,Janak Nandini Gaunpalika,1,Ward - 1,543,2729,1353,1376,21709
2,17,12,Janak Nandini Gaunpalika,2,Ward - 2,830,4518,2177,2341,21709
2,17,12,Janak Nandini Gaunpalika,3,Ward - 3,1113,5656,2665,2991,21709
2,17,12,Janak Nandini Gaunpalika,4,Ward - 4,1331,6519,3091,3428,21709
2,17,12,Janak Nandini Gaunpalika,5,Ward - 5,742,3763,1788,1975,21709
2,17,12,Janak Nandini Gaunpalika,6,Ward - 6,820,3961,1889,2072,21709
2,17,13,Bideha Municipality,1,Ward - 1,889,4742,2338,2404,21703
2,17,13,Bideha Municipality,2,Ward - 2,686,3527,1682,1845,21703
2,17,13,Bideha Municipality,3,Ward - 3,827,4212,1983,2229,21703
2,17,13,Bideha Municipality,4,Ward - 4,870,4191,1966,2225,21703
2,17,13,Bideha Municipality,5,Ward - 5,753,3625,1745,1880,21703
2,17,13,Bideha Municipality,6,Ward - 6,847,4006,1988,2018,21703
2,17,13,Bideha Municipality,7,Ward - 7,910,4383,2134,2249,21703
2,17,13,Bideha Municipality,8,Ward - 8,737,3472,1684,1788,21703
2,17,13,Bideha Municipality,9,Ward - 9,1152,5539,2634,2905,21703
2,17,14,Aurahi Gaunpalika,1,Ward - 1,1209,6596,3319,3277,21701
2,17,14,Aurahi Gaunpalika,2,Ward - 2,1111,5237,2497,2740,21701
2,17,14,Aurahi Gaunpalika,3,Ward - 3,652,3253,1565,1688,21701
2,17,14,Aurahi Gaunpalika,4,Ward - 4,474,2564,1306,1258,21701
2,17,14,Aurahi Gaunpalika,5,Ward - 5,584,2879,1398,1481,21701
2,17,14,Aurahi Gaunpalika,6,Ward - 6,763,3524,1604,1920,21701
2,17,15,Janakpurdham Sub-Metropolitian City,1,Ward - 1,2080,10214,5338,4876,21710
2,17,15,Janakpurdham Sub-Metropolitian City,2,Ward - 2,1459,6278,3268,3010,21710
2,17,15,Janakpurdham Sub-Metropolitian City,3,Ward - 3,313,1705,907,798,21710
2,17,15,Janakpurdham Sub-Metropolitian City,4,Ward - 4,4395,18234,9554,8680,21710
2,17,15,Janakpurdham Sub-Metropolitian City,5,Ward - 5,306,1825,941,884,21710
2,17,15,Janakpurdham Sub-Metropolitian City,6,Ward - 6,559,3254,1668,1586,21710
2,17,15,Janakpurdham Sub-Metropolitian City,7,Ward - 7,2291,10956,5781,5175,21710
2,17,15,Janakpurdham Sub-Metropolitian City,8,Ward - 8,3123,13951,7393,6558,21710
2,17,15,Janakpurdham Sub-Metropolitian City,9,Ward - 9,1699,7249,3829,3420,21710
2,17,15,Janakpurdham Sub-Metropolitian City,10,Ward - 10,675,3218,1666,1552,21710
2,17,15,Janakpurdham Sub-Metropolitian City,11,Ward - 11,1126,5225,2738,2487,21710
2,17,15,Janakpurdham Sub-Metropolitian City,12,Ward - 12,1706,7859,4108,3751,21710
2,17,15,Janakpurdham Sub-Metropolitian City,13,Ward - 13,1626,7994,4119,3875,21710
2,17,15,Janakpurdham Sub-Metropolitian City,14,Ward - 14,2129,10607,5480,5127,21710
2,17,15,Janakpurdham Sub-Metropolitian City,15,Ward - 15,713,3416,1727,1689,21710
2,17,15,Janakpurdham Sub-Metropolitian City,16,Ward - 16,1915,9485,4803,4682,21710
2,17,15,Janakpurdham Sub-Metropolitian City,17,Ward - 17,2018,10136,5120,5016,21710
2,17,15,Janakpurdham Sub-Metropolitian City,18,Ward - 18,1182,6114,2955,3159,21710
2,17,15,Janakpurdham Sub-Metropolitian City,19,Ward - 19,2086,11093,5724,5369,21710
2,17,15,Janakpurdham Sub-Metropolitian City,20,Ward - 20,1817,8944,4347,4597,21710
2,17,15,Janakpurdham Sub-Metropolitian City,21,Ward - 21,1723,8547,4338,4209,21710
2,17,15,Janakpurdham Sub-Metropolitian City,22,Ward - 22,672,3506,1742,1764,21710
2,17,15,Janakpurdham Sub-Metropolitian City,23,Ward - 23,1772,8954,4460,4494,21710
2,17,15,Janakpurdham Sub-Metropolitian City,24,Ward - 24,1626,8454,4148,4306,21710
2,17,15,Janakpurdham Sub-Metropolitian City,25,Ward - 25,1398,7338,3610,3728,21710
2,17,16,Dhanauji Gaunpalika,1,Ward - 1,689,3491,1694,1797,21705
2,17,16,Dhanauji Gaunpalika,2,Ward - 2,835,3917,1927,1990,21705
2,17,16,Dhanauji Gaunpalika,3,Ward - 3,869,4525,2170,2355,21705
2,17,16,Dhanauji Gaunpalika,4,Ward - 4,911,4457,2094,2363,21705
2,17,16,Dhanauji Gaunpalika,5,Ward - 5,1104,5552,2671,2881,21705
2,17,17,Nagarain Municipality,1,Ward - 1,882,4334,2148,2186,21716
2,17,17,Nagarain Municipality,2,Ward - 2,1020,4693,2317,2376,21716
2,17,17,Nagarain Municipality,3,Ward - 3,1092,5183,2562,2621,21716
2,17,17,Nagarain Municipality,4,Ward - 4,883,4408,2210,2198,21716
2,17,17,Nagarain Municipality,5,Ward - 5,599,2727,1352,1375,21716
2,17,17,Nagarain Municipality,6,Ward - 6,1177,5810,2750,3060,21716
2,17,17,Nagarain Municipality,7,Ward - 7,675,3268,1579,1689,21716
2,17,17,Nagarain Municipality,8,Ward - 8,772,3837,1894,1943,21716
2,17,17,Nagarain Municipality,9,Ward - 9,821,3777,1789,1988,21716
2,17,18,Mukhiyapatti Musaharmiya Gaunpalika,1,Ward - 1,722,3930,1955,1975,21715
2,17,18,Mukhiyapatti Musaharmiya Gaunpalika,2,Ward - 2,757,4065,2114,1951,21715
2,17,18,Mukhiyapatti Musaharmiya Gaunpalika,3,Ward - 3,1306,6834,3429,3405,21715
2,17,18,Mukhiyapatti Musaharmiya Gaunpalika,4,Ward - 4,914,4583,2259,2324,21715
2,17,18,Mukhiyapatti Musaharmiya Gaunpalika,5,Ward - 5,809,4061,2003,2058,21715
2,17,18,Mukhiyapatti Musaharmiya Gaunpalika,6,Ward - 6,923,4735,2409,2326,21715
2,18,1,Bardibas Municipality,1,Ward - 1,2360,9198,4641,4557,21803
2,18,1,Bardibas Municipality,2,Ward - 2,861,3790,1895,1895,21803
2,18,1,Bardibas Municipality,3,Ward - 3,2175,8602,4154,4448,21803
2,18,1,Bardibas Municipality,4,Ward - 4,1151,4846,2343,2503,21803
2,18,1,Bardibas Municipality,5,Ward - 5,1390,5815,2735,3080,21803
2,18,1,Bardibas Municipality,6,Ward - 6,1171,5388,2662,2726,21803
2,18,1,Bardibas Municipality,7,Ward - 7,704,3458,1723,1735,21803
2,18,1,Bardibas Municipality,8,Ward - 8,1304,5828,2892,2936,21803
2,18,1,Bardibas Municipality,9,Ward - 9,1004,4849,2452,2397,21803
2,18,1,Bardibas Municipality,10,Ward - 10,828,3876,1938,1938,21803
2,18,1,Bardibas Municipality,11,Ward - 11,975,4626,2297,2329,21803
2,18,1,Bardibas Municipality,12,Ward - 12,947,4550,2193,2357,21803
2,18,1,Bardibas Municipality,13,Ward - 13,887,4215,2063,2152,21803
2,18,1,Bardibas Municipality,14,Ward - 14,1067,5320,2723,2597,21803
2,18,2,Gaushala Municipality,1,Ward - 1,1594,7638,3845,3793,21806
2,18,2,Gaushala Municipality,2,Ward - 2,1645,8613,4166,4447,21806
2,18,2,Gaushala Municipality,3,Ward - 3,828,4234,2148,2086,21806
2,18,2,Gaushala Municipality,4,Ward - 4,1612,8194,4138,4056,21806
2,18,2,Gaushala Municipality,5,Ward - 5,1451,7702,3916,3786,21806
2,18,2,Gaushala Municipality,6,Ward - 6,669,3180,1615,1565,21806
2,18,2,Gaushala Municipality,7,Ward - 7,769,4446,2243,2203,21806
2,18,2,Gaushala Municipality,8,Ward - 8,1231,5827,2916,2911,21806
2,18,2,Gaushala Municipality,9,Ward - 9,1149,5822,2885,2937,21806
2,18,2,Gaushala Municipality,10,Ward - 10,1269,6236,3085,3151,21806
2,18,2,Gaushala Municipality,11,Ward - 11,1192,5833,2901,2932,21806
2,18,2,Gaushala Municipality,12,Ward - 12,1037,4756,2392,2364,21806
2,18,3,Sonama Gaunpalika,1,Ward - 1,1093,5774,2920,2854,21815
2,18,3,Sonama Gaunpalika,2,Ward - 2,896,5183,2646,2537,21815
2,18,3,Sonama Gaunpalika,3,Ward - 3,1348,7388,3764,3624,21815
2,18,3,Sonama Gaunpalika,4,Ward - 4,1008,5398,2719,2679,21815
2,18,3,Sonama Gaunpalika,5,Ward - 5,859,4799,2525,2274,21815
2,18,3,Sonama Gaunpalika,6,Ward - 6,804,4972,2529,2443,21815
2,18,3,Sonama Gaunpalika,7,Ward - 7,969,5536,2722,2814,21815
2,18,3,Sonama Gaunpalika,8,Ward - 8,625,4032,2097,1935,21815
2,18,4,Aurahi Municipality,1,Ward - 1,951,5138,2554,2584,21801
2,18,4,Aurahi Municipality,2,Ward - 2,917,4893,2460,2433,21801
2,18,4,Aurahi Municipality,3,Ward - 3,958,4990,2509,2481,21801
2,18,4,Aurahi Municipality,4,Ward - 4,970,5092,2535,2557,21801
2,18,4,Aurahi Municipality,5,Ward - 5,539,2935,1458,1477,21801
2,18,4,Aurahi Municipality,6,Ward - 6,670,3304,1642,1662,21801
2,18,4,Aurahi Municipality,7,Ward - 7,556,2980,1505,1475,21801
2,18,4,Aurahi Municipality,8,Ward - 8,709,3857,1914,1943,21801
2,18,4,Aurahi Municipality,9,Ward - 9,772,4172,2134,2038,21801
2,18,5,Bhangaha Municipality,1,Ward - 1,857,4347,2001,2346,21804
2,18,5,Bhangaha Municipality,2,Ward - 2,956,4862,2361,2501,21804
2,18,5,Bhangaha Municipality,3,Ward - 3,1047,4997,2313,2684,21804
2,18,5,Bhangaha Municipality,4,Ward - 4,962,4998,2571,2427,21804
2,18,5,Bhangaha Municipality,5,Ward - 5,1116,5533,2609,2924,21804
2,18,5,Bhangaha Municipality,6,Ward - 6,1587,8039,3850,4189,21804
2,18,5,Bhangaha Municipality,7,Ward - 7,1310,6905,3367,3538,21804
2,18,5,Bhangaha Municipality,8,Ward - 8,1435,7645,3678,3967,21804
2,18,5,Bhangaha Municipality,9,Ward - 9,1645,8028,3984,4044,21804
2,18,6,Loharpatti Municipality,1,Ward - 1,837,4249,2115,2134,21808
2,18,6,Loharpatti Municipality,2,Ward - 2,598,2940,1431,1509,21808
2,18,6,Loharpatti Municipality,3,Ward - 3,1357,6739,3231,3508,21808
2,18,6,Loharpatti Municipality,4,Ward - 4,1885,9545,4578,4967,21808
2,18,6,Loharpatti Municipality,5,Ward - 5,959,4756,2273,2483,21808
2,18,6,Loharpatti Municipality,6,Ward - 6,920,4484,2182,2302,21808
2,18,6,Loharpatti Municipality,7,Ward - 7,1066,5218,2437,2781,21808
2,18,6,Loharpatti Municipality,8,Ward - 8,1042,5305,2498,2807,21808
2,18,6,Loharpatti Municipality,9,Ward - 9,469,2537,1201,1336,21808
2,18,7,Balawa Municipality,1,Ward - 1,790,4138,2034,2104,21802
2,18,7,Balawa Municipality,2,Ward - 2,619,3104,1528,1576,21802
2,18,7,Balawa Municipality,3,Ward - 3,564,2840,1422,1418,21802
2,18,7,Balawa Municipality,4,Ward - 4,730,4507,2183,2324,21802
2,18,7,Balawa Municipality,5,Ward - 5,666,3397,1716,1681,21802
2,18,7,Balawa Municipality,6,Ward - 6,1230,6286,3104,3182,21802
2,18,7,Balawa Municipality,7,Ward - 7,693,3542,1796,1746,21802
2,18,7,Balawa Municipality,8,Ward - 8,838,4238,2142,2096,21802
2,18,7,Balawa Municipality,9,Ward - 9,1099,5919,2815,3104,21802
2,18,7,Balawa Municipality,10,Ward - 10,806,4399,2161,2238,21802
2,18,7,Balawa Municipality,11,Ward - 11,1402,7103,3376,3727,21802
2,18,8,Ram Gopalpur Municipality,1,Ward - 1,615,3416,1633,1783,21813
2,18,8,Ram Gopalpur Municipality,2,Ward - 2,750,4147,2027,2120,21813
2,18,8,Ram Gopalpur Municipality,3,Ward - 3,544,2989,1514,1475,21813
2,18,8,Ram Gopalpur Municipality,4,Ward - 4,612,3501,1772,1729,21813
2,18,8,Ram Gopalpur Municipality,5,Ward - 5,979,5380,2787,2593,21813
2,18,8,Ram Gopalpur Municipality,6,Ward - 6,557,3205,1653,1552,21813
2,18,8,Ram Gopalpur Municipality,7,Ward - 7,683,3671,1764,1907,21813
2,18,8,Ram Gopalpur Municipality,8,Ward - 8,851,4419,2181,2238,21813
2,18,8,Ram Gopalpur Municipality,9,Ward - 9,1015,5473,2760,2713,21813
2,18,9,Samsi Gaunpalika,1,Ward - 1,628,3570,1766,1804,21814
2,18,9,Samsi Gaunpalika,2,Ward - 2,1563,8901,4020,4881,21814
2,18,9,Samsi Gaunpalika,3,Ward - 3,769,4733,2298,2435,21814
2,18,9,Samsi Gaunpalika,4,Ward - 4,1040,6002,3048,2954,21814
2,18,9,Samsi Gaunpalika,5,Ward - 5,1193,6067,2986,3081,21814
2,18,9,Samsi Gaunpalika,6,Ward - 6,847,5151,2449,2702,21814
2,18,9,Samsi Gaunpalika,7,Ward - 7,775,4161,2145,2016,21814
2,18,10,Manara Shisawa Municipality,1,Ward - 1,1407,6918,3414,3504,21810
2,18,10,Manara Shisawa Municipality,2,Ward - 2,1363,6495,3125,3370,21810
2,18,10,Manara Shisawa Municipality,3,Ward - 3,873,4688,2363,2325,21810
2,18,10,Manara Shisawa Municipality,4,Ward - 4,803,3999,1966,2033,21810
2,18,10,Manara Shisawa Municipality,5,Ward - 5,824,4710,2298,2412,21810
2,18,10,Manara Shisawa Municipality,6,Ward - 6,1204,7282,3691,3591,21810
2,18,10,Manara Shisawa Municipality,7,Ward - 7,1060,5389,2662,2727,21810
2,18,10,Manara Shisawa Municipality,8,Ward - 8,658,3588,1674,1914,21810
2,18,10,Manara Shisawa Municipality,9,Ward - 9,751,3747,1886,1861,21810
2,18,10,Manara Shisawa Municipality,10,Ward - 10,1107,5375,2600,2775,21810
2,18,11,Ekadara Gaunpalika,1,Ward - 1,923,4703,2251,2452,21805
2,18,11,Ekadara Gaunpalika,2,Ward - 2,961,5391,2723,2668,21805
2,18,11,Ekadara Gaunpalika,3,Ward - 3,1027,5020,2512,2508,21805
2,18,11,Ekadara Gaunpalika,4,Ward - 4,1328,7260,3731,3529,21805
2,18,11,Ekadara Gaunpalika,5,Ward - 5,868,4831,2381,2450,21805
2,18,11,Ekadara Gaunpalika,6,Ward - 6,831,4565,2312,2253,21805
2,18,12,Mahottari Gaunpalika,1,Ward - 1,1150,6004,2904,3100,21809
2,18,12,Mahottari Gaunpalika,2,Ward - 2,1099,5467,2693,2774,21809
2,18,12,Mahottari Gaunpalika,3,Ward - 3,1330,6629,3217,3412,21809
2,18,12,Mahottari Gaunpalika,4,Ward - 4,623,3229,1529,1700,21809
2,18,12,Mahottari Gaunpalika,5,Ward - 5,720,3655,1861,1794,21809
2,18,12,Mahottari Gaunpalika,6,Ward - 6,765,3823,1808,2015,21809
2,18,13,Pipara Gaunpalika,1,Ward - 1,1567,7898,4036,3862,21812
2,18,13,Pipara Gaunpalika,2,Ward - 2,813,4118,1944,2174,21812
2,18,13,Pipara Gaunpalika,3,Ward - 3,889,4316,2133,2183,21812
2,18,13,Pipara Gaunpalika,4,Ward - 4,1144,5305,2611,2694,21812
2,18,13,Pipara Gaunpalika,5,Ward - 5,1444,6855,3481,3374,21812
2,18,13,Pipara Gaunpalika,6,Ward - 6,1535,7328,3720,3608,21812
2,18,13,Pipara Gaunpalika,7,Ward - 7,910,4715,2368,2347,21812
2,18,14,Matihani Municipality,1,Ward - 1,334,1766,817,949,21811
2,18,14,Matihani Municipality,2,Ward - 2,1039,5441,2615,2826,21811
2,18,14,Matihani Municipality,3,Ward - 3,669,3640,1719,1921,21811
2,18,14,Matihani Municipality,4,Ward - 4,658,3634,1750,1884,21811
2,18,14,Matihani Municipality,5,Ward - 5,801,4025,1971,2054,21811
2,18,14,Matihani Municipality,6,Ward - 6,518,3386,1692,1694,21811
2,18,14,Matihani Municipality,7,Ward - 7,719,3981,1975,2006,21811
2,18,14,Matihani Municipality,8,Ward - 8,686,3817,1906,1911,21811
2,18,14,Matihani Municipality,9,Ward - 9,1285,6446,3107,3339,21811
2,18,15,Jaleshwor Municipality,1,Ward - 1,886,4626,2334,2292,21807
2,18,15,Jaleshwor Municipality,2,Ward - 2,1411,7005,3570,3435,21807
2,18,15,Jaleshwor Municipality,3,Ward - 3,1261,6652,3337,3315,21807
2,18,15,Jaleshwor Municipality,4,Ward - 4,1176,5760,2702,3058,21807
2,18,15,Jaleshwor Municipality,5,Ward - 5,784,3940,1926,2014,21807
2,18,15,Jaleshwor Municipality,6,Ward - 6,1422,7553,3713,3840,21807
2,18,15,Jaleshwor Municipality,7,Ward - 7,1159,6372,3117,3255,21807
2,18,15,Jaleshwor Municipality,8,Ward - 8,692,3526,1759,1767,21807
2,18,15,Jaleshwor Municipality,9,Ward - 9,1233,6396,3057,3339,21807
2,18,15,Jaleshwor Municipality,10,Ward - 10,452,2422,1193,1229,21807
2,18,15,Jaleshwor Municipality,11,Ward - 11,806,3989,1938,2051,21807
2,18,15,Jaleshwor Municipality,12,Ward - 12,1098,5561,2745,2816,21807
2,19,1,Lalbandi Municipality,1,Ward - 1,1004,4951,2500,2451,21917
2,19,1,Lalbandi Municipality,2,Ward - 2,1484,6867,3372,3495,21917
2,19,1,Lalbandi Municipality,3,Ward - 3,592,2884,1395,1489,21917
2,19,1,Lalbandi Municipality,4,Ward - 4,601,2912,1431,1481,21917
2,19,1,Lalbandi Municipality,5,Ward - 5,1109,5037,2539,2498,21917
2,19,1,Lalbandi Municipality,6,Ward - 6,968,3984,1904,2080,21917
2,19,1,Lalbandi Municipality,7,Ward - 7,1241,5389,2694,2695,21917
2,19,1,Lalbandi Municipality,8,Ward - 8,736,3117,1488,1629,21917
2,19,1,Lalbandi Municipality,9,Ward - 9,761,3331,1684,1647,21917
2,19,1,Lalbandi Municipality,10,Ward - 10,605,2719,1323,1396,21917
2,19,1,Lalbandi Municipality,11,Ward - 11,797,3578,1753,1825,21917
2,19,1,Lalbandi Municipality,12,Ward - 12,459,2056,996,1060,21917
2,19,1,Lalbandi Municipality,13,Ward - 13,385,1695,845,850,21917
2,19,1,Lalbandi Municipality,14,Ward - 14,709,3458,1765,1693,21917
2,19,1,Lalbandi Municipality,15,Ward - 15,993,4388,2225,2163,21917
2,19,1,Lalbandi Municipality,16,Ward - 16,1025,4088,2011,2077,21917
2,19,1,Lalbandi Municipality,17,Ward - 17,1404,5965,2958,3007,21917
2,19,2,Hariwan Municipality,1,Ward - 1,941,4104,1965,2139,21913
2,19,2,Hariwan Municipality,2,Ward - 2,899,4053,1984,2069,21913
2,19,2,Hariwan Municipality,3,Ward - 3,708,3541,1717,1824,21913
2,19,2,Hariwan Municipality,4,Ward - 4,753,3579,1718,1861,21913
2,19,2,Hariwan Municipality,5,Ward - 5,804,4081,2022,2059,21913
2,19,2,Hariwan Municipality,6,Ward - 6,842,3702,1788,1914,21913
2,19,2,Hariwan Municipality,7,Ward - 7,626,3089,1513,1576,21913
2,19,2,Hariwan Municipality,8,Ward - 8,1356,5883,2851,3032,21913
2,19,2,Hariwan Municipality,9,Ward - 9,878,3948,1971,1977,21913
2,19,2,Hariwan Municipality,10,Ward - 10,1448,6170,2990,3180,21913
2,19,2,Hariwan Municipality,11,Ward - 11,1485,7838,3886,3952,21913
2,19,3,Bagmati Municipality,1,Ward - 1,1142,4734,2269,2465,21901
2,19,3,Bagmati Municipality,2,Ward - 2,728,3077,1474,1603,21901
2,19,3,Bagmati Municipality,3,Ward - 3,910,4231,2055,2176,21901
2,19,3,Bagmati Municipality,4,Ward - 4,1642,6674,3259,3415,21901
2,19,3,Bagmati Municipality,5,Ward - 5,1252,5172,2557,2615,21901
2,19,3,Bagmati Municipality,6,Ward - 6,594,2658,1263,1395,21901
2,19,3,Bagmati Municipality,7,Ward - 7,793,3823,1858,1965,21901
2,19,3,Bagmati Municipality,8,Ward - 8,767,3542,1744,1798,21901
2,19,3,Bagmati Municipality,9,Ward - 9,643,3191,1559,1632,21901
2,19,3,Bagmati Municipality,10,Ward - 10,790,3747,1847,1900,21901
2,19,3,Bagmati Municipality,11,Ward - 11,614,2496,1247,1249,21901
2,19,3,Bagmati Municipality,12,Ward - 12,893,3761,1883,1878,21901
2,19,4,Barahathawa Municipality,1,Ward - 1,1243,6881,3389,3492,21903
2,19,4,Barahathawa Municipality,2,Ward - 2,902,4221,2135,2086,21903
2,19,4,Barahathawa Municipality,3,Ward - 3,1307,6926,3473,3453,21903
2,19,4,Barahathawa Municipality,4,Ward - 4,315,1699,847,852,21903
2,19,4,Barahathawa Municipality,5,Ward - 5,1520,8147,4224,3923,21903
2,19,4,Barahathawa Municipality,6,Ward - 6,619,3365,1729,1636,21903
2,19,4,Barahathawa Municipality,7,Ward - 7,1254,6909,3530,3379,21903
2,19,4,Barahathawa Municipality,8,Ward - 8,665,3384,1734,1650,21903
2,19,4,Barahathawa Municipality,9,Ward - 9,1104,5130,2526,2604,21903
2,19,4,Barahathawa Municipality,10,Ward - 10,870,4513,2253,2260,21903
2,19,4,Barahathawa Municipality,11,Ward - 11,1016,5246,2623,2623,21903
2,19,4,Barahathawa Municipality,12,Ward - 12,647,3513,1786,1727,21903
2,19,4,Barahathawa Municipality,13,Ward - 13,576,3169,1570,1599,21903
2,19,4,Barahathawa Municipality,14,Ward - 14,896,4979,2560,2419,21903
2,19,4,Barahathawa Municipality,15,Ward - 15,699,3672,1808,1864,21903
2,19,4,Barahathawa Municipality,16,Ward - 16,820,4410,2227,2183,21903
2,19,4,Barahathawa Municipality,17,Ward - 17,447,2479,1224,1255,21903
2,19,4,Barahathawa Municipality,18,Ward - 18,443,2477,1277,1200,21903
2,19,5,Haripur Municipality,1,Ward - 1,1027,4752,2352,2400,21911
2,19,5,Haripur Municipality,2,Ward - 2,1034,4781,2374,2407,21911
2,19,5,Haripur Municipality,3,Ward - 3,643,3668,1811,1857,21911
2,19,5,Haripur Municipality,4,Ward - 4,750,3718,1814,1904,21911
2,19,5,Haripur Municipality,5,Ward - 5,1086,6426,3111,3315,21911
2,19,5,Haripur Municipality,6,Ward - 6,1056,5493,2588,2905,21911
2,19,5,Haripur Municipality,7,Ward - 7,940,5025,2438,2587,21911
2,19,5,Haripur Municipality,8,Ward - 8,721,3292,1620,1672,21911
2,19,5,Haripur Municipality,9,Ward - 9,1093,6078,3033,3045,21911
2,19,6,Ishworpur Municipality,1,Ward - 1,833,4863,2373,2490,21914
2,19,6,Ishworpur Municipality,2,Ward - 2,754,3612,1811,1801,21914
2,19,6,Ishworpur Municipality,3,Ward - 3,998,5727,2844,2883,21914
2,19,6,Ishworpur Municipality,4,Ward - 4,862,3523,1692,1831,21914
2,19,6,Ishworpur Municipality,5,Ward - 5,1175,5850,2812,3038,21914
2,19,6,Ishworpur Municipality,6,Ward - 6,1217,6120,2982,3138,21914
2,19,6,Ishworpur Municipality,7,Ward - 7,1080,6079,3128,2951,21914
2,19,6,Ishworpur Municipality,8,Ward - 8,628,2844,1365,1479,21914
2,19,6,Ishworpur Municipality,9,Ward - 9,1025,5358,2705,2653,21914
2,19,6,Ishworpur Municipality,10,Ward - 10,537,2836,1395,1441,21914
2,19,6,Ishworpur Municipality,11,Ward - 11,345,1851,942,909,21914
2,19,6,Ishworpur Municipality,12,Ward - 12,1139,4737,2250,2487,21914
2,19,6,Ishworpur Municipality,13,Ward - 13,1009,5014,2476,2538,21914
2,19,6,Ishworpur Municipality,14,Ward - 14,936,4710,2354,2356,21914
2,19,6,Ishworpur Municipality,15,Ward - 15,983,5253,2679,2574,21914
2,19,7,Haripurwa Municipality,1,Ward - 1,500,3473,1805,1668,21911
2,19,7,Haripurwa Municipality,2,Ward - 2,477,2924,1512,1412,21911
2,19,7,Haripurwa Municipality,3,Ward - 3,746,4192,2137,2055,21911
2,19,7,Haripurwa Municipality,4,Ward - 4,818,4226,2124,2102,21911
2,19,7,Haripurwa Municipality,5,Ward - 5,1277,6670,3469,3201,21911
2,19,7,Haripurwa Municipality,6,Ward - 6,745,4000,2027,1973,21911
2,19,7,Haripurwa Municipality,7,Ward - 7,597,2846,1375,1471,21911
2,19,7,Haripurwa Municipality,8,Ward - 8,620,3257,1620,1637,21911
2,19,7,Haripurwa Municipality,9,Ward - 9,1360,7126,3488,3638,21911
2,19,8,Parsa Gaunpalika,1,Ward - 1,786,4321,2246,2075,21919
2,19,8,Parsa Gaunpalika,2,Ward - 2,841,4471,2297,2174,21919
2,19,8,Parsa Gaunpalika,3,Ward - 3,648,3080,1453,1627,21919
2,19,8,Parsa Gaunpalika,4,Ward - 4,871,4675,2345,2330,21919
2,19,8,Parsa Gaunpalika,5,Ward - 5,636,3698,1925,1773,21919
2,19,8,Parsa Gaunpalika,6,Ward - 6,705,3760,1891,1869,21919
2,19,9,Brahmapuri Gaunpalika,1,Ward - 1,761,3974,1948,2026,21906
2,19,9,Brahmapuri Gaunpalika,2,Ward - 2,1136,5667,2743,2924,21906
2,19,9,Brahmapuri Gaunpalika,3,Ward - 3,944,5103,2585,2518,21906
2,19,9,Brahmapuri Gaunpalika,4,Ward - 4,662,4025,1992,2033,21906
2,19,9,Brahmapuri Gaunpalika,5,Ward - 5,758,4014,1996,2018,21906
2,19,9,Brahmapuri Gaunpalika,6,Ward - 6,813,4292,2158,2134,21906
2,19,9,Brahmapuri Gaunpalika,7,Ward - 7,865,4303,2147,2156,21906
2,19,10,Chandranagar Gaunpalika,1,Ward - 1,1035,5994,3071,2923,21908
2,19,10,Chandranagar Gaunpalika,2,Ward - 2,1128,5694,2900,2794,21908
2,19,10,Chandranagar Gaunpalika,3,Ward - 3,1019,5394,2653,2741,21908
2,19,10,Chandranagar Gaunpalika,4,Ward - 4,857,4929,2528,2401,21908
2,19,10,Chandranagar Gaunpalika,5,Ward - 5,733,4520,2319,2201,21908
2,19,10,Chandranagar Gaunpalika,6,Ward - 6,1095,5944,3006,2938,21908
2,19,10,Chandranagar Gaunpalika,7,Ward - 7,846,4433,2228,2205,21908
2,19,11,Kabilashi Municipality,1,Ward - 1,735,3711,1884,1827,21915
2,19,11,Kabilashi Municipality,2,Ward - 2,664,3546,1704,1842,21915
2,19,11,Kabilashi Municipality,3,Ward - 3,885,4755,2365,2390,21915
2,19,11,Kabilashi Municipality,4,Ward - 4,794,4402,2277,2125,21915
2,19,11,Kabilashi Municipality,5,Ward - 5,712,4150,2117,2033,21915
2,19,11,Kabilashi Municipality,6,Ward - 6,659,4007,2027,1980,21915
2,19,11,Kabilashi Municipality,7,Ward - 7,731,3824,1959,1865,21915
2,19,11,Kabilashi Municipality,8,Ward - 8,1456,7270,3708,3562,21915
2,19,11,Kabilashi Municipality,9,Ward - 9,739,4125,2162,1963,21915
2,19,11,Kabilashi Municipality,10,Ward - 10,755,4414,2249,2165,21915
2,19,12,Chakraghatta Gaunpalika,1,Ward - 1,496,2551,1323,1228,21907
2,19,12,Chakraghatta Gaunpalika,2,Ward - 2,637,3380,1700,1680,21907
2,19,12,Chakraghatta Gaunpalika,3,Ward - 3,683,4290,2180,2110,21907
2,19,12,Chakraghatta Gaunpalika,4,Ward - 4,474,3346,1696,1650,21907
2,19,12,Chakraghatta Gaunpalika,5,Ward - 5,482,2662,1404,1258,21907
2,19,12,Chakraghatta Gaunpalika,6,Ward - 6,401,2430,1229,1201,21907
2,19,12,Chakraghatta Gaunpalika,7,Ward - 7,637,3776,1945,1831,21907
2,19,12,Chakraghatta Gaunpalika,8,Ward - 8,736,4286,2147,2139,21907
2,19,12,Chakraghatta Gaunpalika,9,Ward - 9,493,2829,1461,1368,21907
2,19,13,Basbariya Gaunpalika,1,Ward - 1,963,5555,2898,2657,21904
2,19,13,Basbariya Gaunpalika,2,Ward - 2,832,4788,2393,2395,21904
2,19,13,Basbariya Gaunpalika,3,Ward - 3,738,3885,1921,1964,21904
2,19,13,Basbariya Gaunpalika,4,Ward - 4,715,3925,2036,1889,21904
2,19,13,Basbariya Gaunpalika,5,Ward - 5,610,3670,1880,1790,21904
2,19,13,Basbariya Gaunpalika,6,Ward - 6,728,4082,2109,1973,21904
2,19,14,Dhanakaul Gaunpalika,1,Ward - 1,997,5428,2778,2650,21909
2,19,14,Dhanakaul Gaunpalika,2,Ward - 2,822,4450,2330,2120,21909
2,19,14,Dhanakaul Gaunpalika,3,Ward - 3,600,3232,1648,1584,21909
2,19,14,Dhanakaul Gaunpalika,4,Ward - 4,748,3838,1942,1896,21909
2,19,14,Dhanakaul Gaunpalika,5,Ward - 5,645,3443,1804,1639,21909
2,19,14,Dhanakaul Gaunpalika,6,Ward - 6,508,2898,1520,1378,21909
2,19,14,Dhanakaul Gaunpalika,7,Ward - 7,792,4685,2388,2297,21909
2,19,15,Ramnagar Gaunpalika,1,Ward - 1,1447,7851,4098,3753,21920
2,19,15,Ramnagar Gaunpalika,2,Ward - 2,813,5596,2870,2726,21920
2,19,15,Ramnagar Gaunpalika,3,Ward - 3,495,2532,1298,1234,21920
2,19,15,Ramnagar Gaunpalika,4,Ward - 4,745,4484,2357,2127,21920
2,19,15,Ramnagar Gaunpalika,5,Ward - 5,396,2264,1163,1101,21920
2,19,15,Ramnagar Gaunpalika,6,Ward - 6,811,4748,2439,2309,21920
2,19,15,Ramnagar Gaunpalika,7,Ward - 7,670,3891,2025,1866,21920
2,19,16,Balara Municipality,1,Ward - 1,683,3943,2053,1890,21902
2,19,16,Balara Municipality,2,Ward - 2,1030,5630,2882,2748,21902
2,19,16,Balara Municipality,3,Ward - 3,504,2778,1461,1317,21902
2,19,16,Balara Municipality,4,Ward - 4,714,4371,2322,2049,21902
2,19,16,Balara Municipality,5,Ward - 5,896,4565,2387,2178,21902
2,19,16,Balara Municipality,6,Ward - 6,895,5185,2618,2567,21902
2,19,16,Balara Municipality,7,Ward - 7,791,4516,2365,2151,21902
2,19,16,Balara Municipality,8,Ward - 8,948,5164,2624,2540,21902
2,19,16,Balara Municipality,9,Ward - 9,696,3965,2016,1949,21902
2,19,16,Balara Municipality,10,Ward - 10,805,4416,2304,2112,21902
2,19,16,Balara Municipality,11,Ward - 11,660,3379,1739,1640,21902
2,19,17,Godaita Municipality,1,Ward - 1,378,2322,1215,1107,21910
2,19,17,Godaita Municipality,2,Ward - 2,1236,7230,3685,3545,21910
2,19,17,Godaita Municipality,3,Ward - 3,901,5347,2780,2567,21910
2,19,17,Godaita Municipality,4,Ward - 4,604,3895,1952,1943,21910
2,19,17,Godaita Municipality,5,Ward - 5,813,5059,2563,2496,21910
2,19,17,Godaita Municipality,6,Ward - 6,713,4187,2138,2049,21910
2,19,17,Godaita Municipality,7,Ward - 7,657,3744,1939,1805,21910
2,19,17,Godaita Municipality,8,Ward - 8,666,3922,1991,1931,21910
2,19,17,Godaita Municipality,9,Ward - 9,554,3289,1697,1592,21910
2,19,17,Godaita Municipality,10,Ward - 10,899,4612,2226,2386,21910
2,19,17,Godaita Municipality,11,Ward - 11,1073,5932,3041,2891,21910
2,19,17,Godaita Municipality,12,Ward - 12,809,4731,2476,2255,21910
2,19,18,Bishnu Gaunpalika,1,Ward - 1,637,3079,1609,1470,21905
2,19,18,Bishnu Gaunpalika,2,Ward - 2,522,2875,1479,1396,21905
2,19,18,Bishnu Gaunpalika,3,Ward - 3,781,3870,2013,1857,21905
2,19,18,Bishnu Gaunpalika,4,Ward - 4,539,2966,1529,1437,21905
2,19,18,Bishnu Gaunpalika,5,Ward - 5,680,3837,1973,1864,21905
2,19,18,Bishnu Gaunpalika,6,Ward - 6,1118,6082,3175,2907,21905
2,19,18,Bishnu Gaunpalika,7,Ward - 7,548,3170,1607,1563,21905
2,19,18,Bishnu Gaunpalika,8,Ward - 8,447,2691,1393,1298,21905
2,19,19,Kaudena Gaunpalika,1,Ward - 1,1179,6271,3226,3045,21916
2,19,19,Kaudena Gaunpalika,2,Ward - 2,808,4234,2099,2135,21916
2,19,19,Kaudena Gaunpalika,3,Ward - 3,1003,4855,2438,2417,21916
2,19,19,Kaudena Gaunpalika,4,Ward - 4,820,4167,2105,2062,21916
2,19,19,Kaudena Gaunpalika,5,Ward - 5,683,3795,1911,1884,21916
2,19,19,Kaudena Gaunpalika,6,Ward - 6,511,2773,1414,1359,21916
2,19,19,Kaudena Gaunpalika,7,Ward - 7,472,2607,1245,1362,21916
2,19,20,Malangawa Municipality,1,Ward - 1,272,1669,861,808,21918
2,19,20,Malangawa Municipality,2,Ward - 2,772,4192,2177,2015,21918
2,19,20,Malangawa Municipality,3,Ward - 3,1280,7736,3882,3854,21918
2,19,20,Malangawa Municipality,4,Ward - 4,981,4823,2481,2342,21918
2,19,20,Malangawa Municipality,5,Ward - 5,766,4472,2278,2194,21918
2,19,20,Malangawa Municipality,6,Ward - 6,981,5816,2897,2919,21918
2,19,20,Malangawa Municipality,7,Ward - 7,1099,6105,3073,3032,21918
2,19,20,Malangawa Municipality,8,Ward - 8,581,2734,1392,1342,21918
2,19,20,Malangawa Municipality,9,Ward - 9,805,3824,2066,1758,21918
2,19,20,Malangawa Municipality,10,Ward - 10,984,4803,2521,2282,21918
2,19,20,Malangawa Municipality,11,Ward - 11,904,5060,2517,2543,21918
2,19,20,Malangawa Municipality,12,Ward - 12,608,3316,1704,1612,21918
2,20,1,Chandrapur Municipality,1,Ward - 1,1623,7108,3471,3637,23203
2,20,1,Chandrapur Municipality,2,Ward - 2,1872,8920,4293,4627,23203
2,20,1,Chandrapur Municipality,3,Ward - 3,1160,5607,2719,2888,23203
2,20,1,Chandrapur Municipality,4,Ward - 4,1911,8667,4292,4375,23203
2,20,1,Chandrapur Municipality,5,Ward - 5,1428,7395,3701,3694,23203
2,20,1,Chandrapur Municipality,6,Ward - 6,1753,8197,4066,4131,23203
2,20,1,Chandrapur Municipality,7,Ward - 7,1595,8345,4222,4123,23203
2,20,1,Chandrapur Municipality,8,Ward - 8,2085,9498,4639,4859,23203
2,20,1,Chandrapur Municipality,9,Ward - 9,1478,7349,3594,3755,23203
2,20,1,Chandrapur Municipality,10,Ward - 10,1915,10721,5307,5414,23203
2,20,2,Gujara Municipality,1,Ward - 1,843,4182,2050,2132,23209
2,20,2,Gujara Municipality,2,Ward - 2,1543,6915,3333,3582,23209
2,20,2,Gujara Municipality,3,Ward - 3,995,5657,2775,2882,23209
2,20,2,Gujara Municipality,4,Ward - 4,996,5614,2719,2895,23209
2,20,2,Gujara Municipality,5,Ward - 5,1340,8977,4338,4639,23209
2,20,2,Gujara Municipality,6,Ward - 6,863,5310,2687,2623,23209
2,20,2,Gujara Municipality,7,Ward - 7,944,5759,2851,2908,23209
2,20,2,Gujara Municipality,8,Ward - 8,1036,5916,2814,3102,23209
2,20,2,Gujara Municipality,9,Ward - 9,1015,5703,2829,2874,23209
2,20,3,Phatuwa Bijayapur Municipality,1,Ward - 1,859,5319,2699,2620,23215
2,20,3,Phatuwa Bijayapur Municipality,2,Ward - 2,646,4128,2080,2048,23215
2,20,3,Phatuwa Bijayapur Municipality,3,Ward - 3,560,3589,1854,1735,23215
2,20,3,Phatuwa Bijayapur Municipality,4,Ward - 4,612,3632,1874,1758,23215
2,20,3,Phatuwa Bijayapur Municipality,5,Ward - 5,854,5482,2585,2897,23215
2,20,3,Phatuwa Bijayapur Municipality,6,Ward - 6,639,4073,2099,1974,23215
2,20,3,Phatuwa Bijayapur Municipality,7,Ward - 7,371,2074,994,1080,23215
2,20,3,Phatuwa Bijayapur Municipality,8,Ward - 8,725,3642,1780,1862,23215
2,20,3,Phatuwa Bijayapur Municipality,9,Ward - 9,554,2857,1342,1515,23215
2,20,3,Phatuwa Bijayapur Municipality,10,Ward - 10,405,1899,954,945,23215
2,20,3,Phatuwa Bijayapur Municipality,11,Ward - 11,1129,5523,2714,2809,23215
2,20,4,Katahariya Municipality,1,Ward - 1,1093,6639,3407,3232,23211
2,20,4,Katahariya Municipality,2,Ward - 2,1389,8574,4332,4242,23211
2,20,4,Katahariya Municipality,3,Ward - 3,650,4125,2131,1994,23211
2,20,4,Katahariya Municipality,4,Ward - 4,1045,6050,3119,2931,23211
2,20,4,Katahariya Municipality,5,Ward - 5,1092,6262,3269,2993,23211
2,20,4,Katahariya Municipality,6,Ward - 6,588,3572,1826,1746,23211
2,20,4,Katahariya Municipality,7,Ward - 7,637,3624,1806,1818,23211
2,20,4,Katahariya Municipality,8,Ward - 8,596,3841,1955,1886,23211
2,20,4,Katahariya Municipality,9,Ward - 9,552,3134,1644,1490,23211
2,20,5,Brindaban Municipality,1,Ward - 1,1429,8516,4292,4224,23202
2,20,5,Brindaban Municipality,2,Ward - 2,916,5632,2831,2801,23202
2,20,5,Brindaban Municipality,3,Ward - 3,906,5347,2751,2596,23202
2,20,5,Brindaban Municipality,4,Ward - 4,858,4915,2472,2443,23202
2,20,5,Brindaban Municipality,5,Ward - 5,305,1782,921,861,23202
2,20,5,Brindaban Municipality,6,Ward - 6,1109,7452,3842,3610,23202
2,20,5,Brindaban Municipality,7,Ward - 7,1196,7254,3544,3710,23202
2,20,5,Brindaban Municipality,8,Ward - 8,670,3811,1900,1911,23202
2,20,5,Brindaban Municipality,9,Ward - 9,753,5033,2341,2692,23202
2,20,6,Gadhimai Municipality,1,Ward - 1,839,5096,2704,2392,23206
2,20,6,Gadhimai Municipality,2,Ward - 2,608,3927,1981,1946,23206
2,20,6,Gadhimai Municipality,3,Ward - 3,1431,9370,4650,4720,23206
2,20,6,Gadhimai Municipality,4,Ward - 4,1084,6754,3494,3260,23206
2,20,6,Gadhimai Municipality,5,Ward - 5,449,2542,1243,1299,23206
2,20,6,Gadhimai Municipality,6,Ward - 6,947,5950,3057,2893,23206
2,20,6,Gadhimai Municipality,7,Ward - 7,1004,6216,3170,3046,23206
2,20,6,Gadhimai Municipality,8,Ward - 8,715,4494,2316,2178,23206
2,20,6,Gadhimai Municipality,9,Ward - 9,710,4786,2434,2352,23206
2,20,7,Madhav Narayan Municipality,1,Ward - 1,828,4598,2384,2214,23212
2,20,7,Madhav Narayan Municipality,2,Ward - 2,617,3600,1851,1749,23212
2,20,7,Madhav Narayan Municipality,3,Ward - 3,960,5425,2761,2664,23212
2,20,7,Madhav Narayan Municipality,4,Ward - 4,738,4610,2337,2273,23212
2,20,7,Madhav Narayan Municipality,5,Ward - 5,784,4672,2397,2275,23212
2,20,7,Madhav Narayan Municipality,6,Ward - 6,1460,8338,4354,3984,23212
2,20,7,Madhav Narayan Municipality,7,Ward - 7,891,4973,2576,2397,23212
2,20,7,Madhav Narayan Municipality,8,Ward - 8,592,3731,1914,1817,23212
2,20,7,Madhav Narayan Municipality,9,Ward - 9,150,947,456,491,23212
2,20,8,Garuda Municipality,1,Ward - 1,1070,7220,3614,3606,23207
2,20,8,Garuda Municipality,2,Ward - 2,893,5537,2866,2671,23207
2,20,8,Garuda Municipality,3,Ward - 3,522,3304,1648,1656,23207
2,20,8,Garuda Municipality,4,Ward - 4,1255,6952,3684,3268,23207
2,20,8,Garuda Municipality,5,Ward - 5,1473,9166,4747,4419,23207
2,20,8,Garuda Municipality,6,Ward - 6,1282,7923,4014,3909,23207
2,20,8,Garuda Municipality,7,Ward - 7,890,5650,2936,2714,23207
2,20,8,Garuda Municipality,8,Ward - 8,1203,7631,3732,3899,23207
2,20,8,Garuda Municipality,9,Ward - 9,1274,7474,3710,3764,23207
2,20,9,Dewahi Gonahi Municipality,1,Ward - 1,705,4237,1936,2301,23204
2,20,9,Dewahi Gonahi Municipality,2,Ward - 2,793,5093,2464,2629,23204
2,20,9,Dewahi Gonahi Municipality,3,Ward - 3,432,2735,1430,1305,23204
2,20,9,Dewahi Gonahi Municipality,4,Ward - 4,866,5512,2769,2743,23204
2,20,9,Dewahi Gonahi Municipality,5,Ward - 5,655,3863,1970,1893,23204
2,20,9,Dewahi Gonahi Municipality,6,Ward - 6,815,4990,2511,2479,23204
2,20,9,Dewahi Gonahi Municipality,7,Ward - 7,934,6023,3018,3005,23204
2,20,9,Dewahi Gonahi Municipality,8,Ward - 8,430,2652,1348,1304,23204
2,20,9,Dewahi Gonahi Municipality,9,Ward - 9,592,3585,1849,1736,23204
2,20,10,Maulapur Municipality,1,Ward - 1,718,4339,2241,2098,23213
2,20,10,Maulapur Municipality,2,Ward - 2,342,2239,1164,1075,23213
2,20,10,Maulapur Municipality,3,Ward - 3,599,3824,1992,1832,23213
2,20,10,Maulapur Municipality,4,Ward - 4,421,2517,1333,1184,23213
2,20,10,Maulapur Municipality,5,Ward - 5,606,3664,1871,1793,23213
2,20,10,Maulapur Municipality,6,Ward - 6,796,4655,2429,2226,23213
2,20,10,Maulapur Municipality,7,Ward - 7,550,3439,1756,1683,23213
2,20,10,Maulapur Municipality,8,Ward - 8,552,3446,1773,1673,23213
2,20,10,Maulapur Municipality,9,Ward - 9,684,4202,2170,2032,23213
2,20,11,Boudhimai Municipality,1,Ward - 1,668,4310,2232,2078,23201
2,20,11,Boudhimai Municipality,2,Ward - 2,645,4078,2082,1996,23201
2,20,11,Boudhimai Municipality,3,Ward - 3,475,3199,1643,1556,23201
2,20,11,Boudhimai Municipality,4,Ward - 4,901,5615,2906,2709,23201
2,20,11,Boudhimai Municipality,5,Ward - 5,738,4857,2470,2387,23201
2,20,11,Boudhimai Municipality,6,Ward - 6,762,4943,2526,2417,23201
2,20,11,Boudhimai Municipality,7,Ward - 7,701,4659,2386,2273,23201
2,20,11,Boudhimai Municipality,8,Ward - 8,607,3924,2048,1876,23201
2,20,11,Boudhimai Municipality,9,Ward - 9,581,3740,1933,1807,23201
2,20,12,Paroha Municipality,1,Ward - 1,473,3603,1683,1920,23214
2,20,12,Paroha Municipality,2,Ward - 2,558,3908,1780,2128,23214
2,20,12,Paroha Municipality,3,Ward - 3,1067,6613,3285,3328,23214
2,20,12,Paroha Municipality,4,Ward - 4,914,5615,2787,2828,23214
2,20,12,Paroha Municipality,5,Ward - 5,567,3840,1913,1927,23214
2,20,12,Paroha Municipality,6,Ward - 6,950,6057,3130,2927,23214
2,20,12,Paroha Municipality,7,Ward - 7,706,4610,2344,2266,23214
2,20,12,Paroha Municipality,8,Ward - 8,890,5344,2758,2586,23214
2,20,12,Paroha Municipality,9,Ward - 9,899,6112,3028,3084,23214
2,20,13,Rajpur Municipality,1,Ward - 1,1195,7801,3810,3991,23217
2,20,13,Rajpur Municipality,2,Ward - 2,935,5827,2789,3038,23217
2,20,13,Rajpur Municipality,3,Ward - 3,1157,7587,3572,4015,23217
2,20,13,Rajpur Municipality,4,Ward - 4,728,5130,2617,2513,23217
2,20,13,Rajpur Municipality,5,Ward - 5,1115,7155,3654,3501,23217
2,20,13,Rajpur Municipality,6,Ward - 6,756,5338,2680,2658,23217
2,20,13,Rajpur Municipality,7,Ward - 7,735,4977,2483,2494,23217
2,20,13,Rajpur Municipality,8,Ward - 8,612,4193,2060,2133,23217
2,20,13,Rajpur Municipality,9,Ward - 9,845,6075,2909,3166,23217
2,20,14,Yamunamai Gaunpalika,1,Ward - 1,883,5556,2808,2748,23218
2,20,14,Yamunamai Gaunpalika,2,Ward - 2,646,3788,1850,1938,23218
2,20,14,Yamunamai Gaunpalika,3,Ward - 3,1158,7219,3400,3819,23218
2,20,14,Yamunamai Gaunpalika,4,Ward - 4,1540,8997,4350,4647,23218
2,20,14,Yamunamai Gaunpalika,5,Ward - 5,484,2854,1479,1375,23218
2,20,15,Durga Bhagawati Gaunpalika,1,Ward - 1,668,3742,1865,1877,23205
2,20,15,Durga Bhagawati Gaunpalika,2,Ward - 2,956,5037,2503,2534,23205
2,20,15,Durga Bhagawati Gaunpalika,3,Ward - 3,744,4085,2073,2012,23205
2,20,15,Durga Bhagawati Gaunpalika,4,Ward - 4,951,5297,2660,2637,23205
2,20,15,Durga Bhagawati Gaunpalika,5,Ward - 5,805,4703,2432,2271,23205
2,20,16,Rajdevi Municipality,1,Ward - 1,736,4385,2207,2178,23216
2,20,16,Rajdevi Municipality,2,Ward - 2,579,3787,1922,1865,23216
2,20,16,Rajdevi Municipality,3,Ward - 3,909,5186,2673,2513,23216
2,20,16,Rajdevi Municipality,4,Ward - 4,401,2383,1207,1176,23216
2,20,16,Rajdevi Municipality,5,Ward - 5,367,1850,887,963,23216
2,20,16,Rajdevi Municipality,6,Ward - 6,969,5225,2490,2735,23216
2,20,16,Rajdevi Municipality,7,Ward - 7,807,4769,2428,2341,23216
2,20,16,Rajdevi Municipality,8,Ward - 8,622,3885,1966,1919,23216
2,20,16,Rajdevi Municipality,9,Ward - 9,756,4188,2091,2097,23216
2,20,17,Gaur Municipality,1,Ward - 1,559,3247,1644,1603,23208
2,20,17,Gaur Municipality,2,Ward - 2,803,4445,2285,2160,23208
2,20,17,Gaur Municipality,3,Ward - 3,850,4786,2485,2301,23208
2,20,17,Gaur Municipality,4,Ward - 4,1001,6043,3263,2780,23208
2,20,17,Gaur Municipality,5,Ward - 5,1413,6721,3479,3242,23208
2,20,17,Gaur Municipality,6,Ward - 6,881,5389,2672,2717,23208
2,20,17,Gaur Municipality,7,Ward - 7,489,2681,1274,1407,23208
2,20,17,Gaur Municipality,8,Ward - 8,637,3385,1756,1629,23208
2,20,17,Gaur Municipality,9,Ward - 9,602,3149,1568,1581,23208
2,20,18,Ishanath Municipality,1,Ward - 1,522,3398,1773,1625,23210
2,20,18,Ishanath Municipality,2,Ward - 2,1171,6734,3384,3350,23210
2,20,18,Ishanath Municipality,3,Ward - 3,1050,6391,3275,3116,23210
2,20,18,Ishanath Municipality,4,Ward - 4,1099,7234,3672,3562,23210
2,20,18,Ishanath Municipality,5,Ward - 5,799,5704,2803,2901,23210
2,20,18,Ishanath Municipality,6,Ward - 6,836,5966,2972,2994,23210
2,20,18,Ishanath Municipality,7,Ward - 7,777,5419,2547,2872,23210
2,20,18,Ishanath Municipality,8,Ward - 8,849,5816,2822,2994,23210
2,20,18,Ishanath Municipality,9,Ward - 9,834,5193,2524,2669,23210
2,21,1,Nijagadh Municipality,1,Ward - 1,489,2250,1099,1151,23310
2,21,1,Nijagadh Municipality,2,Ward - 2,352,1570,756,814,23310
2,21,1,Nijagadh Municipality,3,Ward - 3,437,1900,903,997,23310
2,21,1,Nijagadh Municipality,4,Ward - 4,622,2944,1448,1496,23310
2,21,1,Nijagadh Municipality,5,Ward - 5,512,2262,1104,1158,23310
2,21,1,Nijagadh Municipality,6,Ward - 6,770,3231,1579,1652,23310
2,21,1,Nijagadh Municipality,7,Ward - 7,1139,5178,2547,2631,23310
2,21,1,Nijagadh Municipality,8,Ward - 8,772,3384,1701,1683,23310
2,21,1,Nijagadh Municipality,9,Ward - 9,994,4352,2179,2173,23310
2,21,1,Nijagadh Municipality,10,Ward - 10,531,2744,1322,1422,23310
2,21,1,Nijagadh Municipality,11,Ward - 11,648,2897,1413,1484,23310
2,21,1,Nijagadh Municipality,12,Ward - 12,673,2887,1391,1496,23310
2,21,1,Nijagadh Municipality,13,Ward - 13,485,2088,1004,1084,23310
2,21,2,Kolhabi Municipality,1,Ward - 1,1617,7745,3711,4034,23308
2,21,2,Kolhabi Municipality,2,Ward - 2,733,3274,1596,1678,23308
2,21,2,Kolhabi Municipality,3,Ward - 3,710,3687,1819,1868,23308
2,21,2,Kolhabi Municipality,4,Ward - 4,687,2986,1396,1590,23308
2,21,2,Kolhabi Municipality,5,Ward - 5,1082,5170,2556,2614,23308
2,21,2,Kolhabi Municipality,6,Ward - 6,1587,7295,3535,3760,23308
2,21,2,Kolhabi Municipality,7,Ward - 7,609,3119,1499,1620,23308
2,21,2,Kolhabi Municipality,8,Ward - 8,913,4019,1944,2075,23308
2,21,2,Kolhabi Municipality,9,Ward - 9,893,4710,2342,2368,23308
2,21,2,Kolhabi Municipality,10,Ward - 10,786,4221,2099,2122,23308
2,21,2,Kolhabi Municipality,11,Ward - 11,944,4956,2365,2591,23308
2,21,3,Jitpur Simara Sub-Metropolitian City,1,Ward - 1,2257,8933,4588,4345,23305
2,21,3,Jitpur Simara Sub-Metropolitian City,2,Ward - 2,2576,10548,5269,5279,23305
2,21,3,Jitpur Simara Sub-Metropolitian City,3,Ward - 3,903,3964,2015,1949,23305
2,21,3,Jitpur Simara Sub-Metropolitian City,4,Ward - 4,1131,5224,2539,2685,23305
2,21,3,Jitpur Simara Sub-Metropolitian City,5,Ward - 5,889,4573,2317,2256,23305
2,21,3,Jitpur Simara Sub-Metropolitian City,6,Ward - 6,354,2090,1047,1043,23305
2,21,3,Jitpur Simara Sub-Metropolitian City,7,Ward - 7,2752,14719,7639,7080,23305
2,21,3,Jitpur Simara Sub-Metropolitian City,8,Ward - 8,839,5223,2712,2511,23305
2,21,3,Jitpur Simara Sub-Metropolitian City,9,Ward - 9,628,3292,1691,1601,23305
2,21,3,Jitpur Simara Sub-Metropolitian City,10,Ward - 10,599,3934,2058,1876,23305
2,21,3,Jitpur Simara Sub-Metropolitian City,11,Ward - 11,935,5268,2728,2540,23305
2,21,3,Jitpur Simara Sub-Metropolitian City,12,Ward - 12,858,4542,2286,2256,23305
2,21,3,Jitpur Simara Sub-Metropolitian City,13,Ward - 13,355,1946,971,975,23305
2,21,3,Jitpur Simara Sub-Metropolitian City,14,Ward - 14,1177,5177,2503,2674,23305
2,21,3,Jitpur Simara Sub-Metropolitian City,15,Ward - 15,1412,5956,2826,3130,23305
2,21,3,Jitpur Simara Sub-Metropolitian City,16,Ward - 16,1173,4741,2225,2516,23305
2,21,3,Jitpur Simara Sub-Metropolitian City,17,Ward - 17,983,4426,2089,2337,23305
2,21,3,Jitpur Simara Sub-Metropolitian City,18,Ward - 18,1119,5467,2680,2787,23305
2,21,3,Jitpur Simara Sub-Metropolitian City,19,Ward - 19,973,6166,3057,3109,23305
2,21,3,Jitpur Simara Sub-Metropolitian City,20,Ward - 20,990,5993,3027,2966,23305
2,21,3,Jitpur Simara Sub-Metropolitian City,21,Ward - 21,802,3764,1952,1812,23305
2,21,3,Jitpur Simara Sub-Metropolitian City,22,Ward - 22,707,3327,1644,1683,23305
2,21,3,Jitpur Simara Sub-Metropolitian City,23,Ward - 23,542,3520,1859,1661,23305
2,21,3,Jitpur Simara Sub-Metropolitian City,24,Ward - 24,696,4514,2205,2309,23305
2,21,4,Parawanipur Gaunpalika,1,Ward - 1,947,6196,3236,2960,23312
2,21,4,Parawanipur Gaunpalika,2,Ward - 2,585,3505,1855,1650,23312
2,21,4,Parawanipur Gaunpalika,3,Ward - 3,683,4411,2362,2049,23312
2,21,4,Parawanipur Gaunpalika,4,Ward - 4,921,5651,2984,2667,23312
2,21,4,Parawanipur Gaunpalika,5,Ward - 5,836,4982,2603,2379,23312
2,21,5,Prasauni Gaunpalika,1,Ward - 1,607,3988,2075,1913,23314
2,21,5,Prasauni Gaunpalika,2,Ward - 2,542,3296,1709,1587,23314
2,21,5,Prasauni Gaunpalika,3,Ward - 3,331,2055,1091,964,23314
2,21,5,Prasauni Gaunpalika,4,Ward - 4,1065,6677,3413,3264,23314
2,21,5,Prasauni Gaunpalika,5,Ward - 5,569,3495,1812,1683,23314
2,21,5,Prasauni Gaunpalika,6,Ward - 6,516,3669,1872,1797,23314
2,21,5,Prasauni Gaunpalika,7,Ward - 7,338,2234,1128,1106,23314
2,21,6,Bishrampur Gaunpalika,1,Ward - 1,955,6091,3164,2927,23303
2,21,6,Bishrampur Gaunpalika,2,Ward - 2,818,5175,2711,2464,23303
2,21,6,Bishrampur Gaunpalika,3,Ward - 3,657,4168,2255,1913,23303
2,21,6,Bishrampur Gaunpalika,4,Ward - 4,394,2526,1337,1189,23303
2,21,6,Bishrampur Gaunpalika,5,Ward - 5,1062,6932,3678,3254,23303
2,21,7,Pheta Gaunpalika,1,Ward - 1,1120,7375,3856,3519,23313
2,21,7,Pheta Gaunpalika,2,Ward - 2,262,1642,837,805,23313
2,21,7,Pheta Gaunpalika,3,Ward - 3,946,6224,3163,3061,23313
2,21,7,Pheta Gaunpalika,4,Ward - 4,590,4076,2146,1930,23313
2,21,7,Pheta Gaunpalika,5,Ward - 5,242,1771,904,867,23313
2,21,7,Pheta Gaunpalika,6,Ward - 6,296,2045,987,1058,23313
2,21,7,Pheta Gaunpalika,7,Ward - 7,746,5262,2699,2563,23313
2,21,8,Kalaiya Sub-Metropolitian City,1,Ward - 1,1784,9492,4925,4567,23306
2,21,8,Kalaiya Sub-Metropolitian City,2,Ward - 2,691,5032,2620,2412,23306
2,21,8,Kalaiya Sub-Metropolitian City,3,Ward - 3,747,4964,2555,2409,23306
2,21,8,Kalaiya Sub-Metropolitian City,4,Ward - 4,1118,5803,3061,2742,23306
2,21,8,Kalaiya Sub-Metropolitian City,5,Ward - 5,1061,5713,2932,2781,23306
2,21,8,Kalaiya Sub-Metropolitian City,6,Ward - 6,1114,6279,3319,2960,23306
2,21,8,Kalaiya Sub-Metropolitian City,7,Ward - 7,593,3443,1736,1707,23306
2,21,8,Kalaiya Sub-Metropolitian City,8,Ward - 8,449,2742,1402,1340,23306
2,21,8,Kalaiya Sub-Metropolitian City,9,Ward - 9,698,4529,2316,2213,23306
2,21,8,Kalaiya Sub-Metropolitian City,10,Ward - 10,1082,6988,3563,3425,23306
2,21,8,Kalaiya Sub-Metropolitian City,11,Ward - 11,784,4703,2414,2289,23306
2,21,8,Kalaiya Sub-Metropolitian City,12,Ward - 12,929,6038,3130,2908,23306
2,21,8,Kalaiya Sub-Metropolitian City,13,Ward - 13,737,5169,2698,2471,23306
2,21,8,Kalaiya Sub-Metropolitian City,14,Ward - 14,889,5426,2803,2623,23306
2,21,8,Kalaiya Sub-Metropolitian City,15,Ward - 15,590,4096,2094,2002,23306
2,21,8,Kalaiya Sub-Metropolitian City,16,Ward - 16,1001,6259,3226,3033,23306
2,21,8,Kalaiya Sub-Metropolitian City,17,Ward - 17,484,3186,1616,1570,23306
2,21,8,Kalaiya Sub-Metropolitian City,18,Ward - 18,1026,6148,3156,2992,23306
2,21,8,Kalaiya Sub-Metropolitian City,19,Ward - 19,663,4281,2200,2081,23306
2,21,8,Kalaiya Sub-Metropolitian City,20,Ward - 20,1250,7745,3993,3752,23306
2,21,8,Kalaiya Sub-Metropolitian City,21,Ward - 21,573,3749,1932,1817,23306
2,21,8,Kalaiya Sub-Metropolitian City,22,Ward - 22,569,3626,1863,1763,23306
2,21,8,Kalaiya Sub-Metropolitian City,23,Ward - 23,597,4133,2163,1970,23306
2,21,8,Kalaiya Sub-Metropolitian City,24,Ward - 24,578,3508,1785,1723,23306
2,21,8,Kalaiya Sub-Metropolitian City,25,Ward - 25,605,3862,2035,1827,23306
2,21,8,Kalaiya Sub-Metropolitian City,26,Ward - 26,700,4399,2293,2106,23306
2,21,8,Kalaiya Sub-Metropolitian City,27,Ward - 27,813,4909,2528,2381,23306
2,21,9,Karaiyamai Gaunpalika,1,Ward - 1,595,3274,1578,1696,23307
2,21,9,Karaiyamai Gaunpalika,2,Ward - 2,312,1697,829,868,23307
2,21,9,Karaiyamai Gaunpalika,3,Ward - 3,490,2860,1487,1373,23307
2,21,9,Karaiyamai Gaunpalika,4,Ward - 4,413,2696,1307,1389,23307
2,21,9,Karaiyamai Gaunpalika,5,Ward - 5,646,3834,1933,1901,23307
2,21,9,Karaiyamai Gaunpalika,6,Ward - 6,543,2941,1446,1495,23307
2,21,9,Karaiyamai Gaunpalika,7,Ward - 7,1161,6499,3289,3210,23307
2,21,9,Karaiyamai Gaunpalika,8,Ward - 8,891,5364,2782,2582,23307
2,21,10,Baragadhi Gaunpalika,1,Ward - 1,703,4391,2218,2173,23302
2,21,10,Baragadhi Gaunpalika,2,Ward - 2,979,5536,2791,2745,23302
2,21,10,Baragadhi Gaunpalika,3,Ward - 3,1010,6033,3048,2985,23302
2,21,10,Baragadhi Gaunpalika,4,Ward - 4,856,5339,2700,2639,23302
2,21,10,Baragadhi Gaunpalika,5,Ward - 5,756,4549,2286,2263,23302
2,21,10,Baragadhi Gaunpalika,6,Ward - 6,636,3707,1857,1850,23302
2,21,11,Aadarsha Kotwal Gaunpalika,1,Ward - 1,547,3496,1843,1653,23301
2,21,11,Aadarsha Kotwal Gaunpalika,2,Ward - 2,233,1478,742,736,23301
2,21,11,Aadarsha Kotwal Gaunpalika,3,Ward - 3,778,4756,2369,2387,23301
2,21,11,Aadarsha Kotwal Gaunpalika,4,Ward - 4,628,4623,2336,2287,23301
2,21,11,Aadarsha Kotwal Gaunpalika,5,Ward - 5,901,5584,2911,2673,23301
2,21,11,Aadarsha Kotwal Gaunpalika,6,Ward - 6,756,4488,2346,2142,23301
2,21,11,Aadarsha Kotwal Gaunpalika,7,Ward - 7,511,3500,1800,1700,23301
2,21,11,Aadarsha Kotwal Gaunpalika,8,Ward - 8,534,3439,1720,1719,23301
2,21,12,Simroungadh Municipality,1,Ward - 1,647,4282,2241,2041,23315
2,21,12,Simroungadh Municipality,2,Ward - 2,594,3747,1935,1812,23315
2,21,12,Simroungadh Municipality,3,Ward - 3,584,3814,1924,1890,23315
2,21,12,Simroungadh Municipality,4,Ward - 4,641,4531,2345,2186,23315
2,21,12,Simroungadh Municipality,5,Ward - 5,669,4244,2245,1999,23315
2,21,12,Simroungadh Municipality,6,Ward - 6,875,5521,2818,2703,23315
2,21,12,Simroungadh Municipality,7,Ward - 7,900,5510,2839,2671,23315
2,21,12,Simroungadh Municipality,8,Ward - 8,1063,6399,3343,3056,23315
2,21,12,Simroungadh Municipality,9,Ward - 9,801,5498,2801,2697,23315
2,21,12,Simroungadh Municipality,10,Ward - 10,834,5375,2811,2564,23315
2,21,12,Simroungadh Municipality,11,Ward - 11,923,5957,3028,2929,23315
2,21,13,Pacharauta Municipality,1,Ward - 1,942,6019,3150,2869,23311
2,21,13,Pacharauta Municipality,2,Ward - 2,578,3795,1889,1906,23311
2,21,13,Pacharauta Municipality,3,Ward - 3,557,3555,1826,1729,23311
2,21,13,Pacharauta Municipality,4,Ward - 4,533,3875,2016,1859,23311
2,21,13,Pacharauta Municipality,5,Ward - 5,616,4326,2250,2076,23311
2,21,13,Pacharauta Municipality,6,Ward - 6,575,3789,1923,1866,23311
2,21,13,Pacharauta Municipality,7,Ward - 7,928,5795,2951,2844,23311
2,21,13,Pacharauta Municipality,8,Ward - 8,689,4402,2234,2168,23311
2,21,13,Pacharauta Municipality,9,Ward - 9,749,4968,2563,2405,23311
2,21,14,Mahagadhimai Municipality,1,Ward - 1,1124,6925,3537,3388,23309
2,21,14,Mahagadhimai Municipality,2,Ward - 2,1780,10998,5718,5280,23309
2,21,14,Mahagadhimai Municipality,3,Ward - 3,450,2814,1466,1348,23309
2,21,14,Mahagadhimai Municipality,4,Ward - 4,755,4630,2384,2246,23309
2,21,14,Mahagadhimai Municipality,5,Ward - 5,742,3650,1826,1824,23309
2,21,14,Mahagadhimai Municipality,6,Ward - 6,1216,7513,3923,3590,23309
2,21,14,Mahagadhimai Municipality,7,Ward - 7,823,4861,2531,2330,23309
2,21,14,Mahagadhimai Municipality,8,Ward - 8,819,5331,2675,2656,23309
2,21,14,Mahagadhimai Municipality,9,Ward - 9,691,4585,2404,2181,23309
2,21,14,Mahagadhimai Municipality,10,Ward - 10,731,4473,2242,2231,23309
2,21,14,Mahagadhimai Municipality,11,Ward - 11,630,3644,1853,1791,23309
2,21,15,Devtal Gaunpalika,1,Ward - 1,433,2832,1418,1414,23304
2,21,15,Devtal Gaunpalika,2,Ward - 2,920,6218,3276,2942,23304
2,21,15,Devtal Gaunpalika,3,Ward - 3,566,3608,1883,1725,23304
2,21,15,Devtal Gaunpalika,4,Ward - 4,355,2167,1069,1098,23304
2,21,15,Devtal Gaunpalika,5,Ward - 5,490,3007,1533,1474,23304
2,21,15,Devtal Gaunpalika,6,Ward - 6,640,3922,2067,1855,23304
2,21,15,Devtal Gaunpalika,7,Ward - 7,576,3607,1845,1762,23304
2,21,16,Subarna Gaunpalika,1,Ward - 1,652,4210,2162,2048,23316
2,21,16,Subarna Gaunpalika,2,Ward - 2,670,5054,2648,2406,23316
2,21,16,Subarna Gaunpalika,3,Ward - 3,789,5371,2789,2582,23316
2,21,16,Subarna Gaunpalika,4,Ward - 4,389,2488,1309,1179,23316
2,21,16,Subarna Gaunpalika,5,Ward - 5,458,3024,1579,1445,23316
2,21,16,Subarna Gaunpalika,6,Ward - 6,612,3995,1995,2000,23316
2,21,16,Subarna Gaunpalika,7,Ward - 7,768,5758,2978,2780,23316
2,21,16,Subarna Gaunpalika,8,Ward - 8,735,5241,2704,2537,23316
2,22,1,Thori Gaunpalika,1,Ward - 1,668,2389,1117,1272,23414
2,22,1,Thori Gaunpalika,2,Ward - 2,789,3303,1530,1773,23414
2,22,1,Thori Gaunpalika,3,Ward - 3,925,3523,1664,1859,23414
2,22,1,Thori Gaunpalika,4,Ward - 4,1292,5048,2338,2710,23414
2,22,1,Thori Gaunpalika,5,Ward - 5,778,2956,1430,1526,23414
2,22,2,Jirabhawani Gaunpalika,1,Ward - 1,1407,6355,3021,3334,23407
2,22,2,Jirabhawani Gaunpalika,2,Ward - 2,1002,4588,2321,2267,23407
2,22,2,Jirabhawani Gaunpalika,3,Ward - 3,990,4617,2256,2361,23407
2,22,2,Jirabhawani Gaunpalika,4,Ward - 4,662,3135,1548,1587,23407
2,22,2,Jirabhawani Gaunpalika,5,Ward - 5,810,3982,2004,1978,23407
2,22,3,Jagarnathpur Gaunpalika,1,Ward - 1,1036,5953,3081,2872,23406
2,22,3,Jagarnathpur Gaunpalika,2,Ward - 2,850,4929,2571,2358,23406
2,22,3,Jagarnathpur Gaunpalika,3,Ward - 3,725,4072,1994,2078,23406
2,22,3,Jagarnathpur Gaunpalika,4,Ward - 4,950,5566,2806,2760,23406
2,22,3,Jagarnathpur Gaunpalika,5,Ward - 5,1033,6551,3427,3124,23406
2,22,3,Jagarnathpur Gaunpalika,6,Ward - 6,988,5578,2855,2723,23406
2,22,4,Paterwa Sugauli Gaunpalika,1,Ward - 1,723,4505,2250,2255,23411
2,22,4,Paterwa Sugauli Gaunpalika,2,Ward - 2,881,4415,2183,2232,23411
2,22,4,Paterwa Sugauli Gaunpalika,3,Ward - 3,683,3595,1820,1775,23411
2,22,4,Paterwa Sugauli Gaunpalika,4,Ward - 4,1196,5920,2959,2961,23411
2,22,4,Paterwa Sugauli Gaunpalika,5,Ward - 5,1270,7063,3590,3473,23411
2,22,5,Sakhuwa Prasauni Gaunpalika,1,Ward - 1,1427,6880,3319,3561,23413
2,22,5,Sakhuwa Prasauni Gaunpalika,2,Ward - 2,1430,7288,3660,3628,23413
2,22,5,Sakhuwa Prasauni Gaunpalika,3,Ward - 3,822,5284,2590,2694,23413
2,22,5,Sakhuwa Prasauni Gaunpalika,4,Ward - 4,889,5232,2565,2667,23413
2,22,5,Sakhuwa Prasauni Gaunpalika,5,Ward - 5,846,5206,2661,2545,23413
2,22,5,Sakhuwa Prasauni Gaunpalika,6,Ward - 6,881,5509,2902,2607,23413
2,22,6,Parsagadhi Municipality,1,Ward - 1,742,3523,1747,1776,23410
2,22,6,Parsagadhi Municipality,2,Ward - 2,712,3506,1742,1764,23410
2,22,6,Parsagadhi Municipality,3,Ward - 3,1662,7619,3774,3845,23410
2,22,6,Parsagadhi Municipality,4,Ward - 4,1226,7221,3617,3604,23410
2,22,6,Parsagadhi Municipality,5,Ward - 5,925,6045,3053,2992,23410
2,22,6,Parsagadhi Municipality,6,Ward - 6,567,3406,1791,1615,23410
2,22,6,Parsagadhi Municipality,7,Ward - 7,591,3696,1975,1721,23410
2,22,6,Parsagadhi Municipality,8,Ward - 8,646,3319,1635,1684,23410
2,22,6,Parsagadhi Municipality,9,Ward - 9,561,3234,1677,1557,23410
2,22,7,Birgunj Metropolitian City,1,Ward - 1,1433,8841,4551,4290,23403
2,22,7,Birgunj Metropolitian City,2,Ward - 2,1475,9281,4728,4553,23403
2,22,7,Birgunj Metropolitian City,3,Ward - 3,1377,7604,3976,3628,23403
2,22,7,Birgunj Metropolitian City,4,Ward - 4,670,3285,1646,1639,23403
2,22,7,Birgunj Metropolitian City,5,Ward - 5,975,4440,2295,2145,23403
2,22,7,Birgunj Metropolitian City,6,Ward - 6,684,3564,1843,1721,23403
2,22,7,Birgunj Metropolitian City,7,Ward - 7,789,4141,2197,1944,23403
2,22,7,Birgunj Metropolitian City,8,Ward - 8,904,5008,2559,2449,23403
2,22,7,Birgunj Metropolitian City,9,Ward - 9,884,4133,2202,1931,23403
2,22,7,Birgunj Metropolitian City,10,Ward - 10,3003,14943,7990,6953,23403
2,22,7,Birgunj Metropolitian City,11,Ward - 11,2938,14718,7757,6961,23403
2,22,7,Birgunj Metropolitian City,12,Ward - 12,1769,9499,4924,4575,23403
2,22,7,Birgunj Metropolitian City,13,Ward - 13,2365,12193,6343,5850,23403
2,22,7,Birgunj Metropolitian City,14,Ward - 14,2076,12667,6539,6128,23403
2,22,7,Birgunj Metropolitian City,15,Ward - 15,3177,15771,8364,7407,23403
2,22,7,Birgunj Metropolitian City,16,Ward - 16,3661,21375,11340,10035,23403
2,22,7,Birgunj Metropolitian City,17,Ward - 17,1447,9765,5081,4684,23403
2,22,7,Birgunj Metropolitian City,18,Ward - 18,1305,8198,4362,3836,23403
2,22,7,Birgunj Metropolitian City,19,Ward - 19,982,5971,3094,2877,23403
2,22,7,Birgunj Metropolitian City,20,Ward - 20,1159,7648,3999,3649,23403
2,22,7,Birgunj Metropolitian City,21,Ward - 21,1350,8426,4410,4016,23403
2,22,7,Birgunj Metropolitian City,22,Ward - 22,690,4797,2485,2312,23403
2,22,7,Birgunj Metropolitian City,23,Ward - 23,832,5343,2809,2534,23403
2,22,7,Birgunj Metropolitian City,24,Ward - 24,1632,10277,5488,4789,23403
2,22,7,Birgunj Metropolitian City,25,Ward - 25,635,4362,2320,2042,23403
2,22,7,Birgunj Metropolitian City,26,Ward - 26,989,6509,3262,3247,23403
2,22,7,Birgunj Metropolitian City,27,Ward - 27,1190,7400,3885,3515,23403
2,22,7,Birgunj Metropolitian City,28,Ward - 28,1165,7380,3843,3537,23403
2,22,7,Birgunj Metropolitian City,29,Ward - 29,1234,7858,4052,3806,23403
2,22,7,Birgunj Metropolitian City,30,Ward - 30,776,5138,2637,2501,23403
2,22,7,Birgunj Metropolitian City,31,Ward - 31,1683,10444,5367,5077,23403
2,22,7,Birgunj Metropolitian City,32,Ward - 32,1865,11403,5847,5556,23403
2,22,8,Bahudarmai Municipality,1,Ward - 1,543,3384,1767,1617,23401
2,22,8,Bahudarmai Municipality,2,Ward - 2,1039,7079,3677,3402,23401
2,22,8,Bahudarmai Municipality,3,Ward - 3,609,4034,2096,1938,23401
2,22,8,Bahudarmai Municipality,4,Ward - 4,1031,6201,3318,2883,23401
2,22,8,Bahudarmai Municipality,5,Ward - 5,888,5134,2682,2452,23401
2,22,8,Bahudarmai Municipality,6,Ward - 6,790,4783,2562,2221,23401
2,22,8,Bahudarmai Municipality,7,Ward - 7,763,4694,2414,2280,23401
2,22,8,Bahudarmai Municipality,8,Ward - 8,594,3655,1917,1738,23401
2,22,8,Bahudarmai Municipality,9,Ward - 9,700,4514,2298,2216,23401
2,22,9,Pokhariya Municipality,1,Ward - 1,465,2688,1416,1272,23412
2,22,9,Pokhariya Municipality,2,Ward - 2,677,4304,2231,2073,23412
2,22,9,Pokhariya Municipality,3,Ward - 3,778,5111,2690,2421,23412
2,22,9,Pokhariya Municipality,4,Ward - 4,514,3331,1723,1608,23412
2,22,9,Pokhariya Municipality,5,Ward - 5,401,2500,1299,1201,23412
2,22,9,Pokhariya Municipality,6,Ward - 6,671,4013,2111,1902,23412
2,22,9,Pokhariya Municipality,7,Ward - 7,516,3179,1611,1568,23412
2,22,9,Pokhariya Municipality,8,Ward - 8,665,3733,1907,1826,23412
2,22,9,Pokhariya Municipality,9,Ward - 9,1000,6412,3337,3075,23412
2,22,9,Pokhariya Municipality,10,Ward - 10,389,2404,1237,1167,23412
2,22,10,Kalikamai Gaunpalika,1,Ward - 1,1041,6537,3441,3096,23408
2,22,10,Kalikamai Gaunpalika,2,Ward - 2,1016,6543,3405,3138,23408
2,22,10,Kalikamai Gaunpalika,3,Ward - 3,502,3315,1705,1610,23408
2,22,10,Kalikamai Gaunpalika,4,Ward - 4,506,3249,1640,1609,23408
2,22,10,Kalikamai Gaunpalika,5,Ward - 5,632,3836,1967,1869,23408
2,22,11,Dhobini Gaunpalika,1,Ward - 1,393,2325,1201,1124,23405
2,22,11,Dhobini Gaunpalika,2,Ward - 2,729,4539,2394,2145,23405
2,22,11,Dhobini Gaunpalika,3,Ward - 3,819,5594,2871,2723,23405
2,22,11,Dhobini Gaunpalika,4,Ward - 4,601,3934,1976,1958,23405
2,22,11,Dhobini Gaunpalika,5,Ward - 5,957,6214,3169,3045,23405
2,22,12,Chhipaharmai Gaunpalika,1,Ward - 1,729,4604,2393,2211,23404
2,22,12,Chhipaharmai Gaunpalika,2,Ward - 2,1376,7925,4132,3793,23404
2,22,12,Chhipaharmai Gaunpalika,3,Ward - 3,882,5602,2875,2727,23404
2,22,12,Chhipaharmai Gaunpalika,4,Ward - 4,789,5020,2587,2433,23404
2,22,12,Chhipaharmai Gaunpalika,5,Ward - 5,887,5931,3000,2931,23404
2,22,13,Pakaha Mainpur Gaunpalika,1,Ward - 1,879,5197,2660,2537,23409
2,22,13,Pakaha Mainpur Gaunpalika,2,Ward - 2,720,4500,2447,2053,23409
2,22,13,Pakaha Mainpur Gaunpalika,3,Ward - 3,533,3640,1881,1759,23409
2,22,13,Pakaha Mainpur Gaunpalika,4,Ward - 4,646,4725,2479,2246,23409
2,22,13,Pakaha Mainpur Gaunpalika,5,Ward - 5,752,4523,2331,2192,23409
2,22,14,Bindabasini Gaunpalika,1,Ward - 1,282,1764,894,870,23402
2,22,14,Bindabasini Gaunpalika,2,Ward - 2,815,5416,2785,2631,23402
2,22,14,Bindabasini Gaunpalika,3,Ward - 3,1033,6221,3218,3003,23402
2,22,14,Bindabasini Gaunpalika,4,Ward - 4,764,4733,2441,2292,23402
2,22,14,Bindabasini Gaunpalika,5,Ward - 5,998,6857,3516,3341,23402
3,23,1,Gaurishankar Gaunpalika,1,Ward - 1,503,1704,844,860,32204
3,23,1,Gaurishankar Gaunpalika,2,Ward - 2,473,1495,686,809,32204
3,23,1,Gaurishankar Gaunpalika,3,Ward - 3,504,1695,816,879,32204
3,23,1,Gaurishankar Gaunpalika,4,Ward - 4,540,2201,1082,1119,32204
3,23,1,Gaurishankar Gaunpalika,5,Ward - 5,778,2997,1474,1523,32204
3,23,1,Gaurishankar Gaunpalika,6,Ward - 6,411,1468,705,763,32204
3,23,1,Gaurishankar Gaunpalika,7,Ward - 7,371,1506,758,748,32204
3,23,1,Gaurishankar Gaunpalika,8,Ward - 8,467,1718,877,841,32204
3,23,1,Gaurishankar Gaunpalika,9,Ward - 9,352,1211,611,600,32204
3,23,2,Bigu Gaunpalika,1,Ward - 1,636,2290,1133,1157,32203
3,23,2,Bigu Gaunpalika,2,Ward - 2,537,1925,944,981,32203
3,23,2,Bigu Gaunpalika,3,Ward - 3,529,1696,799,897,32203
3,23,2,Bigu Gaunpalika,4,Ward - 4,974,3208,1524,1684,32203
3,23,2,Bigu Gaunpalika,5,Ward - 5,652,2322,1135,1187,32203
3,23,2,Bigu Gaunpalika,6,Ward - 6,458,1615,794,821,32203
3,23,2,Bigu Gaunpalika,7,Ward - 7,397,1339,633,706,32203
3,23,2,Bigu Gaunpalika,8,Ward - 8,564,2095,1008,1087,32203
3,23,3,Kalinchowk Gaunpalika,1,Ward - 1,719,2807,1391,1416,32206
3,23,3,Kalinchowk Gaunpalika,2,Ward - 2,884,3113,1488,1625,32206
3,23,3,Kalinchowk Gaunpalika,3,Ward - 3,609,2111,1046,1065,32206
3,23,3,Kalinchowk Gaunpalika,4,Ward - 4,562,1936,941,995,32206
3,23,3,Kalinchowk Gaunpalika,5,Ward - 5,640,2164,1053,1111,32206
3,23,3,Kalinchowk Gaunpalika,6,Ward - 6,779,2520,1241,1279,32206
3,23,3,Kalinchowk Gaunpalika,7,Ward - 7,583,1875,914,961,32206
3,23,3,Kalinchowk Gaunpalika,8,Ward - 8,602,1990,945,1045,32206
3,23,3,Kalinchowk Gaunpalika,9,Ward - 9,773,2581,1250,1331,32206
3,23,4,Baiteshwor Gaunpalika,1,Ward - 1,701,2307,1093,1214,32201
3,23,4,Baiteshwor Gaunpalika,2,Ward - 2,627,1967,937,1030,32201
3,23,4,Baiteshwor Gaunpalika,3,Ward - 3,679,2205,1018,1187,32201
3,23,4,Baiteshwor Gaunpalika,4,Ward - 4,619,2033,960,1073,32201
3,23,4,Baiteshwor Gaunpalika,5,Ward - 5,811,2756,1335,1421,32201
3,23,4,Baiteshwor Gaunpalika,6,Ward - 6,773,2470,1186,1284,32201
3,23,4,Baiteshwor Gaunpalika,7,Ward - 7,575,2151,1035,1116,32201
3,23,4,Baiteshwor Gaunpalika,8,Ward - 8,588,2007,969,1038,32201
3,23,5,Jiri Municipality,1,Ward - 1,356,1883,936,947,32205
3,23,5,Jiri Municipality,2,Ward - 2,425,1515,744,771,32205
3,23,5,Jiri Municipality,3,Ward - 3,422,1473,699,774,32205
3,23,5,Jiri Municipality,4,Ward - 4,439,1585,754,831,32205
3,23,5,Jiri Municipality,5,Ward - 5,567,2045,963,1082,32205
3,23,5,Jiri Municipality,6,Ward - 6,561,2113,1027,1086,32205
3,23,5,Jiri Municipality,7,Ward - 7,468,1800,866,934,32205
3,23,5,Jiri Municipality,8,Ward - 8,510,1798,876,922,32205
3,23,5,Jiri Municipality,9,Ward - 9,496,1897,944,953,32205
3,23,6,Tamakoshi Gaunpalika,1,Ward - 1,650,2107,1030,1077,32209
3,23,6,Tamakoshi Gaunpalika,2,Ward - 2,534,1710,819,891,32209
3,23,6,Tamakoshi Gaunpalika,3,Ward - 3,871,3002,1489,1513,32209
3,23,6,Tamakoshi Gaunpalika,4,Ward - 4,606,1965,918,1047,32209
3,23,6,Tamakoshi Gaunpalika,5,Ward - 5,754,2372,1109,1263,32209
3,23,6,Tamakoshi Gaunpalika,6,Ward - 6,615,2139,1035,1104,32209
3,23,6,Tamakoshi Gaunpalika,7,Ward - 7,455,1868,917,951,32209
3,23,7,Melung Gaunpalika,1,Ward - 1,1087,3581,1695,1886,32207
3,23,7,Melung Gaunpalika,2,Ward - 2,440,1341,621,720,32207
3,23,7,Melung Gaunpalika,3,Ward - 3,545,1797,844,953,32207
3,23,7,Melung Gaunpalika,4,Ward - 4,889,2833,1312,1521,32207
3,23,7,Melung Gaunpalika,5,Ward - 5,653,2275,1039,1236,32207
3,23,7,Melung Gaunpalika,6,Ward - 6,609,2009,926,1083,32207
3,23,7,Melung Gaunpalika,7,Ward - 7,573,2057,1019,1038,32207
3,23,8,Shailung Gaunpalika,1,Ward - 1,603,1910,890,1020,32208
3,23,8,Shailung Gaunpalika,2,Ward - 2,555,1950,942,1008,32208
3,23,8,Shailung Gaunpalika,3,Ward - 3,784,2711,1325,1386,32208
3,23,8,Shailung Gaunpalika,4,Ward - 4,626,1997,963,1034,32208
3,23,8,Shailung Gaunpalika,5,Ward - 5,426,1377,621,756,32208
3,23,8,Shailung Gaunpalika,6,Ward - 6,500,1758,830,928,32208
3,23,8,Shailung Gaunpalika,7,Ward - 7,606,1975,917,1058,32208
3,23,8,Shailung Gaunpalika,8,Ward - 8,1034,4245,2096,2149,32208
3,23,9,Bhimeshwor Municipality,1,Ward - 1,961,3363,1595,1768,32202
3,23,9,Bhimeshwor Municipality,2,Ward - 2,1183,3802,1800,2002,32202
3,23,9,Bhimeshwor Municipality,3,Ward - 3,1543,5836,2899,2937,32202
3,23,9,Bhimeshwor Municipality,4,Ward - 4,543,1749,785,964,32202
3,23,9,Bhimeshwor Municipality,5,Ward - 5,1157,3731,1699,2032,32202
3,23,9,Bhimeshwor Municipality,6,Ward - 6,2075,7572,3733,3839,32202
3,23,9,Bhimeshwor Municipality,7,Ward - 7,942,3142,1498,1644,32202
3,23,9,Bhimeshwor Municipality,8,Ward - 8,766,2278,1052,1226,32202
3,23,9,Bhimeshwor Municipality,9,Ward - 9,994,3239,1569,1670,32202
3,24,1,Bhotekoshi Gaunpalika,1,Ward - 1,994,3376,1691,1685,32303
3,24,1,Bhotekoshi Gaunpalika,2,Ward - 2,636,2226,1146,1080,32303
3,24,1,Bhotekoshi Gaunpalika,3,Ward - 3,384,1732,868,864,32303
3,24,1,Bhotekoshi Gaunpalika,4,Ward - 4,937,3943,1997,1946,32303
3,24,1,Bhotekoshi Gaunpalika,5,Ward - 5,781,3041,1572,1469,32303
3,24,2,Jugal Gaunpalika,1,Ward - 1,721,2940,1479,1461,32307
3,24,2,Jugal Gaunpalika,2,Ward - 2,804,3614,1829,1785,32307
3,24,2,Jugal Gaunpalika,3,Ward - 3,756,3291,1671,1620,32307
3,24,2,Jugal Gaunpalika,4,Ward - 4,619,2399,1234,1165,32307
3,24,2,Jugal Gaunpalika,5,Ward - 5,755,2814,1409,1405,32307
3,24,2,Jugal Gaunpalika,6,Ward - 6,301,1108,537,571,32307
3,24,2,Jugal Gaunpalika,7,Ward - 7,572,2137,1035,1102,32307
3,24,3,Panchpokhari Thangpal Gaunpalika,1,Ward - 1,652,2092,1063,1029,32310
3,24,3,Panchpokhari Thangpal Gaunpalika,2,Ward - 2,556,1696,904,792,32310
3,24,3,Panchpokhari Thangpal Gaunpalika,3,Ward - 3,824,3003,1561,1442,32310
3,24,3,Panchpokhari Thangpal Gaunpalika,4,Ward - 4,760,2687,1372,1315,32310
3,24,3,Panchpokhari Thangpal Gaunpalika,5,Ward - 5,575,2288,1162,1126,32310
3,24,3,Panchpokhari Thangpal Gaunpalika,6,Ward - 6,924,3236,1622,1614,32310
3,24,3,Panchpokhari Thangpal Gaunpalika,7,Ward - 7,982,3640,1795,1845,32310
3,24,3,Panchpokhari Thangpal Gaunpalika,8,Ward - 8,641,2355,1135,1220,32310
3,24,4,Helambu Gaunpalika,1,Ward - 1,709,2311,1199,1112,32305
3,24,4,Helambu Gaunpalika,2,Ward - 2,782,2750,1399,1351,32305
3,24,4,Helambu Gaunpalika,3,Ward - 3,537,1929,942,987,32305
3,24,4,Helambu Gaunpalika,4,Ward - 4,549,2057,990,1067,32305
3,24,4,Helambu Gaunpalika,5,Ward - 5,610,2633,1300,1333,32305
3,24,4,Helambu Gaunpalika,6,Ward - 6,762,2822,1461,1361,32305
3,24,4,Helambu Gaunpalika,7,Ward - 7,741,2995,1490,1505,32305
3,24,5,Melanchi Municipality,1,Ward - 1,718,2590,1277,1313,32309
3,24,5,Melanchi Municipality,2,Ward - 2,340,1203,582,621,32309
3,24,5,Melanchi Municipality,3,Ward - 3,580,2034,971,1063,32309
3,24,5,Melanchi Municipality,4,Ward - 4,769,2839,1346,1493,32309
3,24,5,Melanchi Municipality,5,Ward - 5,616,2318,1174,1144,32309
3,24,5,Melanchi Municipality,6,Ward - 6,738,2627,1260,1367,32309
3,24,5,Melanchi Municipality,7,Ward - 7,1091,3892,1892,2000,32309
3,24,5,Melanchi Municipality,8,Ward - 8,550,1803,858,945,32309
3,24,5,Melanchi Municipality,9,Ward - 9,1144,4293,2075,2218,32309
3,24,5,Melanchi Municipality,10,Ward - 10,853,3127,1521,1606,32309
3,24,5,Melanchi Municipality,11,Ward - 11,1536,5898,2898,3000,32309
3,24,5,Melanchi Municipality,12,Ward - 12,1256,4830,2338,2492,32309
3,24,5,Melanchi Municipality,13,Ward - 13,989,3609,1771,1838,32309
3,24,6,Indrawoti Gaunpalika,1,Ward - 1,562,1996,1040,956,32306
3,24,6,Indrawoti Gaunpalika,2,Ward - 2,585,2408,1164,1244,32306
3,24,6,Indrawoti Gaunpalika,3,Ward - 3,386,1362,661,701,32306
3,24,6,Indrawoti Gaunpalika,4,Ward - 4,893,3256,1557,1699,32306
3,24,6,Indrawoti Gaunpalika,5,Ward - 5,722,2622,1277,1345,32306
3,24,6,Indrawoti Gaunpalika,6,Ward - 6,471,1602,773,829,32306
3,24,6,Indrawoti Gaunpalika,7,Ward - 7,434,1506,724,782,32306
3,24,6,Indrawoti Gaunpalika,8,Ward - 8,453,1638,763,875,32306
3,24,6,Indrawoti Gaunpalika,9,Ward - 9,380,1428,665,763,32306
3,24,6,Indrawoti Gaunpalika,10,Ward - 10,672,2449,1165,1284,32306
3,24,6,Indrawoti Gaunpalika,11,Ward - 11,445,1840,857,983,32306
3,24,6,Indrawoti Gaunpalika,12,Ward - 12,777,3258,1537,1721,32306
3,24,7,Choutara Sangachowkgadhi Municipality,1,Ward - 1,857,3116,1462,1654,32304
3,24,7,Choutara Sangachowkgadhi Municipality,2,Ward - 2,508,1697,818,879,32304
3,24,7,Choutara Sangachowkgadhi Municipality,3,Ward - 3,566,1943,930,1013,32304
3,24,7,Choutara Sangachowkgadhi Municipality,4,Ward - 4,776,2817,1363,1454,32304
3,24,7,Choutara Sangachowkgadhi Municipality,5,Ward - 5,1804,6638,3191,3447,32304
3,24,7,Choutara Sangachowkgadhi Municipality,6,Ward - 6,787,2835,1269,1566,32304
3,24,7,Choutara Sangachowkgadhi Municipality,7,Ward - 7,794,2860,1361,1499,32304
3,24,7,Choutara Sangachowkgadhi Municipality,8,Ward - 8,813,3131,1411,1720,32304
3,24,7,Choutara Sangachowkgadhi Municipality,9,Ward - 9,876,3709,1810,1899,32304
3,24,7,Choutara Sangachowkgadhi Municipality,10,Ward - 10,845,3110,1505,1605,32304
3,24,7,Choutara Sangachowkgadhi Municipality,11,Ward - 11,867,3489,1647,1842,32304
3,24,7,Choutara Sangachowkgadhi Municipality,12,Ward - 12,643,2139,947,1192,32304
3,24,7,Choutara Sangachowkgadhi Municipality,13,Ward - 13,906,3147,1402,1745,32304
3,24,7,Choutara Sangachowkgadhi Municipality,14,Ward - 14,548,2037,951,1086,32304
3,24,8,Balephi Gaunpalika,1,Ward - 1,692,2482,1261,1221,32301
3,24,8,Balephi Gaunpalika,2,Ward - 2,433,1487,729,758,32301
3,24,8,Balephi Gaunpalika,3,Ward - 3,604,2016,997,1019,32301
3,24,8,Balephi Gaunpalika,4,Ward - 4,536,1841,894,947,32301
3,24,8,Balephi Gaunpalika,5,Ward - 5,640,2555,1254,1301,32301
3,24,8,Balephi Gaunpalika,6,Ward - 6,656,2311,1141,1170,32301
3,24,8,Balephi Gaunpalika,7,Ward - 7,743,2630,1257,1373,32301
3,24,8,Balephi Gaunpalika,8,Ward - 8,525,1763,874,889,32301
3,24,9,Bahrabise Municipality,1,Ward - 1,203,830,411,419,32302
3,24,9,Bahrabise Municipality,2,Ward - 2,965,3311,1650,1661,32302
3,24,9,Bahrabise Municipality,3,Ward - 3,838,3154,1589,1565,32302
3,24,9,Bahrabise Municipality,4,Ward - 4,808,2891,1463,1428,32302
3,24,9,Bahrabise Municipality,5,Ward - 5,514,1898,945,953,32302
3,24,9,Bahrabise Municipality,6,Ward - 6,520,1934,970,964,32302
3,24,9,Bahrabise Municipality,7,Ward - 7,942,3322,1642,1680,32302
3,24,9,Bahrabise Municipality,8,Ward - 8,875,3198,1542,1656,32302
3,24,9,Bahrabise Municipality,9,Ward - 9,990,3571,1808,1763,32302
3,24,10,Tripurasundari Gaunpalika,1,Ward - 1,289,998,513,485,32312
3,24,10,Tripurasundari Gaunpalika,2,Ward - 2,729,2522,1225,1297,32312
3,24,10,Tripurasundari Gaunpalika,3,Ward - 3,810,2870,1414,1456,32312
3,24,10,Tripurasundari Gaunpalika,4,Ward - 4,633,2308,1164,1144,32312
3,24,10,Tripurasundari Gaunpalika,5,Ward - 5,738,1857,848,1009,32312
3,24,10,Tripurasundari Gaunpalika,6,Ward - 6,452,1459,702,757,32312
3,24,11,Lisankhu Pakhar Gaunpalika,1,Ward - 1,499,1447,700,747,32308
3,24,11,Lisankhu Pakhar Gaunpalika,2,Ward - 2,397,1230,581,649,32308
3,24,11,Lisankhu Pakhar Gaunpalika,3,Ward - 3,447,1317,653,664,32308
3,24,11,Lisankhu Pakhar Gaunpalika,4,Ward - 4,481,1572,758,814,32308
3,24,11,Lisankhu Pakhar Gaunpalika,5,Ward - 5,698,2347,1168,1179,32308
3,24,11,Lisankhu Pakhar Gaunpalika,6,Ward - 6,385,1230,589,641,32308
3,24,11,Lisankhu Pakhar Gaunpalika,7,Ward - 7,790,2607,1257,1350,32308
3,24,12,Sunkoshi Gaunpalika,1,Ward - 1,595,2054,971,1083,32311
3,24,12,Sunkoshi Gaunpalika,2,Ward - 2,519,1782,853,929,32311
3,24,12,Sunkoshi Gaunpalika,3,Ward - 3,557,2035,980,1055,32311
3,24,12,Sunkoshi Gaunpalika,4,Ward - 4,395,1246,617,629,32311
3,24,12,Sunkoshi Gaunpalika,5,Ward - 5,625,1971,958,1013,32311
3,24,12,Sunkoshi Gaunpalika,6,Ward - 6,971,3026,1425,1601,32311
3,24,12,Sunkoshi Gaunpalika,7,Ward - 7,789,3062,1507,1555,32311
3,25,1,Gosaikunda Gaunpalika,1,Ward - 1,283,826,420,406,32901
3,25,1,Gosaikunda Gaunpalika,2,Ward - 2,163,550,293,257,32901
3,25,1,Gosaikunda Gaunpalika,3,Ward - 3,169,508,253,255,32901
3,25,1,Gosaikunda Gaunpalika,4,Ward - 4,110,420,210,210,32901
3,25,1,Gosaikunda Gaunpalika,5,Ward - 5,583,2472,1273,1199,32901
3,25,1,Gosaikunda Gaunpalika,6,Ward - 6,730,3012,1524,1488,32901
3,25,2,Aamachhodingmo Gaunpalika,1,Ward - 1,311,1491,755,736,32904
3,25,2,Aamachhodingmo Gaunpalika,2,Ward - 2,240,982,521,461,32904
3,25,2,Aamachhodingmo Gaunpalika,3,Ward - 3,350,1353,718,635,32904
3,25,2,Aamachhodingmo Gaunpalika,4,Ward - 4,300,1080,555,525,32904
3,25,2,Aamachhodingmo Gaunpalika,5,Ward - 5,463,1767,931,836,32904
3,25,3,Uttargaya Gaunpalika,1,Ward - 1,293,1205,598,607,32905
3,25,3,Uttargaya Gaunpalika,2,Ward - 2,315,1277,611,666,32905
3,25,3,Uttargaya Gaunpalika,3,Ward - 3,296,1113,568,545,32905
3,25,3,Uttargaya Gaunpalika,4,Ward - 4,527,2048,1019,1029,32905
3,25,3,Uttargaya Gaunpalika,5,Ward - 5,757,2912,1439,1473,32905
3,25,4,Shuva Kalika Gaunpalika,1,Ward - 1,614,2579,1294,1285,32902
3,25,4,Shuva Kalika Gaunpalika,2,Ward - 2,682,2899,1418,1481,32902
3,25,4,Shuva Kalika Gaunpalika,3,Ward - 3,428,1665,826,839,32902
3,25,4,Shuva Kalika Gaunpalika,4,Ward - 4,249,1032,508,524,32902
3,25,4,Shuva Kalika Gaunpalika,5,Ward - 5,474,1940,975,965,32902
3,25,5,Naukunda Gaunpalika,1,Ward - 1,490,2321,1211,1110,32903
3,25,5,Naukunda Gaunpalika,2,Ward - 2,326,1349,689,660,32903
3,25,5,Naukunda Gaunpalika,3,Ward - 3,467,1967,944,1023,32903
3,25,5,Naukunda Gaunpalika,4,Ward - 4,474,2021,1019,1002,32903
3,25,5,Naukunda Gaunpalika,5,Ward - 5,511,2082,1025,1057,32903
3,25,5,Naukunda Gaunpalika,6,Ward - 6,526,2604,1321,1283,32903
3,26,1,Rubi Valley Gaunpalika,1,Ward - 1,479,1898,978,920,33010
3,26,1,Rubi Valley Gaunpalika,2,Ward - 2,389,1651,829,822,33010
3,26,1,Rubi Valley Gaunpalika,3,Ward - 3,417,1570,785,785,33010
3,26,1,Rubi Valley Gaunpalika,4,Ward - 4,419,1701,839,862,33010
3,26,1,Rubi Valley Gaunpalika,5,Ward - 5,682,2819,1360,1459,33010
3,26,1,Rubi Valley Gaunpalika,6,Ward - 6,263,1142,568,574,33010
3,26,2,Khaniyabas Gaunpalika,1,Ward - 1,336,1293,640,653,33007
3,26,2,Khaniyabas Gaunpalika,2,Ward - 2,465,2054,1039,1015,33007
3,26,2,Khaniyabas Gaunpalika,3,Ward - 3,661,2400,1124,1276,33007
3,26,2,Khaniyabas Gaunpalika,4,Ward - 4,483,1796,893,903,33007
3,26,2,Khaniyabas Gaunpalika,5,Ward - 5,740,2744,1312,1432,33007
3,26,3,Ganga Jamuna Gaunpalika,1,Ward - 1,658,2436,1216,1220,33005
3,26,3,Ganga Jamuna Gaunpalika,2,Ward - 2,684,2607,1278,1329,33005
3,26,3,Ganga Jamuna Gaunpalika,3,Ward - 3,557,1970,946,1024,33005
3,26,3,Ganga Jamuna Gaunpalika,4,Ward - 4,569,2114,1011,1103,33005
3,26,3,Ganga Jamuna Gaunpalika,5,Ward - 5,1005,3740,1796,1944,33005
3,26,3,Ganga Jamuna Gaunpalika,6,Ward - 6,890,3255,1611,1644,33005
3,26,3,Ganga Jamuna Gaunpalika,7,Ward - 7,901,3143,1449,1694,33005
3,26,4,Tripurasundari Gaunpalika,1,Ward - 1,1138,4459,2115,2344,33013
3,26,4,Tripurasundari Gaunpalika,2,Ward - 2,1191,4526,2190,2336,33013
3,26,4,Tripurasundari Gaunpalika,3,Ward - 3,726,2553,1182,1371,33013
3,26,4,Tripurasundari Gaunpalika,4,Ward - 4,665,2439,1167,1272,33013
3,26,4,Tripurasundari Gaunpalika,5,Ward - 5,637,2179,1006,1173,33013
3,26,4,Tripurasundari Gaunpalika,6,Ward - 6,770,2698,1266,1432,33013
3,26,4,Tripurasundari Gaunpalika,7,Ward - 7,820,3083,1485,1598,33013
3,26,5,Netrawati Dabjong Gaunpalika,1,Ward - 1,660,2327,1101,1226,33008
3,26,5,Netrawati Dabjong Gaunpalika,2,Ward - 2,504,1585,764,821,33008
3,26,5,Netrawati Dabjong Gaunpalika,3,Ward - 3,639,2277,1115,1162,33008
3,26,5,Netrawati Dabjong Gaunpalika,4,Ward - 4,724,2521,1142,1379,33008
3,26,5,Netrawati Dabjong Gaunpalika,5,Ward - 5,736,2600,1239,1361,33008
3,26,6,Nilkhantha Municipality,1,Ward - 1,609,2131,933,1198,33009
3,26,6,Nilkhantha Municipality,2,Ward - 2,1276,4826,2227,2599,33009
3,26,6,Nilkhantha Municipality,3,Ward - 3,3591,12761,6023,6738,33009
3,26,6,Nilkhantha Municipality,4,Ward - 4,1632,5958,2753,3205,33009
3,26,6,Nilkhantha Municipality,5,Ward - 5,1005,3598,1655,1943,33009
3,26,6,Nilkhantha Municipality,6,Ward - 6,717,2528,1163,1365,33009
3,26,6,Nilkhantha Municipality,7,Ward - 7,821,3018,1454,1564,33009
3,26,6,Nilkhantha Municipality,8,Ward - 8,1212,4704,2294,2410,33009
3,26,6,Nilkhantha Municipality,9,Ward - 9,948,3269,1489,1780,33009
3,26,6,Nilkhantha Municipality,10,Ward - 10,767,2524,1157,1367,33009
3,26,6,Nilkhantha Municipality,11,Ward - 11,986,3322,1451,1871,33009
3,26,6,Nilkhantha Municipality,12,Ward - 12,1123,4410,2127,2283,33009
3,26,6,Nilkhantha Municipality,13,Ward - 13,677,2270,1025,1245,33009
3,26,6,Nilkhantha Municipality,14,Ward - 14,1027,3509,1614,1895,33009
3,26,7,Jwalamukhi Gaunpalika,1,Ward - 1,820,2967,1398,1569,33006
3,26,7,Jwalamukhi Gaunpalika,2,Ward - 2,702,2448,1177,1271,33006
3,26,7,Jwalamukhi Gaunpalika,3,Ward - 3,812,2834,1316,1518,33006
3,26,7,Jwalamukhi Gaunpalika,4,Ward - 4,1016,3430,1601,1829,33006
3,26,7,Jwalamukhi Gaunpalika,5,Ward - 5,1119,3650,1693,1957,33006
3,26,7,Jwalamukhi Gaunpalika,6,Ward - 6,865,3160,1436,1724,33006
3,26,7,Jwalamukhi Gaunpalika,7,Ward - 7,745,2849,1361,1488,33006
3,26,8,Siddhalek Gaunpalika,1,Ward - 1,975,3661,1768,1893,33011
3,26,8,Siddhalek Gaunpalika,2,Ward - 2,1047,3589,1676,1913,33011
3,26,8,Siddhalek Gaunpalika,3,Ward - 3,682,2605,1274,1331,33011
3,26,8,Siddhalek Gaunpalika,4,Ward - 4,680,2663,1272,1391,33011
3,26,8,Siddhalek Gaunpalika,5,Ward - 5,727,2602,1212,1390,33011
3,26,8,Siddhalek Gaunpalika,6,Ward - 6,735,2985,1487,1498,33011
3,26,8,Siddhalek Gaunpalika,7,Ward - 7,990,4109,2013,2096,33011
3,26,9,Benighat Rorang Gaunpalika,1,Ward - 1,438,1988,985,1003,33001
3,26,9,Benighat Rorang Gaunpalika,2,Ward - 2,1117,5303,2671,2632,33001
3,26,9,Benighat Rorang Gaunpalika,3,Ward - 3,1189,4693,2457,2236,33001
3,26,9,Benighat Rorang Gaunpalika,4,Ward - 4,560,2310,1128,1182,33001
3,26,9,Benighat Rorang Gaunpalika,5,Ward - 5,766,3155,1576,1579,33001
3,26,9,Benighat Rorang Gaunpalika,6,Ward - 6,510,2586,1338,1248,33001
3,26,9,Benighat Rorang Gaunpalika,7,Ward - 7,719,2979,1507,1472,33001
3,26,9,Benighat Rorang Gaunpalika,8,Ward - 8,498,2430,1241,1189,33001
3,26,9,Benighat Rorang Gaunpalika,9,Ward - 9,785,3567,1771,1796,33001
3,26,9,Benighat Rorang Gaunpalika,10,Ward - 10,1019,4843,2442,2401,33001
3,26,10,Gajuri Gaunpalika,1,Ward - 1,1427,5323,2641,2682,33003
3,26,10,Gajuri Gaunpalika,2,Ward - 2,1034,4219,2140,2079,33003
3,26,10,Gajuri Gaunpalika,3,Ward - 3,458,2008,995,1013,33003
3,26,10,Gajuri Gaunpalika,4,Ward - 4,587,2929,1480,1449,33003
3,26,10,Gajuri Gaunpalika,5,Ward - 5,955,3897,1935,1962,33003
3,26,10,Gajuri Gaunpalika,6,Ward - 6,1127,4786,2389,2397,33003
3,26,10,Gajuri Gaunpalika,7,Ward - 7,493,2252,1138,1114,33003
3,26,10,Gajuri Gaunpalika,8,Ward - 8,758,3220,1608,1612,33003
3,26,11,Galchhi Gaunpalika,1,Ward - 1,879,3564,1692,1872,33004
3,26,11,Galchhi Gaunpalika,2,Ward - 2,782,2990,1429,1561,33004
3,26,11,Galchhi Gaunpalika,3,Ward - 3,372,1238,603,635,33004
3,26,11,Galchhi Gaunpalika,4,Ward - 4,824,3431,1729,1702,33004
3,26,11,Galchhi Gaunpalika,5,Ward - 5,730,2988,1425,1563,33004
3,26,11,Galchhi Gaunpalika,6,Ward - 6,725,2839,1436,1403,33004
3,26,11,Galchhi Gaunpalika,7,Ward - 7,854,3550,1781,1769,33004
3,26,11,Galchhi Gaunpalika,8,Ward - 8,809,3133,1532,1601,33004
3,26,12,Thakre Gaunpalika,1,Ward - 1,602,2686,1382,1304,33012
3,26,12,Thakre Gaunpalika,2,Ward - 2,1125,4796,2394,2402,33012
3,26,12,Thakre Gaunpalika,3,Ward - 3,716,3044,1526,1518,33012
3,26,12,Thakre Gaunpalika,4,Ward - 4,638,2748,1390,1358,33012
3,26,12,Thakre Gaunpalika,5,Ward - 5,496,2164,1038,1126,33012
3,26,12,Thakre Gaunpalika,6,Ward - 6,857,3431,1742,1689,33012
3,26,12,Thakre Gaunpalika,7,Ward - 7,1005,4131,2100,2031,33012
3,26,12,Thakre Gaunpalika,8,Ward - 8,699,2895,1409,1486,33012
3,26,12,Thakre Gaunpalika,9,Ward - 9,434,1617,784,833,33012
3,26,12,Thakre Gaunpalika,10,Ward - 10,654,2199,1081,1118,33012
3,26,12,Thakre Gaunpalika,11,Ward - 11,621,2663,1358,1305,33012
3,26,13,Dhunibenshi Municipality,1,Ward - 1,913,3440,1686,1754,33002
3,26,13,Dhunibenshi Municipality,2,Ward - 2,826,3219,1566,1653,33002
3,26,13,Dhunibenshi Municipality,3,Ward - 3,674,2452,1214,1238,33002
3,26,13,Dhunibenshi Municipality,4,Ward - 4,607,2260,1119,1141,33002
3,26,13,Dhunibenshi Municipality,5,Ward - 5,775,3236,1603,1633,33002
3,26,13,Dhunibenshi Municipality,6,Ward - 6,681,2902,1450,1452,33002
3,26,13,Dhunibenshi Municipality,7,Ward - 7,868,3700,1848,1852,33002
3,26,13,Dhunibenshi Municipality,8,Ward - 8,909,3759,1907,1852,33002
3,26,13,Dhunibenshi Municipality,9,Ward - 9,993,4181,2075,2106,33002
3,27,1,Dupcheshwor Gaunpalika,1,Ward - 1,711,2674,1421,1253,32803
3,27,1,Dupcheshwor Gaunpalika,2,Ward - 2,697,2928,1446,1482,32803
3,27,1,Dupcheshwor Gaunpalika,3,Ward - 3,547,2479,1230,1249,32803
3,27,1,Dupcheshwor Gaunpalika,4,Ward - 4,1043,4327,2192,2135,32803
3,27,1,Dupcheshwor Gaunpalika,5,Ward - 5,607,2402,1192,1210,32803
3,27,1,Dupcheshwor Gaunpalika,6,Ward - 6,725,2972,1449,1523,32803
3,27,1,Dupcheshwor Gaunpalika,7,Ward - 7,811,3223,1544,1679,32803
3,27,2,Tadi Gaunpalika,1,Ward - 1,733,2988,1500,1488,32811
3,27,2,Tadi Gaunpalika,2,Ward - 2,706,2744,1377,1367,32811
3,27,2,Tadi Gaunpalika,3,Ward - 3,863,3393,1698,1695,32811
3,27,2,Tadi Gaunpalika,4,Ward - 4,600,2453,1250,1203,32811
3,27,2,Tadi Gaunpalika,5,Ward - 5,629,2335,1143,1192,32811
3,27,2,Tadi Gaunpalika,6,Ward - 6,493,2020,979,1041,32811
3,27,3,Suryagadhi Gaunpalika,1,Ward - 1,888,3671,1775,1896,32810
3,27,3,Suryagadhi Gaunpalika,2,Ward - 2,572,2146,1013,1133,32810
3,27,3,Suryagadhi Gaunpalika,3,Ward - 3,676,2531,1226,1305,32810
3,27,3,Suryagadhi Gaunpalika,4,Ward - 4,870,3338,1620,1718,32810
3,27,3,Suryagadhi Gaunpalika,5,Ward - 5,823,3233,1630,1603,32810
3,27,4,Bidur Municipality,1,Ward - 1,670,2885,1387,1498,32802
3,27,4,Bidur Municipality,2,Ward - 2,1365,5196,2552,2644,32802
3,27,4,Bidur Municipality,3,Ward - 3,1272,4815,2265,2550,32802
3,27,4,Bidur Municipality,4,Ward - 4,1732,6869,3431,3438,32802
3,27,4,Bidur Municipality,5,Ward - 5,1437,6106,2968,3138,32802
3,27,4,Bidur Municipality,6,Ward - 6,946,3917,1882,2035,32802
3,27,4,Bidur Municipality,7,Ward - 7,1057,4027,1950,2077,32802
3,27,4,Bidur Municipality,8,Ward - 8,970,3807,1812,1995,32802
3,27,4,Bidur Municipality,9,Ward - 9,1903,7334,3423,3911,32802
3,27,4,Bidur Municipality,10,Ward - 10,869,3392,1621,1771,32802
3,27,4,Bidur Municipality,11,Ward - 11,647,2206,1056,1150,32802
3,27,4,Bidur Municipality,12,Ward - 12,949,3590,1724,1866,32802
3,27,4,Bidur Municipality,13,Ward - 13,1417,5083,2378,2705,32802
3,27,5,Kispang Gaunpalika,1,Ward - 1,870,3254,1609,1645,32805
3,27,5,Kispang Gaunpalika,2,Ward - 2,789,2750,1310,1440,32805
3,27,5,Kispang Gaunpalika,3,Ward - 3,900,3105,1520,1585,32805
3,27,5,Kispang Gaunpalika,4,Ward - 4,455,1739,843,896,32805
3,27,5,Kispang Gaunpalika,5,Ward - 5,915,3387,1664,1723,32805
3,27,6,Myagang Gaunpalika,1,Ward - 1,84,266,134,132,32807
3,27,6,Myagang Gaunpalika,2,Ward - 2,677,2069,1014,1055,32807
3,27,6,Myagang Gaunpalika,3,Ward - 3,1202,3631,1739,1892,32807
3,27,6,Myagang Gaunpalika,4,Ward - 4,638,2050,988,1062,32807
3,27,6,Myagang Gaunpalika,5,Ward - 5,619,2172,982,1190,32807
3,27,6,Myagang Gaunpalika,6,Ward - 6,749,2480,1196,1284,32807
3,27,7,Tarakeshwor Gaunpalika,1,Ward - 1,755,2771,1331,1440,32812
3,27,7,Tarakeshwor Gaunpalika,2,Ward - 2,589,2200,1046,1154,32812
3,27,7,Tarakeshwor Gaunpalika,3,Ward - 3,696,2553,1155,1398,32812
3,27,7,Tarakeshwor Gaunpalika,4,Ward - 4,677,2352,1091,1261,32812
3,27,7,Tarakeshwor Gaunpalika,5,Ward - 5,705,2644,1257,1387,32812
3,27,7,Tarakeshwor Gaunpalika,6,Ward - 6,457,1664,791,873,32812
3,27,8,Belkotgadhi Municipality,1,Ward - 1,387,1469,710,759,32801
3,27,8,Belkotgadhi Municipality,2,Ward - 2,667,2454,1208,1246,32801
3,27,8,Belkotgadhi Municipality,3,Ward - 3,788,2943,1420,1523,32801
3,27,8,Belkotgadhi Municipality,4,Ward - 4,725,2786,1311,1475,32801
3,27,8,Belkotgadhi Municipality,5,Ward - 5,826,3180,1543,1637,32801
3,27,8,Belkotgadhi Municipality,6,Ward - 6,635,2547,1258,1289,32801
3,27,8,Belkotgadhi Municipality,7,Ward - 7,1090,4547,2262,2285,32801
3,27,8,Belkotgadhi Municipality,8,Ward - 8,746,2858,1382,1476,32801
3,27,8,Belkotgadhi Municipality,9,Ward - 9,647,2504,1195,1309,32801
3,27,8,Belkotgadhi Municipality,10,Ward - 10,715,2821,1375,1446,32801
3,27,8,Belkotgadhi Municipality,11,Ward - 11,701,2407,1105,1302,32801
3,27,8,Belkotgadhi Municipality,12,Ward - 12,544,1990,946,1044,32801
3,27,8,Belkotgadhi Municipality,13,Ward - 13,751,2718,1342,1376,32801
3,27,9,Likhu Gaunpalika,1,Ward - 1,936,3523,1714,1809,32806
3,27,9,Likhu Gaunpalika,2,Ward - 2,536,2199,1042,1157,32806
3,27,9,Likhu Gaunpalika,3,Ward - 3,817,3282,1571,1711,32806
3,27,9,Likhu Gaunpalika,4,Ward - 4,975,3775,1798,1977,32806
3,27,9,Likhu Gaunpalika,5,Ward - 5,500,1955,960,995,32806
3,27,9,Likhu Gaunpalika,6,Ward - 6,818,2994,1502,1492,32806
3,27,10,Panchakanya Gaunpalika,1,Ward - 1,538,2045,974,1071,32808
3,27,10,Panchakanya Gaunpalika,2,Ward - 2,996,3777,1866,1911,32808
3,27,10,Panchakanya Gaunpalika,3,Ward - 3,574,2178,1079,1099,32808
3,27,10,Panchakanya Gaunpalika,4,Ward - 4,793,3094,1500,1594,32808
3,27,10,Panchakanya Gaunpalika,5,Ward - 5,699,2724,1328,1396,32808
3,27,11,Shivapuri Gaunpalika,1,Ward - 1,626,2187,1064,1123,32809
3,27,11,Shivapuri Gaunpalika,2,Ward - 2,481,1736,818,918,32809
3,27,11,Shivapuri Gaunpalika,3,Ward - 3,545,1860,825,1035,32809
3,27,11,Shivapuri Gaunpalika,4,Ward - 4,357,1145,562,583,32809
3,27,11,Shivapuri Gaunpalika,5,Ward - 5,872,3028,1436,1592,32809
3,27,11,Shivapuri Gaunpalika,6,Ward - 6,795,2695,1286,1409,32809
3,27,11,Shivapuri Gaunpalika,7,Ward - 7,597,2103,1061,1042,32809
3,27,11,Shivapuri Gaunpalika,8,Ward - 8,652,2449,1170,1279,32809
3,27,12,Kakani Gaunpalika,1,Ward - 1,861,3555,1770,1785,32804
3,27,12,Kakani Gaunpalika,2,Ward - 2,1154,4649,2305,2344,32804
3,27,12,Kakani Gaunpalika,3,Ward - 3,939,3575,1755,1820,32804
3,27,12,Kakani Gaunpalika,4,Ward - 4,897,3660,1792,1868,32804
3,27,12,Kakani Gaunpalika,5,Ward - 5,740,2861,1425,1436,32804
3,27,12,Kakani Gaunpalika,6,Ward - 6,566,2072,995,1077,32804
3,27,12,Kakani Gaunpalika,7,Ward - 7,684,2572,1276,1296,32804
3,27,12,Kakani Gaunpalika,8,Ward - 8,471,1560,769,791,32804
3,28,1,Shankharapur Municipality,1,Ward - 1,867,3543,1751,1792,32709
3,28,1,Shankharapur Municipality,2,Ward - 2,426,1689,817,872,32709
3,28,1,Shankharapur Municipality,3,Ward - 3,589,2359,1145,1214,32709
3,28,1,Shankharapur Municipality,4,Ward - 4,523,2111,1035,1076,32709
3,28,1,Shankharapur Municipality,5,Ward - 5,876,3546,1710,1836,32709
3,28,1,Shankharapur Municipality,6,Ward - 6,1174,4713,2358,2355,32709
3,28,1,Shankharapur Municipality,7,Ward - 7,1052,4558,2264,2294,32709
3,28,1,Shankharapur Municipality,8,Ward - 8,593,2463,1190,1273,32709
3,28,1,Shankharapur Municipality,9,Ward - 9,1040,4336,2163,2173,32709
3,28,2,Kageshwori Manahara Municipality,1,Ward - 1,1656,6795,3408,3387,32705
3,28,2,Kageshwori Manahara Municipality,2,Ward - 2,787,3440,1708,1732,32705
3,28,2,Kageshwori Manahara Municipality,3,Ward - 3,753,3196,1619,1577,32705
3,28,2,Kageshwori Manahara Municipality,4,Ward - 4,2329,9501,4764,4737,32705
3,28,2,Kageshwori Manahara Municipality,5,Ward - 5,3255,12847,6386,6461,32705
3,28,2,Kageshwori Manahara Municipality,6,Ward - 6,6538,25345,12432,12913,32705
3,28,2,Kageshwori Manahara Municipality,7,Ward - 7,5452,21500,10737,10763,32705
3,28,2,Kageshwori Manahara Municipality,8,Ward - 8,4386,16664,8376,8288,32705
3,28,2,Kageshwori Manahara Municipality,9,Ward - 9,8608,31145,15601,15544,32705
3,28,3,Gokarneshwor Municipality,1,Ward - 1,2042,7872,3867,4005,32704
3,28,3,Gokarneshwor Municipality,2,Ward - 2,1687,6809,3309,3500,32704
3,28,3,Gokarneshwor Municipality,3,Ward - 3,2850,11542,5816,5726,32704
3,28,3,Gokarneshwor Municipality,4,Ward - 4,4749,18432,9010,9422,32704
3,28,3,Gokarneshwor Municipality,5,Ward - 5,6690,25112,12454,12658,32704
3,28,3,Gokarneshwor Municipality,6,Ward - 6,7869,28679,13952,14727,32704
3,28,3,Gokarneshwor Municipality,7,Ward - 7,2607,9631,4773,4858,32704
3,28,3,Gokarneshwor Municipality,8,Ward - 8,8790,32071,15541,16530,32704
3,28,3,Gokarneshwor Municipality,9,Ward - 9,2487,9218,4513,4705,32704
3,28,4,Budhanilkhantha Municipality,1,Ward - 1,2130,8078,3971,4107,32701
3,28,4,Budhanilkhantha Municipality,2,Ward - 2,2877,11402,5596,5806,32701
3,28,4,Budhanilkhantha Municipality,3,Ward - 3,2090,8004,3955,4049,32701
3,28,4,Budhanilkhantha Municipality,4,Ward - 4,2431,9497,4614,4883,32701
3,28,4,Budhanilkhantha Municipality,5,Ward - 5,1985,7432,3641,3791,32701
3,28,4,Budhanilkhantha Municipality,6,Ward - 6,3135,11803,5875,5928,32701
3,28,4,Budhanilkhantha Municipality,7,Ward - 7,1696,6435,3165,3270,32701
3,28,4,Budhanilkhantha Municipality,8,Ward - 8,5037,19018,9432,9586,32701
3,28,4,Budhanilkhantha Municipality,9,Ward - 9,2593,9950,4880,5070,32701
3,28,4,Budhanilkhantha Municipality,10,Ward - 10,9353,33623,16507,17116,32701
3,28,4,Budhanilkhantha Municipality,11,Ward - 11,5914,22642,11164,11478,32701
3,28,4,Budhanilkhantha Municipality,12,Ward - 12,5211,19425,9463,9962,32701
3,28,4,Budhanilkhantha Municipality,13,Ward - 13,2478,10248,5074,5174,32701
3,28,5,Tokha Municipality,1,Ward - 1,1508,6178,3095,3083,32711
3,28,5,Tokha Municipality,2,Ward - 2,1616,6698,3393,3305,32711
3,28,5,Tokha Municipality,3,Ward - 3,7137,26660,13238,13422,32711
3,28,5,Tokha Municipality,4,Ward - 4,2121,7532,3787,3745,32711
3,28,5,Tokha Municipality,5,Ward - 5,2171,7927,3909,4018,32711
3,28,5,Tokha Municipality,6,Ward - 6,3098,11207,5521,5686,32711
3,28,5,Tokha Municipality,7,Ward - 7,3107,11134,5567,5567,32711
3,28,5,Tokha Municipality,8,Ward - 8,5504,19334,9635,9699,32711
3,28,5,Tokha Municipality,9,Ward - 9,3969,13760,6948,6812,32711
3,28,5,Tokha Municipality,10,Ward - 10,3160,11003,5378,5625,32711
3,28,5,Tokha Municipality,11,Ward - 11,3634,12322,6061,6261,32711
3,28,6,Tarakeshwor Municipality,1,Ward - 1,1672,6772,3422,3350,32710
3,28,6,Tarakeshwor Municipality,2,Ward - 2,3352,13154,6487,6667,32710
3,28,6,Tarakeshwor Municipality,3,Ward - 3,1627,6946,3563,3383,32710
3,28,6,Tarakeshwor Municipality,4,Ward - 4,5457,18324,9093,9231,32710
3,28,6,Tarakeshwor Municipality,5,Ward - 5,4555,17732,8889,8843,32710
3,28,6,Tarakeshwor Municipality,6,Ward - 6,3330,13628,6732,6896,32710
3,28,6,Tarakeshwor Municipality,7,Ward - 7,3335,12821,6306,6515,32710
3,28,6,Tarakeshwor Municipality,8,Ward - 8,5023,17573,8685,8888,32710
3,28,6,Tarakeshwor Municipality,9,Ward - 9,4877,16995,8536,8459,32710
3,28,6,Tarakeshwor Municipality,10,Ward - 10,4300,14332,7103,7229,32710
3,28,6,Tarakeshwor Municipality,11,Ward - 11,3834,13202,6465,6737,32710
3,28,7,Nagarjun Municipality,1,Ward - 1,4002,14687,7365,7322,32708
3,28,7,Nagarjun Municipality,2,Ward - 2,4988,17901,8828,9073,32708
3,28,7,Nagarjun Municipality,3,Ward - 3,3491,12632,6158,6474,32708
3,28,7,Nagarjun Municipality,4,Ward - 4,4843,17619,8816,8803,32708
3,28,7,Nagarjun Municipality,5,Ward - 5,2694,9915,4865,5050,32708
3,28,7,Nagarjun Municipality,6,Ward - 6,3927,15115,7649,7466,32708
3,28,7,Nagarjun Municipality,7,Ward - 7,1451,6125,3031,3094,32708
3,28,7,Nagarjun Municipality,8,Ward - 8,845,3548,1803,1745,32708
3,28,7,Nagarjun Municipality,9,Ward - 9,1967,6903,3511,3392,32708
3,28,7,Nagarjun Municipality,10,Ward - 10,3093,10992,5570,5422,32708
3,28,8,Kathmandu Metropolitian City,1,Ward - 1,1621,6225,3188,3037,32706
3,28,8,Kathmandu Metropolitian City,2,Ward - 2,3247,11542,5748,5794,32706
3,28,8,Kathmandu Metropolitian City,3,Ward - 3,9545,33805,16742,17063,32706
3,28,8,Kathmandu Metropolitian City,4,Ward - 4,11952,43311,21240,22071,32706
3,28,8,Kathmandu Metropolitian City,5,Ward - 5,4977,17698,8924,8774,32706
3,28,8,Kathmandu Metropolitian City,6,Ward - 6,15949,59247,28938,30309,32706
3,28,8,Kathmandu Metropolitian City,7,Ward - 7,11934,42908,21433,21475,32706
3,28,8,Kathmandu Metropolitian City,8,Ward - 8,2576,9738,4906,4832,32706
3,28,8,Kathmandu Metropolitian City,9,Ward - 9,9571,34606,17619,16987,32706
3,28,8,Kathmandu Metropolitian City,10,Ward - 10,9209,32349,16479,15870,32706
3,28,8,Kathmandu Metropolitian City,11,Ward - 11,3897,14313,7396,6917,32706
3,28,8,Kathmandu Metropolitian City,12,Ward - 12,2777,10956,5520,5436,32706
3,28,8,Kathmandu Metropolitian City,13,Ward - 13,10113,38439,19763,18676,32706
3,28,8,Kathmandu Metropolitian City,14,Ward - 14,12793,47412,24055,23357,32706
3,28,8,Kathmandu Metropolitian City,15,Ward - 15,14081,52668,26323,26345,32706
3,28,8,Kathmandu Metropolitian City,16,Ward - 16,24512,85849,43334,42515,32706
3,28,8,Kathmandu Metropolitian City,17,Ward - 17,5833,22067,11326,10741,32706
3,28,8,Kathmandu Metropolitian City,18,Ward - 18,2073,7871,4048,3823,32706
3,28,8,Kathmandu Metropolitian City,19,Ward - 19,2198,7777,4237,3540,32706
3,28,8,Kathmandu Metropolitian City,20,Ward - 20,2363,8516,4468,4048,32706
3,28,8,Kathmandu Metropolitian City,21,Ward - 21,2903,11257,5863,5394,32706
3,28,8,Kathmandu Metropolitian City,22,Ward - 22,1359,5526,3150,2376,32706
3,28,8,Kathmandu Metropolitian City,23,Ward - 23,1592,6092,3105,2987,32706
3,28,8,Kathmandu Metropolitian City,24,Ward - 24,1174,4529,2382,2147,32706
3,28,8,Kathmandu Metropolitian City,25,Ward - 25,2335,8967,4744,4223,32706
3,28,8,Kathmandu Metropolitian City,26,Ward - 26,10566,37599,18999,18600,32706
3,28,8,Kathmandu Metropolitian City,27,Ward - 27,1388,5588,2778,2810,32706
3,28,8,Kathmandu Metropolitian City,28,Ward - 28,2954,10772,5847,4925,32706
3,28,8,Kathmandu Metropolitian City,29,Ward - 29,7310,24986,12950,12036,32706
3,28,8,Kathmandu Metropolitian City,30,Ward - 30,6129,21637,11334,10303,32706
3,28,8,Kathmandu Metropolitian City,31,Ward - 31,15697,54760,28055,26705,32706
3,28,8,Kathmandu Metropolitian City,32,Ward - 32,24338,83390,43362,40028,32706
3,28,9,Kirtipur Municipality,1,Ward - 1,1899,6379,3377,3002,32707
3,28,9,Kirtipur Municipality,2,Ward - 2,2443,8025,4217,3808,32707
3,28,9,Kirtipur Municipality,3,Ward - 3,1357,5249,2632,2617,32707
3,28,9,Kirtipur Municipality,4,Ward - 4,2786,10950,5499,5451,32707
3,28,9,Kirtipur Municipality,5,Ward - 5,3499,11760,6315,5445,32707
3,28,9,Kirtipur Municipality,6,Ward - 6,2687,10882,5569,5313,32707
3,28,9,Kirtipur Municipality,7,Ward - 7,2068,5691,3249,2442,32707
3,28,9,Kirtipur Municipality,8,Ward - 8,1218,3752,2034,1718,32707
3,28,9,Kirtipur Municipality,9,Ward - 9,2995,9108,4996,4112,32707
3,28,9,Kirtipur Municipality,10,Ward - 10,3198,9782,5359,4423,32707
3,28,10,Chandragiri Municipality,1,Ward - 1,1837,7320,3642,3678,32702
3,28,10,Chandragiri Municipality,2,Ward - 2,1292,5295,2670,2625,32702
3,28,10,Chandragiri Municipality,3,Ward - 3,2578,9827,4843,4984,32702
3,28,10,Chandragiri Municipality,4,Ward - 4,1491,6294,3045,3249,32702
3,28,10,Chandragiri Municipality,5,Ward - 5,3068,11407,5691,5716,32702
3,28,10,Chandragiri Municipality,6,Ward - 6,2489,9458,4649,4809,32702
3,28,10,Chandragiri Municipality,7,Ward - 7,2350,8582,4211,4371,32702
3,28,10,Chandragiri Municipality,8,Ward - 8,2238,8716,4345,4371,32702
3,28,10,Chandragiri Municipality,9,Ward - 9,1457,6069,3019,3050,32702
3,28,10,Chandragiri Municipality,10,Ward - 10,2974,10640,5388,5252,32702
3,28,10,Chandragiri Municipality,11,Ward - 11,2222,8100,4129,3971,32702
3,28,10,Chandragiri Municipality,12,Ward - 12,3397,12977,6481,6496,32702
3,28,10,Chandragiri Municipality,13,Ward - 13,1963,7735,3907,3828,32702
3,28,10,Chandragiri Municipality,14,Ward - 14,3092,11661,5852,5809,32702
3,28,10,Chandragiri Municipality,15,Ward - 15,3546,12779,6431,6348,32702
3,28,11,Dakshinkali Municipality,1,Ward - 1,1085,4507,2238,2269,32703
3,28,11,Dakshinkali Municipality,2,Ward - 2,497,1803,901,902,32703
3,28,11,Dakshinkali Municipality,3,Ward - 3,510,2101,1054,1047,32703
3,28,11,Dakshinkali Municipality,4,Ward - 4,392,1565,753,812,32703
3,28,11,Dakshinkali Municipality,5,Ward - 5,963,3889,1902,1987,32703
3,28,11,Dakshinkali Municipality,6,Ward - 6,900,3681,1829,1852,32703
3,28,11,Dakshinkali Municipality,7,Ward - 7,387,1573,760,813,32703
3,28,11,Dakshinkali Municipality,8,Ward - 8,1082,4323,2104,2219,32703
3,28,11,Dakshinkali Municipality,9,Ward - 9,673,2930,1414,1516,32703
3,29,1,Changunarayan Municipality,1,Ward - 1,2960,11658,5818,5840,32602
3,29,1,Changunarayan Municipality,2,Ward - 2,4527,18106,9065,9041,32602
3,29,1,Changunarayan Municipality,3,Ward - 3,1881,8015,3998,4017,32602
3,29,1,Changunarayan Municipality,4,Ward - 4,2014,8348,4132,4216,32602
3,29,1,Changunarayan Municipality,5,Ward - 5,2225,9254,4559,4695,32602
3,29,1,Changunarayan Municipality,6,Ward - 6,1258,5081,2464,2617,32602
3,29,1,Changunarayan Municipality,7,Ward - 7,1954,7801,3865,3936,32602
3,29,1,Changunarayan Municipality,8,Ward - 8,2176,9181,4500,4681,32602
3,29,1,Changunarayan Municipality,9,Ward - 9,2593,10639,5273,5366,32602
3,29,2,Bhaktapur Municipality,1,Ward - 1,2905,11237,5742,5495,32601
3,29,2,Bhaktapur Municipality,2,Ward - 2,2180,9280,4685,4595,32601
3,29,2,Bhaktapur Municipality,3,Ward - 3,1052,4387,2150,2237,32601
3,29,2,Bhaktapur Municipality,4,Ward - 4,1382,5945,2952,2993,32601
3,29,2,Bhaktapur Municipality,5,Ward - 5,1058,4597,2254,2343,32601
3,29,2,Bhaktapur Municipality,6,Ward - 6,1412,5837,2969,2868,32601
3,29,2,Bhaktapur Municipality,7,Ward - 7,1337,5844,2869,2975,32601
3,29,2,Bhaktapur Municipality,8,Ward - 8,2352,9718,4953,4765,32601
3,29,2,Bhaktapur Municipality,9,Ward - 9,2115,8892,4432,4460,32601
3,29,2,Bhaktapur Municipality,10,Ward - 10,3194,13399,6749,6650,32601
3,29,3,Madhyapur Thimi Municipality,1,Ward - 1,6352,22459,11632,10827,32603
3,29,3,Madhyapur Thimi Municipality,2,Ward - 2,3639,12863,6634,6229,32603
3,29,3,Madhyapur Thimi Municipality,3,Ward - 3,6664,23929,12122,11807,32603
3,29,3,Madhyapur Thimi Municipality,4,Ward - 4,2388,9519,4799,4720,32603
3,29,3,Madhyapur Thimi Municipality,5,Ward - 5,1966,8138,4045,4093,32603
3,29,3,Madhyapur Thimi Municipality,6,Ward - 6,1964,8110,4058,4052,32603
3,29,3,Madhyapur Thimi Municipality,7,Ward - 7,2581,10141,5139,5002,32603
3,29,3,Madhyapur Thimi Municipality,8,Ward - 8,2805,10811,5410,5401,32603
3,29,3,Madhyapur Thimi Municipality,9,Ward - 9,3607,13786,6907,6879,32603
3,29,4,Suryabinayak Municipality,1,Ward - 1,2595,10629,5292,5337,32604
3,29,4,Suryabinayak Municipality,2,Ward - 2,4762,17574,9007,8567,32604
3,29,4,Suryabinayak Municipality,3,Ward - 3,3439,13010,6608,6402,32604
3,29,4,Suryabinayak Municipality,4,Ward - 4,5231,20456,10244,10212,32604
3,29,4,Suryabinayak Municipality,5,Ward - 5,4955,19385,9589,9796,32604
3,29,4,Suryabinayak Municipality,6,Ward - 6,3894,14829,7215,7614,32604
3,29,4,Suryabinayak Municipality,7,Ward - 7,1739,7141,3529,3612,32604
3,29,4,Suryabinayak Municipality,8,Ward - 8,5813,22951,11408,11543,32604
3,29,4,Suryabinayak Municipality,9,Ward - 9,1623,6709,3347,3362,32604
3,29,4,Suryabinayak Municipality,10,Ward - 10,1814,7401,3676,3725,32604
3,30,1,Mahalaxmi Municipality,1,Ward - 1,3736,14167,7159,7008,32505
3,30,1,Mahalaxmi Municipality,2,Ward - 2,2904,9974,5333,4641,32505
3,30,1,Mahalaxmi Municipality,3,Ward - 3,2997,10804,5712,5092,32505
3,30,1,Mahalaxmi Municipality,4,Ward - 4,6981,26544,13482,13062,32505
3,30,1,Mahalaxmi Municipality,5,Ward - 5,5111,19282,9906,9376,32505
3,30,1,Mahalaxmi Municipality,6,Ward - 6,2009,8194,4017,4177,32505
3,30,1,Mahalaxmi Municipality,7,Ward - 7,1893,7506,3733,3773,32505
3,30,1,Mahalaxmi Municipality,8,Ward - 8,3851,15932,7794,8138,32505
3,30,1,Mahalaxmi Municipality,9,Ward - 9,2358,9770,4798,4972,32505
3,30,1,Mahalaxmi Municipality,10,Ward - 10,266,943,465,478,32505
3,30,2,Lalitpur Metropolitian City,1,Ward - 1,2046,7265,3839,3426,32504
3,30,2,Lalitpur Metropolitian City,2,Ward - 2,4094,15743,8115,7628,32504
3,30,2,Lalitpur Metropolitian City,3,Ward - 3,3098,11376,5669,5707,32504
3,30,2,Lalitpur Metropolitian City,4,Ward - 4,4912,18188,8855,9333,32504
3,30,2,Lalitpur Metropolitian City,5,Ward - 5,983,3971,1901,2070,32504
3,30,2,Lalitpur Metropolitian City,6,Ward - 6,1297,5270,2756,2514,32504
3,30,2,Lalitpur Metropolitian City,7,Ward - 7,1329,5347,2671,2676,32504
3,30,2,Lalitpur Metropolitian City,8,Ward - 8,2606,9926,5042,4884,32504
3,30,2,Lalitpur Metropolitian City,9,Ward - 9,3468,12972,6542,6430,32504
3,30,2,Lalitpur Metropolitian City,10,Ward - 10,1613,5758,2990,2768,32504
3,30,2,Lalitpur Metropolitian City,11,Ward - 11,2491,9496,4951,4545,32504
3,30,2,Lalitpur Metropolitian City,12,Ward - 12,1522,6554,3244,3310,32504
3,30,2,Lalitpur Metropolitian City,13,Ward - 13,3956,14235,7001,7234,32504
3,30,2,Lalitpur Metropolitian City,14,Ward - 14,6149,22841,11209,11632,32504
3,30,2,Lalitpur Metropolitian City,15,Ward - 15,4414,16454,8199,8255,32504
3,30,2,Lalitpur Metropolitian City,16,Ward - 16,1876,7766,3791,3975,32504
3,30,2,Lalitpur Metropolitian City,17,Ward - 17,2893,10954,5507,5447,32504
3,30,2,Lalitpur Metropolitian City,18,Ward - 18,3567,13746,6778,6968,32504
3,30,2,Lalitpur Metropolitian City,19,Ward - 19,1367,5453,2702,2751,32504
3,30,2,Lalitpur Metropolitian City,20,Ward - 20,2470,9239,4637,4602,32504
3,30,2,Lalitpur Metropolitian City,21,Ward - 21,1235,5274,2646,2628,32504
3,30,2,Lalitpur Metropolitian City,22,Ward - 22,1940,7894,3891,4003,32504
3,30,2,Lalitpur Metropolitian City,23,Ward - 23,3205,11928,5983,5945,32504
3,30,2,Lalitpur Metropolitian City,24,Ward - 24,2252,9104,4498,4606,32504
3,30,2,Lalitpur Metropolitian City,25,Ward - 25,4346,16461,8000,8461,32504
3,30,2,Lalitpur Metropolitian City,26,Ward - 26,2057,7909,3882,4027,32504
3,30,2,Lalitpur Metropolitian City,27,Ward - 27,1609,6290,3101,3189,32504
3,30,2,Lalitpur Metropolitian City,28,Ward - 28,2869,10778,5446,5332,32504
3,30,2,Lalitpur Metropolitian City,29,Ward - 29,1495,5906,2884,3022,32504
3,30,3,Godawari Municipality,1,Ward - 1,1569,6369,3154,3215,32502
3,30,3,Godawari Municipality,2,Ward - 2,1241,4954,2383,2571,32502
3,30,3,Godawari Municipality,3,Ward - 3,2618,10057,4908,5149,32502
3,30,3,Godawari Municipality,4,Ward - 4,1006,4307,2183,2124,32502
3,30,3,Godawari Municipality,5,Ward - 5,1238,5238,2542,2696,32502
3,30,3,Godawari Municipality,6,Ward - 6,1070,4477,2269,2208,32502
3,30,3,Godawari Municipality,7,Ward - 7,719,2881,1410,1471,32502
3,30,3,Godawari Municipality,8,Ward - 8,663,2968,1475,1493,32502
3,30,3,Godawari Municipality,9,Ward - 9,1474,6007,2971,3036,32502
3,30,3,Godawari Municipality,10,Ward - 10,1751,7379,3643,3736,32502
3,30,3,Godawari Municipality,11,Ward - 11,2902,12010,5828,6182,32502
3,30,3,Godawari Municipality,12,Ward - 12,3000,11928,5851,6077,32502
3,30,3,Godawari Municipality,13,Ward - 13,1601,6718,3387,3331,32502
3,30,3,Godawari Municipality,14,Ward - 14,3193,12340,6136,6204,32502
3,30,4,Konjyosom Gaunpalika,1,Ward - 1,436,1942,946,996,32503
3,30,4,Konjyosom Gaunpalika,2,Ward - 2,434,1801,882,919,32503
3,30,4,Konjyosom Gaunpalika,3,Ward - 3,281,1075,530,545,32503
3,30,4,Konjyosom Gaunpalika,4,Ward - 4,508,2134,1071,1063,32503
3,30,4,Konjyosom Gaunpalika,5,Ward - 5,483,2037,969,1068,32503
3,30,5,Mahankal Gaunpalika,1,Ward - 1,295,1327,670,657,32506
3,30,5,Mahankal Gaunpalika,2,Ward - 2,402,1772,883,889,32506
3,30,5,Mahankal Gaunpalika,3,Ward - 3,440,1779,865,914,32506
3,30,5,Mahankal Gaunpalika,4,Ward - 4,269,1022,537,485,32506
3,30,5,Mahankal Gaunpalika,5,Ward - 5,212,825,413,412,32506
3,30,5,Mahankal Gaunpalika,6,Ward - 6,321,1397,704,693,32506
3,30,6,Bagmati Gaunpalika,1,Ward - 1,340,1402,727,675,32501
3,30,6,Bagmati Gaunpalika,2,Ward - 2,399,1647,839,808,32501
3,30,6,Bagmati Gaunpalika,3,Ward - 3,387,1572,789,783,32501
3,30,6,Bagmati Gaunpalika,4,Ward - 4,480,2137,1051,1086,32501
3,30,6,Bagmati Gaunpalika,5,Ward - 5,353,1443,714,729,32501
3,30,6,Bagmati Gaunpalika,6,Ward - 6,287,1197,603,594,32501
3,30,6,Bagmati Gaunpalika,7,Ward - 7,493,1955,977,978,32501
3,31,1,Chauri Deurali Gaunpalika,1,Ward - 1,296,948,487,461,32404
3,31,1,Chauri Deurali Gaunpalika,2,Ward - 2,486,1713,815,898,32404
3,31,1,Chauri Deurali Gaunpalika,3,Ward - 3,557,1593,711,882,32404
3,31,1,Chauri Deurali Gaunpalika,4,Ward - 4,381,1269,605,664,32404
3,31,1,Chauri Deurali Gaunpalika,5,Ward - 5,564,1929,874,1055,32404
3,31,1,Chauri Deurali Gaunpalika,6,Ward - 6,616,2306,1119,1187,32404
3,31,1,Chauri Deurali Gaunpalika,7,Ward - 7,447,1477,686,791,32404
3,31,1,Chauri Deurali Gaunpalika,8,Ward - 8,496,1784,868,916,32404
3,31,1,Chauri Deurali Gaunpalika,9,Ward - 9,313,1057,496,561,32404
3,31,2,Bhumlu Gaunpalika,1,Ward - 1,771,2560,1218,1342,32403
3,31,2,Bhumlu Gaunpalika,2,Ward - 2,391,1453,724,729,32403
3,31,2,Bhumlu Gaunpalika,3,Ward - 3,246,805,384,421,32403
3,31,2,Bhumlu Gaunpalika,4,Ward - 4,478,1579,774,805,32403
3,31,2,Bhumlu Gaunpalika,5,Ward - 5,433,1262,600,662,32403
3,31,2,Bhumlu Gaunpalika,6,Ward - 6,355,1195,547,648,32403
3,31,2,Bhumlu Gaunpalika,7,Ward - 7,296,1146,563,583,32403
3,31,2,Bhumlu Gaunpalika,8,Ward - 8,521,1941,949,992,32403
3,31,2,Bhumlu Gaunpalika,9,Ward - 9,533,1924,923,1001,32403
3,31,2,Bhumlu Gaunpalika,10,Ward - 10,494,1813,914,899,32403
3,31,3,Mandan Deupur Municipality,1,Ward - 1,741,2746,1338,1408,32408
3,31,3,Mandan Deupur Municipality,2,Ward - 2,649,2692,1332,1360,32408
3,31,3,Mandan Deupur Municipality,3,Ward - 3,518,2019,963,1056,32408
3,31,3,Mandan Deupur Municipality,4,Ward - 4,516,2132,1056,1076,32408
3,31,3,Mandan Deupur Municipality,5,Ward - 5,536,1886,915,971,32408
3,31,3,Mandan Deupur Municipality,6,Ward - 6,832,3337,1650,1687,32408
3,31,3,Mandan Deupur Municipality,7,Ward - 7,787,3073,1524,1549,32408
3,31,3,Mandan Deupur Municipality,8,Ward - 8,692,2715,1348,1367,32408
3,31,3,Mandan Deupur Municipality,9,Ward - 9,647,2352,1144,1208,32408
3,31,3,Mandan Deupur Municipality,10,Ward - 10,770,2702,1321,1381,32408
3,31,3,Mandan Deupur Municipality,11,Ward - 11,695,2824,1339,1485,32408
3,31,3,Mandan Deupur Municipality,12,Ward - 12,541,1903,923,980,32408
3,31,4,Banepa Municipality,1,Ward - 1,627,2529,1220,1309,32401
3,31,4,Banepa Municipality,2,Ward - 2,548,2294,1082,1212,32401
3,31,4,Banepa Municipality,3,Ward - 3,793,3378,1671,1707,32401
3,31,4,Banepa Municipality,4,Ward - 4,1134,4544,2231,2313,32401
3,31,4,Banepa Municipality,5,Ward - 5,1828,7444,3667,3777,32401
3,31,4,Banepa Municipality,6,Ward - 6,1826,7154,3539,3615,32401
3,31,4,Banepa Municipality,7,Ward - 7,1809,7755,3809,3946,32401
3,31,4,Banepa Municipality,8,Ward - 8,1674,6881,3365,3516,32401
3,31,4,Banepa Municipality,9,Ward - 9,1448,6057,2965,3092,32401
3,31,4,Banepa Municipality,10,Ward - 10,1997,7515,3796,3719,32401
3,31,4,Banepa Municipality,11,Ward - 11,553,2268,1113,1155,32401
3,31,4,Banepa Municipality,12,Ward - 12,677,2818,1354,1464,32401
3,31,4,Banepa Municipality,13,Ward - 13,1103,4285,2042,2243,32401
3,31,4,Banepa Municipality,14,Ward - 14,681,2768,1318,1450,32401
3,31,5,Dhulikhel Municipality,1,Ward - 1,517,1982,918,1064,32405
3,31,5,Dhulikhel Municipality,2,Ward - 2,597,2335,1113,1222,32405
3,31,5,Dhulikhel Municipality,3,Ward - 3,568,2336,1157,1179,32405
3,31,5,Dhulikhel Municipality,4,Ward - 4,1620,5839,2981,2858,32405
3,31,5,Dhulikhel Municipality,5,Ward - 5,757,2997,1463,1534,32405
3,31,5,Dhulikhel Municipality,6,Ward - 6,519,2125,1048,1077,32405
3,31,5,Dhulikhel Municipality,7,Ward - 7,664,2889,1405,1484,32405
3,31,5,Dhulikhel Municipality,8,Ward - 8,753,3123,1541,1582,32405
3,31,5,Dhulikhel Municipality,9,Ward - 9,746,2898,1399,1499,32405
3,31,5,Dhulikhel Municipality,10,Ward - 10,348,1419,684,735,32405
3,31,5,Dhulikhel Municipality,11,Ward - 11,883,3407,1631,1776,32405
3,31,5,Dhulikhel Municipality,12,Ward - 12,598,2376,1122,1254,32405
3,31,6,Panchkhal Municipality,1,Ward - 1,754,2799,1365,1434,32411
3,31,6,Panchkhal Municipality,2,Ward - 2,884,3704,1815,1889,32411
3,31,6,Panchkhal Municipality,3,Ward - 3,601,2263,1108,1155,32411
3,31,6,Panchkhal Municipality,4,Ward - 4,839,3522,1721,1801,32411
3,31,6,Panchkhal Municipality,5,Ward - 5,556,2303,1152,1151,32411
3,31,6,Panchkhal Municipality,6,Ward - 6,1001,3901,1886,2015,32411
3,31,6,Panchkhal Municipality,7,Ward - 7,509,2108,1051,1057,32411
3,31,6,Panchkhal Municipality,8,Ward - 8,533,1913,904,1009,32411
3,31,6,Panchkhal Municipality,9,Ward - 9,594,2196,1074,1122,32411
3,31,6,Panchkhal Municipality,10,Ward - 10,425,1657,821,836,32411
3,31,6,Panchkhal Municipality,11,Ward - 11,516,1769,831,938,32411
3,31,6,Panchkhal Municipality,12,Ward - 12,1497,6057,2851,3206,32411
3,31,6,Panchkhal Municipality,13,Ward - 13,424,1329,633,696,32411
3,31,7,Temal Gaunpalika,1,Ward - 1,543,2035,1027,1008,32413
3,31,7,Temal Gaunpalika,2,Ward - 2,527,1869,885,984,32413
3,31,7,Temal Gaunpalika,3,Ward - 3,260,914,433,481,32413
3,31,7,Temal Gaunpalika,4,Ward - 4,479,1684,819,865,32413
3,31,7,Temal Gaunpalika,5,Ward - 5,669,2247,1111,1136,32413
3,31,7,Temal Gaunpalika,6,Ward - 6,589,1904,919,985,32413
3,31,7,Temal Gaunpalika,7,Ward - 7,543,1756,863,893,32413
3,31,7,Temal Gaunpalika,8,Ward - 8,723,2665,1286,1379,32413
3,31,7,Temal Gaunpalika,9,Ward - 9,536,1883,877,1006,32413
3,31,8,Namobuddha Municipality,1,Ward - 1,436,1611,776,835,32409
3,31,8,Namobuddha Municipality,2,Ward - 2,1006,3839,1834,2005,32409
3,31,8,Namobuddha Municipality,3,Ward - 3,571,2133,996,1137,32409
3,31,8,Namobuddha Municipality,4,Ward - 4,621,2463,1198,1265,32409
3,31,8,Namobuddha Municipality,5,Ward - 5,915,3305,1638,1667,32409
3,31,8,Namobuddha Municipality,6,Ward - 6,360,1319,621,698,32409
3,31,8,Namobuddha Municipality,7,Ward - 7,1008,3663,1786,1877,32409
3,31,8,Namobuddha Municipality,8,Ward - 8,557,1913,867,1046,32409
3,31,8,Namobuddha Municipality,9,Ward - 9,530,1684,760,924,32409
3,31,8,Namobuddha Municipality,10,Ward - 10,484,1830,899,931,32409
3,31,8,Namobuddha Municipality,11,Ward - 11,660,2400,1121,1279,32409
3,31,9,Panauti Municipality,1,Ward - 1,1034,4214,2009,2205,32410
3,31,9,Panauti Municipality,2,Ward - 2,751,3074,1480,1594,32410
3,31,9,Panauti Municipality,3,Ward - 3,933,3867,1878,1989,32410
3,31,9,Panauti Municipality,4,Ward - 4,1954,7785,3852,3933,32410
3,31,9,Panauti Municipality,5,Ward - 5,1483,6004,2933,3071,32410
3,31,9,Panauti Municipality,6,Ward - 6,859,3547,1807,1740,32410
3,31,9,Panauti Municipality,7,Ward - 7,1100,4665,2298,2367,32410
3,31,9,Panauti Municipality,8,Ward - 8,972,3709,1764,1945,32410
3,31,9,Panauti Municipality,9,Ward - 9,1113,4569,2156,2413,32410
3,31,9,Panauti Municipality,10,Ward - 10,1093,4286,2055,2231,32410
3,31,9,Panauti Municipality,11,Ward - 11,717,2535,1207,1328,32410
3,31,9,Panauti Municipality,12,Ward - 12,797,3249,1576,1673,32410
3,31,10,Bethanchowk Gaunpalika,1,Ward - 1,279,1279,655,624,32402
3,31,10,Bethanchowk Gaunpalika,2,Ward - 2,703,2896,1383,1513,32402
3,31,10,Bethanchowk Gaunpalika,3,Ward - 3,521,2150,1033,1117,32402
3,31,10,Bethanchowk Gaunpalika,4,Ward - 4,914,3481,1661,1820,32402
3,31,10,Bethanchowk Gaunpalika,5,Ward - 5,651,2267,1081,1186,32402
3,31,10,Bethanchowk Gaunpalika,6,Ward - 6,793,2886,1337,1549,32402
3,31,11,Roshi Gaunpalika,1,Ward - 1,513,1814,887,927,32412
3,31,11,Roshi Gaunpalika,2,Ward - 2,386,1391,689,702,32412
3,31,11,Roshi Gaunpalika,3,Ward - 3,526,1840,862,978,32412
3,31,11,Roshi Gaunpalika,4,Ward - 4,397,1527,741,786,32412
3,31,11,Roshi Gaunpalika,5,Ward - 5,357,1628,783,845,32412
3,31,11,Roshi Gaunpalika,6,Ward - 6,583,2317,1138,1179,32412
3,31,11,Roshi Gaunpalika,7,Ward - 7,541,2154,1047,1107,32412
3,31,11,Roshi Gaunpalika,8,Ward - 8,316,1146,556,590,32412
3,31,11,Roshi Gaunpalika,9,Ward - 9,832,3132,1526,1606,32412
3,31,11,Roshi Gaunpalika,10,Ward - 10,510,2205,1069,1136,32412
3,31,11,Roshi Gaunpalika,11,Ward - 11,701,2892,1386,1506,32412
3,31,11,Roshi Gaunpalika,12,Ward - 12,413,1744,802,942,32412
3,31,12,Mahabharat Gaunpalika,1,Ward - 1,432,2193,1074,1119,32407
3,31,12,Mahabharat Gaunpalika,2,Ward - 2,372,1872,932,940,32407
3,31,12,Mahabharat Gaunpalika,3,Ward - 3,410,1984,987,997,32407
3,31,12,Mahabharat Gaunpalika,4,Ward - 4,315,1626,809,817,32407
3,31,12,Mahabharat Gaunpalika,5,Ward - 5,379,1915,928,987,32407
3,31,12,Mahabharat Gaunpalika,6,Ward - 6,404,2029,1001,1028,32407
3,31,12,Mahabharat Gaunpalika,7,Ward - 7,366,1959,937,1022,32407
3,31,12,Mahabharat Gaunpalika,8,Ward - 8,496,2501,1212,1289,32407
3,31,13,Khanikhola Gaunpalika,1,Ward - 1,304,1725,872,853,32406
3,31,13,Khanikhola Gaunpalika,2,Ward - 2,350,1938,994,944,32406
3,31,13,Khanikhola Gaunpalika,3,Ward - 3,261,1533,745,788,32406
3,31,13,Khanikhola Gaunpalika,4,Ward - 4,220,1005,469,536,32406
3,31,13,Khanikhola Gaunpalika,5,Ward - 5,332,1477,725,752,32406
3,31,13,Khanikhola Gaunpalika,6,Ward - 6,436,2170,1065,1105,32406
3,31,13,Khanikhola Gaunpalika,7,Ward - 7,495,2353,1179,1174,32406
3,32,1,Umakunda Gaunpalika,1,Ward - 1,532,2763,1401,1362,32108
3,32,1,Umakunda Gaunpalika,2,Ward - 2,865,3194,1551,1643,32108
3,32,1,Umakunda Gaunpalika,3,Ward - 3,609,2263,1101,1162,32108
3,32,1,Umakunda Gaunpalika,4,Ward - 4,697,2781,1356,1425,32108
3,32,1,Umakunda Gaunpalika,5,Ward - 5,534,2058,1015,1043,32108
3,32,1,Umakunda Gaunpalika,6,Ward - 6,350,1403,700,703,32108
3,32,1,Umakunda Gaunpalika,7,Ward - 7,526,2128,1039,1089,32108
3,32,2,Gokulganga Gaunpalika,1,Ward - 1,595,2327,1143,1184,32102
3,32,2,Gokulganga Gaunpalika,2,Ward - 2,615,2278,1096,1182,32102
3,32,2,Gokulganga Gaunpalika,3,Ward - 3,1001,3764,1883,1881,32102
3,32,2,Gokulganga Gaunpalika,4,Ward - 4,993,3557,1665,1892,32102
3,32,2,Gokulganga Gaunpalika,5,Ward - 5,924,3732,1751,1981,32102
3,32,2,Gokulganga Gaunpalika,6,Ward - 6,555,2140,1015,1125,32102
3,32,3,Likhu Tamakoshi Gaunpalika,1,Ward - 1,658,2509,1236,1273,32104
3,32,3,Likhu Tamakoshi Gaunpalika,2,Ward - 2,665,2553,1237,1316,32104
3,32,3,Likhu Tamakoshi Gaunpalika,3,Ward - 3,530,1884,900,984,32104
3,32,3,Likhu Tamakoshi Gaunpalika,4,Ward - 4,647,2162,995,1167,32104
3,32,3,Likhu Tamakoshi Gaunpalika,5,Ward - 5,893,2879,1287,1592,32104
3,32,3,Likhu Tamakoshi Gaunpalika,6,Ward - 6,997,3357,1551,1806,32104
3,32,3,Likhu Tamakoshi Gaunpalika,7,Ward - 7,906,2981,1291,1690,32104
3,32,4,Ramechhap Municipality,1,Ward - 1,614,2754,1352,1402,32106
3,32,4,Ramechhap Municipality,2,Ward - 2,755,3014,1422,1592,32106
3,32,4,Ramechhap Municipality,3,Ward - 3,523,1943,916,1027,32106
3,32,4,Ramechhap Municipality,4,Ward - 4,908,3399,1564,1835,32106
3,32,4,Ramechhap Municipality,5,Ward - 5,892,3135,1465,1670,32106
3,32,4,Ramechhap Municipality,6,Ward - 6,786,2801,1304,1497,32106
3,32,4,Ramechhap Municipality,7,Ward - 7,832,3091,1450,1641,32106
3,32,4,Ramechhap Municipality,8,Ward - 8,967,3538,1690,1848,32106
3,32,4,Ramechhap Municipality,9,Ward - 9,350,1296,595,701,32106
3,32,5,Manthali  Municipality,1,Ward - 1,2313,8779,4287,4492,32105
3,32,5,Manthali  Municipality,2,Ward - 2,632,2154,962,1192,32105
3,32,5,Manthali  Municipality,3,Ward - 3,547,1954,889,1065,32105
3,32,5,Manthali  Municipality,4,Ward - 4,786,2825,1292,1533,32105
3,32,5,Manthali  Municipality,5,Ward - 5,534,1861,873,988,32105
3,32,5,Manthali  Municipality,6,Ward - 6,781,3021,1445,1576,32105
3,32,5,Manthali  Municipality,7,Ward - 7,876,3382,1609,1773,32105
3,32,5,Manthali  Municipality,8,Ward - 8,724,2551,1144,1407,32105
3,32,5,Manthali  Municipality,9,Ward - 9,643,2233,990,1243,32105
3,32,5,Manthali  Municipality,10,Ward - 10,505,1771,820,951,32105
3,32,5,Manthali  Municipality,11,Ward - 11,687,2323,1025,1298,32105
3,32,5,Manthali  Municipality,12,Ward - 12,593,2090,952,1138,32105
3,32,5,Manthali  Municipality,13,Ward - 13,709,2564,1198,1366,32105
3,32,5,Manthali  Municipality,14,Ward - 14,661,2187,994,1193,32105
3,32,6,Khandadevi Gaunpalika,1,Ward - 1,706,2602,1225,1377,32103
3,32,6,Khandadevi Gaunpalika,2,Ward - 2,452,1476,666,810,32103
3,32,6,Khandadevi Gaunpalika,3,Ward - 3,718,2377,1091,1286,32103
3,32,6,Khandadevi Gaunpalika,4,Ward - 4,718,3128,1503,1625,32103
3,32,6,Khandadevi Gaunpalika,5,Ward - 5,549,1949,912,1037,32103
3,32,6,Khandadevi Gaunpalika,6,Ward - 6,447,1601,743,858,32103
3,32,6,Khandadevi Gaunpalika,7,Ward - 7,913,3003,1405,1598,32103
3,32,6,Khandadevi Gaunpalika,8,Ward - 8,555,1722,795,927,32103
3,32,6,Khandadevi Gaunpalika,9,Ward - 9,443,1454,655,799,32103
3,32,7,Doramba Gaunpalika,1,Ward - 1,1154,3974,1879,2095,32101
3,32,7,Doramba Gaunpalika,2,Ward - 2,791,2505,1168,1337,32101
3,32,7,Doramba Gaunpalika,3,Ward - 3,485,1601,754,847,32101
3,32,7,Doramba Gaunpalika,4,Ward - 4,791,2691,1228,1463,32101
3,32,7,Doramba Gaunpalika,5,Ward - 5,580,1935,888,1047,32101
3,32,7,Doramba Gaunpalika,6,Ward - 6,854,3638,1736,1902,32101
3,32,7,Doramba Gaunpalika,7,Ward - 7,407,1342,635,707,32101
3,32,8,Sunapati Gaunpalika,1,Ward - 1,749,2677,1269,1408,32107
3,32,8,Sunapati Gaunpalika,2,Ward - 2,767,2369,1099,1270,32107
3,32,8,Sunapati Gaunpalika,3,Ward - 3,761,2499,1195,1304,32107
3,32,8,Sunapati Gaunpalika,4,Ward - 4,1131,3826,1813,2013,32107
3,32,8,Sunapati Gaunpalika,5,Ward - 5,785,3287,1570,1717,32107
3,33,1,Dudhouli Municipality,1,Ward - 1,1042,4356,2110,2246,32001
3,33,1,Dudhouli Municipality,2,Ward - 2,915,4032,1922,2110,32001
3,33,1,Dudhouli Municipality,3,Ward - 3,881,3742,1760,1982,32001
3,33,1,Dudhouli Municipality,4,Ward - 4,1126,4620,2209,2411,32001
3,33,1,Dudhouli Municipality,5,Ward - 5,978,4164,1954,2210,32001
3,33,1,Dudhouli Municipality,6,Ward - 6,1244,5737,2812,2925,32001
3,33,1,Dudhouli Municipality,7,Ward - 7,1063,4318,2009,2309,32001
3,33,1,Dudhouli Municipality,8,Ward - 8,810,3463,1690,1773,32001
3,33,1,Dudhouli Municipality,9,Ward - 9,1575,6681,3225,3456,32001
3,33,1,Dudhouli Municipality,10,Ward - 10,1487,6425,3075,3350,32001
3,33,1,Dudhouli Municipality,11,Ward - 11,1712,7500,3622,3878,32001
3,33,1,Dudhouli Municipality,12,Ward - 12,986,4206,2048,2158,32001
3,33,1,Dudhouli Municipality,13,Ward - 13,1171,5704,2812,2892,32001
3,33,1,Dudhouli Municipality,14,Ward - 14,1120,5259,2604,2655,32001
3,33,2,Phikkal Gaunpalika,1,Ward - 1,707,3715,1837,1878,32007
3,33,2,Phikkal Gaunpalika,2,Ward - 2,477,2273,1100,1173,32007
3,33,2,Phikkal Gaunpalika,3,Ward - 3,572,2554,1245,1309,32007
3,33,2,Phikkal Gaunpalika,4,Ward - 4,600,2586,1281,1305,32007
3,33,2,Phikkal Gaunpalika,5,Ward - 5,468,1995,968,1027,32007
3,33,2,Phikkal Gaunpalika,6,Ward - 6,612,2787,1356,1431,32007
3,33,3,Tinpatan Gaunpalika,1,Ward - 1,837,3468,1699,1769,32009
3,33,3,Tinpatan Gaunpalika,2,Ward - 2,866,3531,1738,1793,32009
3,33,3,Tinpatan Gaunpalika,3,Ward - 3,533,2196,1050,1146,32009
3,33,3,Tinpatan Gaunpalika,4,Ward - 4,711,3114,1504,1610,32009
3,33,3,Tinpatan Gaunpalika,5,Ward - 5,861,3578,1688,1890,32009
3,33,3,Tinpatan Gaunpalika,6,Ward - 6,816,3953,1949,2004,32009
3,33,3,Tinpatan Gaunpalika,7,Ward - 7,392,1790,884,906,32009
3,33,3,Tinpatan Gaunpalika,8,Ward - 8,619,3100,1576,1524,32009
3,33,3,Tinpatan Gaunpalika,9,Ward - 9,810,3732,1852,1880,32009
3,33,3,Tinpatan Gaunpalika,10,Ward - 10,543,2479,1218,1261,32009
3,33,3,Tinpatan Gaunpalika,11,Ward - 11,930,3948,1944,2004,32009
3,33,4,Golanjor Gaunpalika,1,Ward - 1,618,2608,1304,1304,32003
3,33,4,Golanjor Gaunpalika,2,Ward - 2,424,1808,872,936,32003
3,33,4,Golanjor Gaunpalika,3,Ward - 3,567,2522,1242,1280,32003
3,33,4,Golanjor Gaunpalika,4,Ward - 4,908,3670,1819,1851,32003
3,33,4,Golanjor Gaunpalika,5,Ward - 5,598,2379,1139,1240,32003
3,33,4,Golanjor Gaunpalika,6,Ward - 6,718,2994,1446,1548,32003
3,33,4,Golanjor Gaunpalika,7,Ward - 7,694,2756,1407,1349,32003
3,33,5,Kamalamai Municipality,1,Ward - 1,1104,4565,2197,2368,32005
3,33,5,Kamalamai Municipality,2,Ward - 2,929,3790,1852,1938,32005
3,33,5,Kamalamai Municipality,3,Ward - 3,384,1359,620,739,32005
3,33,5,Kamalamai Municipality,4,Ward - 4,2346,8818,4309,4509,32005
3,33,5,Kamalamai Municipality,5,Ward - 5,2102,8292,3931,4361,32005
3,33,5,Kamalamai Municipality,6,Ward - 6,3440,12498,6140,6358,32005
3,33,5,Kamalamai Municipality,7,Ward - 7,1735,6828,3233,3595,32005
3,33,5,Kamalamai Municipality,8,Ward - 8,927,3672,1803,1869,32005
3,33,5,Kamalamai Municipality,9,Ward - 9,1228,4728,2246,2482,32005
3,33,5,Kamalamai Municipality,10,Ward - 10,821,3375,1629,1746,32005
3,33,5,Kamalamai Municipality,11,Ward - 11,935,3800,1842,1958,32005
3,33,5,Kamalamai Municipality,12,Ward - 12,884,3822,1914,1908,32005
3,33,5,Kamalamai Municipality,13,Ward - 13,556,2258,1057,1201,32005
3,33,5,Kamalamai Municipality,14,Ward - 14,744,3211,1543,1668,32005
3,33,6,Sunkoshi Gaunpalika,1,Ward - 1,702,2576,1285,1291,32008
3,33,6,Sunkoshi Gaunpalika,2,Ward - 2,442,1669,791,878,32008
3,33,6,Sunkoshi Gaunpalika,3,Ward - 3,718,2641,1298,1343,32008
3,33,6,Sunkoshi Gaunpalika,4,Ward - 4,536,1890,891,999,32008
3,33,6,Sunkoshi Gaunpalika,5,Ward - 5,1152,4109,2010,2099,32008
3,33,6,Sunkoshi Gaunpalika,6,Ward - 6,913,3571,1650,1921,32008
3,33,6,Sunkoshi Gaunpalika,7,Ward - 7,524,1919,909,1010,32008
3,33,7,Ghyanglekha Gaunpalika,1,Ward - 1,444,2060,1013,1047,32002
3,33,7,Ghyanglekha Gaunpalika,2,Ward - 2,686,2724,1323,1401,32002
3,33,7,Ghyanglekha Gaunpalika,3,Ward - 3,505,2283,1114,1169,32002
3,33,7,Ghyanglekha Gaunpalika,4,Ward - 4,705,3222,1536,1686,32002
3,33,7,Ghyanglekha Gaunpalika,5,Ward - 5,528,2363,1167,1196,32002
3,33,8,Marin Gaunpalika,1,Ward - 1,531,2800,1351,1449,32006
3,33,8,Marin Gaunpalika,2,Ward - 2,807,4547,2293,2254,32006
3,33,8,Marin Gaunpalika,3,Ward - 3,1005,5134,2556,2578,32006
3,33,8,Marin Gaunpalika,4,Ward - 4,946,4374,2110,2264,32006
3,33,8,Marin Gaunpalika,5,Ward - 5,651,2860,1417,1443,32006
3,33,8,Marin Gaunpalika,6,Ward - 6,989,4354,2171,2183,32006
3,33,8,Marin Gaunpalika,7,Ward - 7,1115,4739,2286,2453,32006
3,33,9,Hariharpurgaghi Gaunpalika,1,Ward - 1,838,5015,2475,2540,32004
3,33,9,Hariharpurgaghi Gaunpalika,2,Ward - 2,857,3942,1941,2001,32004
3,33,9,Hariharpurgaghi Gaunpalika,3,Ward - 3,770,4016,1988,2028,32004
3,33,9,Hariharpurgaghi Gaunpalika,4,Ward - 4,522,2438,1149,1289,32004
3,33,9,Hariharpurgaghi Gaunpalika,5,Ward - 5,600,3197,1527,1670,32004
3,33,9,Hariharpurgaghi Gaunpalika,6,Ward - 6,485,2242,1082,1160,32004
3,33,9,Hariharpurgaghi Gaunpalika,7,Ward - 7,676,3100,1480,1620,32004
3,33,9,Hariharpurgaghi Gaunpalika,8,Ward - 8,544,2555,1258,1297,32004
3,34,1,Indrasarowar Gaunpalika,1,Ward - 1,730,2634,1244,1390,33105
3,34,1,Indrasarowar Gaunpalika,2,Ward - 2,721,3435,1716,1719,33105
3,34,1,Indrasarowar Gaunpalika,3,Ward - 3,813,3009,1491,1518,33105
3,34,1,Indrasarowar Gaunpalika,4,Ward - 4,518,2177,1075,1102,33105
3,34,1,Indrasarowar Gaunpalika,5,Ward - 5,621,2279,1091,1188,33105
3,34,2,Thaha Municipality,1,Ward - 1,785,3320,1663,1657,33110
3,34,2,Thaha Municipality,2,Ward - 2,1015,3815,1812,2003,33110
3,34,2,Thaha Municipality,3,Ward - 3,1096,4088,2048,2040,33110
3,34,2,Thaha Municipality,4,Ward - 4,783,3328,1658,1670,33110
3,34,2,Thaha Municipality,5,Ward - 5,639,2783,1343,1440,33110
3,34,2,Thaha Municipality,6,Ward - 6,1070,4295,2119,2176,33110
3,34,2,Thaha Municipality,7,Ward - 7,934,3713,1883,1830,33110
3,34,2,Thaha Municipality,8,Ward - 8,731,3011,1488,1523,33110
3,34,2,Thaha Municipality,9,Ward - 9,663,2405,1206,1199,33110
3,34,2,Thaha Municipality,10,Ward - 10,511,1908,889,1019,33110
3,34,2,Thaha Municipality,11,Ward - 11,816,3369,1651,1718,33110
3,34,2,Thaha Municipality,12,Ward - 12,706,2835,1371,1464,33110
3,34,3,Kailash Gaunpalika,1,Ward - 1,370,1699,873,826,33106
3,34,3,Kailash Gaunpalika,2,Ward - 2,410,1930,985,945,33106
3,34,3,Kailash Gaunpalika,3,Ward - 3,400,2094,1072,1022,33106
3,34,3,Kailash Gaunpalika,4,Ward - 4,440,2296,1128,1168,33106
3,34,3,Kailash Gaunpalika,5,Ward - 5,518,2741,1398,1343,33106
3,34,3,Kailash Gaunpalika,6,Ward - 6,471,2046,1026,1020,33106
3,34,3,Kailash Gaunpalika,7,Ward - 7,420,2526,1298,1228,33106
3,34,3,Kailash Gaunpalika,8,Ward - 8,297,1784,920,864,33106
3,34,3,Kailash Gaunpalika,9,Ward - 9,515,2287,1163,1124,33106
3,34,3,Kailash Gaunpalika,10,Ward - 10,550,2453,1259,1194,33106
3,34,4,Raksirang Gaunpalika,1,Ward - 1,469,2184,1082,1102,33109
3,34,4,Raksirang Gaunpalika,2,Ward - 2,461,2158,1094,1064,33109
3,34,4,Raksirang Gaunpalika,3,Ward - 3,811,3637,1789,1848,33109
3,34,4,Raksirang Gaunpalika,4,Ward - 4,541,2662,1371,1291,33109
3,34,4,Raksirang Gaunpalika,5,Ward - 5,538,2848,1445,1403,33109
3,34,4,Raksirang Gaunpalika,6,Ward - 6,562,3124,1571,1553,33109
3,34,4,Raksirang Gaunpalika,7,Ward - 7,551,3288,1698,1590,33109
3,34,4,Raksirang Gaunpalika,8,Ward - 8,483,2706,1397,1309,33109
3,34,4,Raksirang Gaunpalika,9,Ward - 9,628,3389,1754,1635,33109
3,34,5,Manahari Gaunpalika,1,Ward - 1,882,3790,1902,1888,33108
3,34,5,Manahari Gaunpalika,2,Ward - 2,698,3158,1586,1572,33108
3,34,5,Manahari Gaunpalika,3,Ward - 3,1323,5726,2793,2933,33108
3,34,5,Manahari Gaunpalika,4,Ward - 4,698,3184,1591,1593,33108
3,34,5,Manahari Gaunpalika,5,Ward - 5,936,4176,2032,2144,33108
3,34,5,Manahari Gaunpalika,6,Ward - 6,1847,8522,4196,4326,33108
3,34,5,Manahari Gaunpalika,7,Ward - 7,2135,9291,4594,4697,33108
3,34,5,Manahari Gaunpalika,8,Ward - 8,864,3816,1914,1902,33108
3,34,5,Manahari Gaunpalika,9,Ward - 9,1341,5690,2787,2903,33108
3,34,6,Hetauda Sub-Metropolitian City,1,Ward - 1,1839,8266,4118,4148,33104
3,34,6,Hetauda Sub-Metropolitian City,2,Ward - 2,2291,8925,4506,4419,33104
3,34,6,Hetauda Sub-Metropolitian City,3,Ward - 3,1951,8367,4013,4354,33104
3,34,6,Hetauda Sub-Metropolitian City,4,Ward - 4,4630,18035,9047,8988,33104
3,34,6,Hetauda Sub-Metropolitian City,5,Ward - 5,4202,17349,8578,8771,33104
3,34,6,Hetauda Sub-Metropolitian City,6,Ward - 6,1685,7034,3469,3565,33104
3,34,6,Hetauda Sub-Metropolitian City,7,Ward - 7,1438,6032,2930,3102,33104
3,34,6,Hetauda Sub-Metropolitian City,8,Ward - 8,3289,13008,6466,6542,33104
3,34,6,Hetauda Sub-Metropolitian City,9,Ward - 9,2892,11346,5662,5684,33104
3,34,6,Hetauda Sub-Metropolitian City,10,Ward - 10,1799,6997,3549,3448,33104
3,34,6,Hetauda Sub-Metropolitian City,11,Ward - 11,3423,14094,6958,7136,33104
3,34,6,Hetauda Sub-Metropolitian City,12,Ward - 12,2950,13028,6281,6747,33104
3,34,6,Hetauda Sub-Metropolitian City,13,Ward - 13,1854,7949,3800,4149,33104
3,34,6,Hetauda Sub-Metropolitian City,14,Ward - 14,1790,7956,3886,4070,33104
3,34,6,Hetauda Sub-Metropolitian City,15,Ward - 15,2483,10623,5271,5352,33104
3,34,6,Hetauda Sub-Metropolitian City,16,Ward - 16,1666,7145,3544,3601,33104
3,34,6,Hetauda Sub-Metropolitian City,17,Ward - 17,1882,8386,4184,4202,33104
3,34,6,Hetauda Sub-Metropolitian City,18,Ward - 18,1921,7836,3857,3979,33104
3,34,6,Hetauda Sub-Metropolitian City,19,Ward - 19,2581,11200,5559,5641,33104
3,34,7,Bhimphedi Gaunpalika,1,Ward - 1,845,3636,1859,1777,33103
3,34,7,Bhimphedi Gaunpalika,2,Ward - 2,635,2464,1178,1286,33103
3,34,7,Bhimphedi Gaunpalika,3,Ward - 3,501,2411,1185,1226,33103
3,34,7,Bhimphedi Gaunpalika,4,Ward - 4,469,1883,937,946,33103
3,34,7,Bhimphedi Gaunpalika,5,Ward - 5,568,2403,1142,1261,33103
3,34,7,Bhimphedi Gaunpalika,6,Ward - 6,717,2769,1371,1398,33103
3,34,7,Bhimphedi Gaunpalika,7,Ward - 7,293,1216,613,603,33103
3,34,7,Bhimphedi Gaunpalika,8,Ward - 8,463,1990,1002,988,33103
3,34,7,Bhimphedi Gaunpalika,9,Ward - 9,594,2744,1396,1348,33103
3,34,8,Makawanpurgadhi Gaunpalika,1,Ward - 1,607,2929,1482,1447,33107
3,34,8,Makawanpurgadhi Gaunpalika,2,Ward - 2,959,4563,2286,2277,33107
3,34,8,Makawanpurgadhi Gaunpalika,3,Ward - 3,594,2579,1283,1296,33107
3,34,8,Makawanpurgadhi Gaunpalika,4,Ward - 4,633,2763,1377,1386,33107
3,34,8,Makawanpurgadhi Gaunpalika,5,Ward - 5,809,3557,1803,1754,33107
3,34,8,Makawanpurgadhi Gaunpalika,6,Ward - 6,594,2647,1327,1320,33107
3,34,8,Makawanpurgadhi Gaunpalika,7,Ward - 7,666,3366,1688,1678,33107
3,34,8,Makawanpurgadhi Gaunpalika,8,Ward - 8,423,2057,1027,1030,33107
3,34,9,Bakaiya Gaunpalika,1,Ward - 1,832,4047,1975,2072,33102
3,34,9,Bakaiya Gaunpalika,2,Ward - 2,437,1991,981,1010,33102
3,34,9,Bakaiya Gaunpalika,3,Ward - 3,761,3252,1591,1661,33102
3,34,9,Bakaiya Gaunpalika,4,Ward - 4,1209,5353,2636,2717,33102
3,34,9,Bakaiya Gaunpalika,5,Ward - 5,894,3958,1938,2020,33102
3,34,9,Bakaiya Gaunpalika,6,Ward - 6,830,3656,1824,1832,33102
3,34,9,Bakaiya Gaunpalika,7,Ward - 7,1363,5913,2890,3023,33102
3,34,9,Bakaiya Gaunpalika,8,Ward - 8,694,3140,1512,1628,33102
3,34,9,Bakaiya Gaunpalika,9,Ward - 9,650,3357,1626,1731,33102
3,34,9,Bakaiya Gaunpalika,10,Ward - 10,512,2461,1198,1263,33102
3,34,9,Bakaiya Gaunpalika,11,Ward - 11,395,2173,1079,1094,33102
3,34,9,Bakaiya Gaunpalika,12,Ward - 12,336,1606,808,798,33102
3,34,10,Bagmati Gaunpalika,1,Ward - 1,749,3658,1803,1855,33101
3,34,10,Bagmati Gaunpalika,2,Ward - 2,902,4418,2165,2253,33101
3,34,10,Bagmati Gaunpalika,3,Ward - 3,388,2007,990,1017,33101
3,34,10,Bagmati Gaunpalika,4,Ward - 4,750,3466,1697,1769,33101
3,34,10,Bagmati Gaunpalika,5,Ward - 5,734,3762,1912,1850,33101
3,34,10,Bagmati Gaunpalika,6,Ward - 6,778,3352,1604,1748,33101
3,34,10,Bagmati Gaunpalika,7,Ward - 7,716,3158,1529,1629,33101
3,34,10,Bagmati Gaunpalika,8,Ward - 8,828,3879,1829,2050,33101
3,34,10,Bagmati Gaunpalika,9,Ward - 9,615,2725,1381,1344,33101
3,35,1,Rapti Municipality,1,Ward - 1,1781,7908,3853,4055,33506
3,35,1,Rapti Municipality,2,Ward - 2,1769,7359,3625,3734,33506
3,35,1,Rapti Municipality,3,Ward - 3,559,2406,1212,1194,33506
3,35,1,Rapti Municipality,4,Ward - 4,1475,6088,2949,3139,33506
3,35,1,Rapti Municipality,5,Ward - 5,1358,5528,2683,2845,33506
3,35,1,Rapti Municipality,6,Ward - 6,1482,6443,3096,3347,33506
3,35,1,Rapti Municipality,7,Ward - 7,1616,6643,3213,3430,33506
3,35,1,Rapti Municipality,8,Ward - 8,1628,6567,3164,3403,33506
3,35,1,Rapti Municipality,9,Ward - 9,1051,4306,2006,2300,33506
3,35,1,Rapti Municipality,10,Ward - 10,713,3495,1748,1747,33506
3,35,1,Rapti Municipality,11,Ward - 11,635,3055,1565,1490,33506
3,35,1,Rapti Municipality,12,Ward - 12,557,3062,1587,1475,33506
3,35,1,Rapti Municipality,13,Ward - 13,591,3757,1976,1781,33506
3,35,2,Kalika Municipality,1,Ward - 1,949,3946,1870,2076,33503
3,35,2,Kalika Municipality,2,Ward - 2,1228,5189,2490,2699,33503
3,35,2,Kalika Municipality,3,Ward - 3,1573,6380,3155,3225,33503
3,35,2,Kalika Municipality,4,Ward - 4,703,2922,1415,1507,33503
3,35,2,Kalika Municipality,5,Ward - 5,1261,5289,2559,2730,33503
3,35,2,Kalika Municipality,6,Ward - 6,1777,7094,3484,3610,33503
3,35,2,Kalika Municipality,7,Ward - 7,1471,5902,2807,3095,33503
3,35,2,Kalika Municipality,8,Ward - 8,1518,6204,3074,3130,33503
3,35,2,Kalika Municipality,9,Ward - 9,925,4623,2321,2302,33503
3,35,2,Kalika Municipality,10,Ward - 10,505,2521,1259,1262,33503
3,35,2,Kalika Municipality,11,Ward - 11,348,2094,1057,1037,33503
3,35,3,Ichchha Kamana Gaunpalika,1,Ward - 1,681,3623,1826,1797,33502
3,35,3,Ichchha Kamana Gaunpalika,2,Ward - 2,682,3532,1871,1661,33502
3,35,3,Ichchha Kamana Gaunpalika,3,Ward - 3,822,3334,1647,1687,33502
3,35,3,Ichchha Kamana Gaunpalika,4,Ward - 4,1127,4504,2317,2187,33502
3,35,3,Ichchha Kamana Gaunpalika,5,Ward - 5,903,3764,1925,1839,33502
3,35,3,Ichchha Kamana Gaunpalika,6,Ward - 6,671,3199,1607,1592,33502
3,35,3,Ichchha Kamana Gaunpalika,7,Ward - 7,1299,5687,2814,2873,33502
3,35,4,Bharatpur Metropolitian City,1,Ward - 1,2252,9109,4571,4538,33501
3,35,4,Bharatpur Metropolitian City,2,Ward - 2,5252,19564,9766,9798,33501
3,35,4,Bharatpur Metropolitian City,3,Ward - 3,4447,17222,9220,8002,33501
3,35,4,Bharatpur Metropolitian City,4,Ward - 4,5678,20871,10322,10549,33501
3,35,4,Bharatpur Metropolitian City,5,Ward - 5,3435,13710,6613,7097,33501
3,35,4,Bharatpur Metropolitian City,6,Ward - 6,3464,13349,6477,6872,33501
3,35,4,Bharatpur Metropolitian City,7,Ward - 7,4620,17211,8211,9000,33501
3,35,4,Bharatpur Metropolitian City,8,Ward - 8,2854,11438,5527,5911,33501
3,35,4,Bharatpur Metropolitian City,9,Ward - 9,4148,15183,7542,7641,33501
3,35,4,Bharatpur Metropolitian City,10,Ward - 10,6397,20633,10204,10429,33501
3,35,4,Bharatpur Metropolitian City,11,Ward - 11,9651,35692,17336,18356,33501
3,35,4,Bharatpur Metropolitian City,12,Ward - 12,4318,15826,7800,8026,33501
3,35,4,Bharatpur Metropolitian City,13,Ward - 13,1767,6892,3250,3642,33501
3,35,4,Bharatpur Metropolitian City,14,Ward - 14,2819,11134,5245,5889,33501
3,35,4,Bharatpur Metropolitian City,15,Ward - 15,3929,15833,7576,8257,33501
3,35,4,Bharatpur Metropolitian City,16,Ward - 16,4470,17818,8488,9330,33501
3,35,4,Bharatpur Metropolitian City,17,Ward - 17,2168,8608,4022,4586,33501
3,35,4,Bharatpur Metropolitian City,18,Ward - 18,2688,10577,4899,5678,33501
3,35,4,Bharatpur Metropolitian City,19,Ward - 19,2170,8454,3807,4647,33501
3,35,4,Bharatpur Metropolitian City,20,Ward - 20,2173,8470,3907,4563,33501
3,35,4,Bharatpur Metropolitian City,21,Ward - 21,2451,9385,4470,4915,33501
3,35,4,Bharatpur Metropolitian City,22,Ward - 22,1695,6652,3148,3504,33501
3,35,4,Bharatpur Metropolitian City,23,Ward - 23,2010,8039,3897,4142,33501
3,35,4,Bharatpur Metropolitian City,24,Ward - 24,1371,5459,2643,2816,33501
3,35,4,Bharatpur Metropolitian City,25,Ward - 25,2348,9517,4568,4949,33501
3,35,4,Bharatpur Metropolitian City,26,Ward - 26,2704,10736,5039,5697,33501
3,35,4,Bharatpur Metropolitian City,27,Ward - 27,2231,9058,4246,4812,33501
3,35,4,Bharatpur Metropolitian City,28,Ward - 28,1659,6907,3225,3682,33501
3,35,4,Bharatpur Metropolitian City,29,Ward - 29,1422,5921,2878,3043,33501
3,35,5,Ratnanagar Municipality,1,Ward - 1,1428,5635,2746,2889,33507
3,35,5,Ratnanagar Municipality,2,Ward - 2,1340,5330,2647,2683,33507
3,35,5,Ratnanagar Municipality,3,Ward - 3,1236,5039,2459,2580,33507
3,35,5,Ratnanagar Municipality,4,Ward - 4,1101,4484,2213,2271,33507
3,35,5,Ratnanagar Municipality,5,Ward - 5,955,4008,1922,2086,33507
3,35,5,Ratnanagar Municipality,6,Ward - 6,977,4035,1990,2045,33507
3,35,5,Ratnanagar Municipality,7,Ward - 7,863,3631,1736,1895,33507
3,35,5,Ratnanagar Municipality,8,Ward - 8,1110,4682,2303,2379,33507
3,35,5,Ratnanagar Municipality,9,Ward - 9,1458,5879,2844,3035,33507
3,35,5,Ratnanagar Municipality,10,Ward - 10,2128,8241,4032,4209,33507
3,35,5,Ratnanagar Municipality,11,Ward - 11,1205,4779,2301,2478,33507
3,35,5,Ratnanagar Municipality,12,Ward - 12,1923,7439,3559,3880,33507
3,35,5,Ratnanagar Municipality,13,Ward - 13,2223,8749,4227,4522,33507
3,35,5,Ratnanagar Municipality,14,Ward - 14,1684,6690,3163,3527,33507
3,35,5,Ratnanagar Municipality,15,Ward - 15,1554,6325,3039,3286,33507
3,35,5,Ratnanagar Municipality,16,Ward - 16,1218,4959,2350,2609,33507
3,35,6,Khairahani Municipality,1,Ward - 1,1617,6655,3242,3413,33504
3,35,6,Khairahani Municipality,2,Ward - 2,1499,6128,2965,3163,33504
3,35,6,Khairahani Municipality,3,Ward - 3,1122,4520,2108,2412,33504
3,35,6,Khairahani Municipality,4,Ward - 4,1117,4388,2070,2318,33504
3,35,6,Khairahani Municipality,5,Ward - 5,724,3017,1441,1576,33504
3,35,6,Khairahani Municipality,6,Ward - 6,1471,5943,2873,3070,33504
3,35,6,Khairahani Municipality,7,Ward - 7,805,3481,1680,1801,33504
3,35,6,Khairahani Municipality,8,Ward - 8,1965,7446,3641,3805,33504
3,35,6,Khairahani Municipality,9,Ward - 9,1377,5802,2795,3007,33504
3,35,6,Khairahani Municipality,10,Ward - 10,1770,7464,3571,3893,33504
3,35,6,Khairahani Municipality,11,Ward - 11,774,3391,1614,1777,33504
3,35,6,Khairahani Municipality,12,Ward - 12,993,4230,1971,2259,33504
3,35,6,Khairahani Municipality,13,Ward - 13,1161,4920,2361,2559,33504
3,35,7,Madi Municipality,1,Ward - 1,1344,5065,2376,2689,33505
3,35,7,Madi Municipality,2,Ward - 2,978,3807,1771,2036,33505
3,35,7,Madi Municipality,3,Ward - 3,1276,5061,2458,2603,33505
3,35,7,Madi Municipality,4,Ward - 4,796,3192,1535,1657,33505
3,35,7,Madi Municipality,5,Ward - 5,924,3487,1610,1877,33505
3,35,7,Madi Municipality,6,Ward - 6,1389,5089,2390,2699,33505
3,35,7,Madi Municipality,7,Ward - 7,1311,4634,2167,2467,33505
3,35,7,Madi Municipality,8,Ward - 8,756,2750,1288,1462,33505
3,35,7,Madi Municipality,9,Ward - 9,1346,5210,2488,2722,33505
4,36,1,Chumanubri Gaunpalika,1,Ward - 1,207,525,227,298,43604
4,36,1,Chumanubri Gaunpalika,2,Ward - 2,220,514,245,269,43604
4,36,1,Chumanubri Gaunpalika,3,Ward - 3,709,2321,1105,1216,43604
4,36,1,Chumanubri Gaunpalika,4,Ward - 4,192,473,237,236,43604
4,36,1,Chumanubri Gaunpalika,5,Ward - 5,203,482,226,256,43604
4,36,1,Chumanubri Gaunpalika,6,Ward - 6,257,805,413,392,43604
4,36,1,Chumanubri Gaunpalika,7,Ward - 7,280,812,392,420,43604
4,36,2,Ajirkot Gaunpalika,1,Ward - 1,415,1616,821,795,43602
4,36,2,Ajirkot Gaunpalika,2,Ward - 2,516,2115,1048,1067,43602
4,36,2,Ajirkot Gaunpalika,3,Ward - 3,917,2963,1389,1574,43602
4,36,2,Ajirkot Gaunpalika,4,Ward - 4,864,3070,1465,1605,43602
4,36,2,Ajirkot Gaunpalika,5,Ward - 5,910,3068,1488,1580,43602
4,36,3,Barpak Sulikot Gaunpalika,1,Ward - 1,411,1681,803,878,43611
4,36,3,Barpak Sulikot Gaunpalika,2,Ward - 2,922,4120,2001,2119,43611
4,36,3,Barpak Sulikot Gaunpalika,3,Ward - 3,846,3096,1396,1700,43611
4,36,3,Barpak Sulikot Gaunpalika,4,Ward - 4,1386,5133,2389,2744,43611
4,36,3,Barpak Sulikot Gaunpalika,5,Ward - 5,578,1818,863,955,43611
4,36,3,Barpak Sulikot Gaunpalika,6,Ward - 6,1030,3217,1448,1769,43611
4,36,3,Barpak Sulikot Gaunpalika,7,Ward - 7,511,1675,786,889,43611
4,36,3,Barpak Sulikot Gaunpalika,8,Ward - 8,599,1896,878,1018,43611
4,36,4,Dharche Gaunpalika,1,Ward - 1,234,851,411,440,43605
4,36,4,Dharche Gaunpalika,2,Ward - 2,724,2557,1158,1399,43605
4,36,4,Dharche Gaunpalika,3,Ward - 3,527,1886,867,1019,43605
4,36,4,Dharche Gaunpalika,4,Ward - 4,596,2247,1141,1106,43605
4,36,4,Dharche Gaunpalika,5,Ward - 5,665,2661,1318,1343,43605
4,36,4,Dharche Gaunpalika,6,Ward - 6,543,2065,1001,1064,43605
4,36,4,Dharche Gaunpalika,7,Ward - 7,519,1996,936,1060,43605
4,36,5,Aarughat Gaunpalika,1,Ward - 1,1086,3886,1827,2059,43601
4,36,5,Aarughat Gaunpalika,2,Ward - 2,571,2034,970,1064,43601
4,36,5,Aarughat Gaunpalika,3,Ward - 3,531,1852,871,981,43601
4,36,5,Aarughat Gaunpalika,4,Ward - 4,677,2420,1123,1297,43601
4,36,5,Aarughat Gaunpalika,5,Ward - 5,550,1899,894,1005,43601
4,36,5,Aarughat Gaunpalika,6,Ward - 6,481,1792,878,914,43601
4,36,5,Aarughat Gaunpalika,7,Ward - 7,551,1859,861,998,43601
4,36,5,Aarughat Gaunpalika,8,Ward - 8,522,1686,768,918,43601
4,36,5,Aarughat Gaunpalika,9,Ward - 9,847,2922,1400,1522,43601
4,36,5,Aarughat Gaunpalika,10,Ward - 10,360,1222,553,669,43601
4,36,6,Bhimsenthapa Gaunpalika,1,Ward - 1,1019,3272,1490,1782,43603
4,36,6,Bhimsenthapa Gaunpalika,2,Ward - 2,480,1520,691,829,43603
4,36,6,Bhimsenthapa Gaunpalika,3,Ward - 3,505,1583,709,874,43603
4,36,6,Bhimsenthapa Gaunpalika,4,Ward - 4,850,2921,1315,1606,43603
4,36,6,Bhimsenthapa Gaunpalika,5,Ward - 5,448,1346,592,754,43603
4,36,6,Bhimsenthapa Gaunpalika,6,Ward - 6,783,2567,1159,1408,43603
4,36,6,Bhimsenthapa Gaunpalika,7,Ward - 7,507,1569,733,836,43603
4,36,6,Bhimsenthapa Gaunpalika,8,Ward - 8,647,2208,1018,1190,43603
4,36,7,Siranchowk Gaunpalika,1,Ward - 1,523,1780,868,912,43610
4,36,7,Siranchowk Gaunpalika,2,Ward - 2,663,2187,1082,1105,43610
4,36,7,Siranchowk Gaunpalika,3,Ward - 3,822,2570,1188,1382,43610
4,36,7,Siranchowk Gaunpalika,4,Ward - 4,773,2495,1139,1356,43610
4,36,7,Siranchowk Gaunpalika,5,Ward - 5,790,2612,1250,1362,43610
4,36,7,Siranchowk Gaunpalika,6,Ward - 6,874,2953,1374,1579,43610
4,36,7,Siranchowk Gaunpalika,7,Ward - 7,705,2303,1087,1216,43610
4,36,7,Siranchowk Gaunpalika,8,Ward - 8,808,2819,1324,1495,43610
4,36,8,Palungtar Municipality,1,Ward - 1,950,3326,1525,1801,43608
4,36,8,Palungtar Municipality,2,Ward - 2,1160,3430,1547,1883,43608
4,36,8,Palungtar Municipality,3,Ward - 3,832,2682,1234,1448,43608
4,36,8,Palungtar Municipality,4,Ward - 4,1303,4390,2021,2369,43608
4,36,8,Palungtar Municipality,5,Ward - 5,1415,4871,2262,2609,43608
4,36,8,Palungtar Municipality,6,Ward - 6,1248,4299,2015,2284,43608
4,36,8,Palungtar Municipality,7,Ward - 7,1509,5478,2542,2936,43608
4,36,8,Palungtar Municipality,8,Ward - 8,831,2806,1304,1502,43608
4,36,8,Palungtar Municipality,9,Ward - 9,1220,4185,1918,2267,43608
4,36,8,Palungtar Municipality,10,Ward - 10,604,1942,894,1048,43608
4,36,9,Gorkha Municipality,1,Ward - 1,529,1708,786,922,43607
4,36,9,Gorkha Municipality,2,Ward - 2,582,1972,892,1080,43607
4,36,9,Gorkha Municipality,3,Ward - 3,965,2986,1356,1630,43607
4,36,9,Gorkha Municipality,4,Ward - 4,758,2678,1228,1450,43607
4,36,9,Gorkha Municipality,5,Ward - 5,823,3113,1450,1663,43607
4,36,9,Gorkha Municipality,6,Ward - 6,2258,7689,3583,4106,43607
4,36,9,Gorkha Municipality,7,Ward - 7,1505,5384,2471,2913,43607
4,36,9,Gorkha Municipality,8,Ward - 8,2084,7079,3246,3833,43607
4,36,9,Gorkha Municipality,9,Ward - 9,1114,4043,1849,2194,43607
4,36,9,Gorkha Municipality,10,Ward - 10,1069,4084,1922,2162,43607
4,36,9,Gorkha Municipality,11,Ward - 11,896,3153,1489,1664,43607
4,36,9,Gorkha Municipality,12,Ward - 12,831,3182,1474,1708,43607
4,36,9,Gorkha Municipality,13,Ward - 13,925,3247,1506,1741,43607
4,36,9,Gorkha Municipality,14,Ward - 14,649,2150,1005,1145,43607
4,36,10,Shahid Lakhan Gaunpalika,1,Ward - 1,727,2132,1020,1112,43609
4,36,10,Shahid Lakhan Gaunpalika,2,Ward - 2,675,2649,1263,1386,43609
4,36,10,Shahid Lakhan Gaunpalika,3,Ward - 3,865,3449,1687,1762,43609
4,36,10,Shahid Lakhan Gaunpalika,4,Ward - 4,739,2612,1198,1414,43609
4,36,10,Shahid Lakhan Gaunpalika,5,Ward - 5,518,1847,862,985,43609
4,36,10,Shahid Lakhan Gaunpalika,6,Ward - 6,961,3135,1450,1685,43609
4,36,10,Shahid Lakhan Gaunpalika,7,Ward - 7,940,3048,1392,1656,43609
4,36,10,Shahid Lakhan Gaunpalika,8,Ward - 8,668,2074,949,1125,43609
4,36,10,Shahid Lakhan Gaunpalika,9,Ward - 9,763,2130,986,1144,43609
4,36,11,Gandaki Gaunpalika,1,Ward - 1,620,2319,1155,1164,43606
4,36,11,Gandaki Gaunpalika,2,Ward - 2,815,3126,1488,1638,43606
4,36,11,Gandaki Gaunpalika,3,Ward - 3,529,1615,744,871,43606
4,36,11,Gandaki Gaunpalika,4,Ward - 4,604,1994,909,1085,43606
4,36,11,Gandaki Gaunpalika,5,Ward - 5,767,2675,1258,1417,43606
4,36,11,Gandaki Gaunpalika,6,Ward - 6,797,3573,1748,1825,43606
4,36,11,Gandaki Gaunpalika,7,Ward - 7,674,2803,1410,1393,43606
4,36,11,Gandaki Gaunpalika,8,Ward - 8,853,3289,1577,1712,43606
4,37,1,Narpa Bhumi Gaunpalika,1,Ward - 1,27,73,29,44,44102
4,37,1,Narpa Bhumi Gaunpalika,2,Ward - 2,32,101,43,58,44102
4,37,1,Narpa Bhumi Gaunpalika,3,Ward - 3,28,84,37,47,44102
4,37,1,Narpa Bhumi Gaunpalika,4,Ward - 4,17,88,39,49,44102
4,37,1,Narpa Bhumi Gaunpalika,5,Ward - 5,22,50,21,29,44102
4,37,2,Manang Ngisyang Gaunpalika,1,Ward - 1,107,313,157,156,44104
4,37,2,Manang Ngisyang Gaunpalika,2,Ward - 2,30,60,28,32,44104
4,37,2,Manang Ngisyang Gaunpalika,3,Ward - 3,53,154,89,65,44104
4,37,2,Manang Ngisyang Gaunpalika,4,Ward - 4,82,249,133,116,44104
4,37,2,Manang Ngisyang Gaunpalika,5,Ward - 5,74,214,109,105,44104
4,37,2,Manang Ngisyang Gaunpalika,6,Ward - 6,56,173,88,85,44104
4,37,2,Manang Ngisyang Gaunpalika,7,Ward - 7,28,71,35,36,44104
4,37,2,Manang Ngisyang Gaunpalika,8,Ward - 8,73,194,93,101,44104
4,37,2,Manang Ngisyang Gaunpalika,9,Ward - 9,58,167,92,75,44104
4,37,3,Chame Gaunpalika,1,Ward - 1,67,224,118,106,44101
4,37,3,Chame Gaunpalika,2,Ward - 2,28,101,63,38,44101
4,37,3,Chame Gaunpalika,3,Ward - 3,54,204,101,103,44101
4,37,3,Chame Gaunpalika,4,Ward - 4,204,641,389,252,44101
4,37,3,Chame Gaunpalika,5,Ward - 5,36,106,59,47,44101
4,37,4,Nason Gaunpalika,1,Ward - 1,68,250,125,125,44103
4,37,4,Nason Gaunpalika,2,Ward - 2,44,156,81,75,44103
4,37,4,Nason Gaunpalika,3,Ward - 3,68,232,116,116,44103
4,37,4,Nason Gaunpalika,4,Ward - 4,56,215,111,104,44103
4,37,4,Nason Gaunpalika,5,Ward - 5,35,86,42,44,44103
4,37,4,Nason Gaunpalika,6,Ward - 6,33,120,53,67,44103
4,37,4,Nason Gaunpalika,7,Ward - 7,41,139,62,77,44103
4,37,4,Nason Gaunpalika,8,Ward - 8,62,283,144,139,44103
4,37,4,Nason Gaunpalika,9,Ward - 9,64,190,94,96,44103
4,38,1,Lo Ghekar Damodarkunda Gaunpalika,1,Ward - 1,158,419,202,217,44202
4,38,1,Lo Ghekar Damodarkunda Gaunpalika,2,Ward - 2,105,314,144,170,44202
4,38,1,Lo Ghekar Damodarkunda Gaunpalika,3,Ward - 3,64,235,107,128,44202
4,38,1,Lo Ghekar Damodarkunda Gaunpalika,4,Ward - 4,61,179,86,93,44202
4,38,1,Lo Ghekar Damodarkunda Gaunpalika,5,Ward - 5,48,145,70,75,44202
4,38,2,Gharpajhong Gaunpalika,1,Ward - 1,65,217,117,100,44203
4,38,2,Gharpajhong Gaunpalika,2,Ward - 2,193,683,352,331,44203
4,38,2,Gharpajhong Gaunpalika,3,Ward - 3,296,1085,585,500,44203
4,38,2,Gharpajhong Gaunpalika,4,Ward - 4,415,1214,637,577,44203
4,38,2,Gharpajhong Gaunpalika,5,Ward - 5,158,513,252,261,44203
4,38,3,Varagung Muktichhetra Gaunpalika,1,Ward - 1,191,551,273,278,44201
4,38,3,Varagung Muktichhetra Gaunpalika,2,Ward - 2,64,181,85,96,44201
4,38,3,Varagung Muktichhetra Gaunpalika,3,Ward - 3,151,452,241,211,44201
4,38,3,Varagung Muktichhetra Gaunpalika,4,Ward - 4,202,560,274,286,44201
4,38,3,Varagung Muktichhetra Gaunpalika,5,Ward - 5,115,292,142,150,44201
4,38,4,Lomanthang Gaunpalika,1,Ward - 1,59,173,77,96,44204
4,38,4,Lomanthang Gaunpalika,2,Ward - 2,92,254,105,149,44204
4,38,4,Lomanthang Gaunpalika,3,Ward - 3,91,284,136,148,44204
4,38,4,Lomanthang Gaunpalika,4,Ward - 4,99,335,136,199,44204
4,38,4,Lomanthang Gaunpalika,5,Ward - 5,147,384,189,195,44204
4,38,5,Thasang Gaunpalika,1,Ward - 1,181,610,295,315,44205
4,38,5,Thasang Gaunpalika,2,Ward - 2,226,766,398,368,44205
4,38,5,Thasang Gaunpalika,3,Ward - 3,171,536,279,257,44205
4,38,5,Thasang Gaunpalika,4,Ward - 4,120,431,225,206,44205
4,38,5,Thasang Gaunpalika,5,Ward - 5,134,513,257,256,44205
4,39,1,Annapurna Gaunpalika,1,Ward - 1,311,1007,514,493,44301
4,39,1,Annapurna Gaunpalika,2,Ward - 2,237,827,420,407,44301
4,39,1,Annapurna Gaunpalika,3,Ward - 3,481,1817,923,894,44301
4,39,1,Annapurna Gaunpalika,4,Ward - 4,500,1719,842,877,44301
4,39,1,Annapurna Gaunpalika,5,Ward - 5,548,1996,997,999,44301
4,39,1,Annapurna Gaunpalika,6,Ward - 6,693,2365,1137,1228,44301
4,39,1,Annapurna Gaunpalika,7,Ward - 7,404,1296,616,680,44301
4,39,1,Annapurna Gaunpalika,8,Ward - 8,426,1296,637,659,44301
4,39,2,Raghuganga Gaunpalika,1,Ward - 1,392,1360,658,702,44306
4,39,2,Raghuganga Gaunpalika,2,Ward - 2,921,2943,1372,1571,44306
4,39,2,Raghuganga Gaunpalika,3,Ward - 3,1123,3840,1795,2045,44306
4,39,2,Raghuganga Gaunpalika,4,Ward - 4,274,983,494,489,44306
4,39,2,Raghuganga Gaunpalika,5,Ward - 5,338,1137,523,614,44306
4,39,2,Raghuganga Gaunpalika,6,Ward - 6,536,1846,909,937,44306
4,39,2,Raghuganga Gaunpalika,7,Ward - 7,357,1215,604,611,44306
4,39,2,Raghuganga Gaunpalika,8,Ward - 8,212,790,412,378,44306
4,39,3,Dhawalagiri Gaunpalika,1,Ward - 1,199,819,396,423,44303
4,39,3,Dhawalagiri Gaunpalika,2,Ward - 2,343,1471,699,772,44303
4,39,3,Dhawalagiri Gaunpalika,3,Ward - 3,621,2326,1100,1226,44303
4,39,3,Dhawalagiri Gaunpalika,4,Ward - 4,524,2149,1075,1074,44303
4,39,3,Dhawalagiri Gaunpalika,5,Ward - 5,237,927,451,476,44303
4,39,3,Dhawalagiri Gaunpalika,6,Ward - 6,339,1295,641,654,44303
4,39,3,Dhawalagiri Gaunpalika,7,Ward - 7,913,3629,1751,1878,44303
4,39,4,Malika Gaunpalika,1,Ward - 1,494,1994,968,1026,44304
4,39,4,Malika Gaunpalika,2,Ward - 2,874,3626,1785,1841,44304
4,39,4,Malika Gaunpalika,3,Ward - 3,536,2173,1049,1124,44304
4,39,4,Malika Gaunpalika,4,Ward - 4,476,2133,1017,1116,44304
4,39,4,Malika Gaunpalika,5,Ward - 5,768,3144,1493,1651,44304
4,39,4,Malika Gaunpalika,6,Ward - 6,1001,3570,1727,1843,44304
4,39,4,Malika Gaunpalika,7,Ward - 7,441,1692,828,864,44304
4,39,5,Mangala Gaunpalika,1,Ward - 1,842,2941,1388,1553,44305
4,39,5,Mangala Gaunpalika,2,Ward - 2,1004,3769,1791,1978,44305
4,39,5,Mangala Gaunpalika,3,Ward - 3,713,2655,1268,1387,44305
4,39,5,Mangala Gaunpalika,4,Ward - 4,390,1485,705,780,44305
4,39,5,Mangala Gaunpalika,5,Ward - 5,962,3838,1775,2063,44305
4,39,6,Beni Municipality,1,Ward - 1,655,2429,1133,1296,44302
4,39,6,Beni Municipality,2,Ward - 2,970,3469,1619,1850,44302
4,39,6,Beni Municipality,3,Ward - 3,711,2681,1209,1472,44302
4,39,6,Beni Municipality,4,Ward - 4,879,3253,1534,1719,44302
4,39,6,Beni Municipality,5,Ward - 5,868,3108,1450,1658,44302
4,39,6,Beni Municipality,6,Ward - 6,678,2458,1191,1267,44302
4,39,6,Beni Municipality,7,Ward - 7,1140,3790,1811,1979,44302
4,39,6,Beni Municipality,8,Ward - 8,1896,6139,2897,3242,44302
4,39,6,Beni Municipality,9,Ward - 9,1108,3959,1841,2118,44302
4,39,6,Beni Municipality,10,Ward - 10,431,1411,676,735,44302
4,40,1,Madi Gaunpalika,1,Ward - 1,538,1977,971,1006,44003
4,40,1,Madi Gaunpalika,2,Ward - 2,268,941,486,455,44003
4,40,1,Madi Gaunpalika,3,Ward - 3,330,1217,594,623,44003
4,40,1,Madi Gaunpalika,4,Ward - 4,305,1203,596,607,44003
4,40,1,Madi Gaunpalika,5,Ward - 5,430,1698,816,882,44003
4,40,1,Madi Gaunpalika,6,Ward - 6,243,1190,598,592,44003
4,40,1,Madi Gaunpalika,7,Ward - 7,295,1297,661,636,44003
4,40,1,Madi Gaunpalika,8,Ward - 8,381,1502,750,752,44003
4,40,1,Madi Gaunpalika,9,Ward - 9,399,1523,765,758,44003
4,40,1,Madi Gaunpalika,10,Ward - 10,322,1188,599,589,44003
4,40,1,Madi Gaunpalika,11,Ward - 11,277,1120,548,572,44003
4,40,1,Madi Gaunpalika,12,Ward - 12,306,1286,633,653,44003
4,40,2,Machhapuchchhre Gaunpalika,1,Ward - 1,447,1740,847,893,44002
4,40,2,Machhapuchchhre Gaunpalika,2,Ward - 2,1024,3981,1961,2020,44002
4,40,2,Machhapuchchhre Gaunpalika,3,Ward - 3,772,3086,1486,1600,44002
4,40,2,Machhapuchchhre Gaunpalika,4,Ward - 4,942,3370,1642,1728,44002
4,40,2,Machhapuchchhre Gaunpalika,5,Ward - 5,401,1615,801,814,44002
4,40,2,Machhapuchchhre Gaunpalika,6,Ward - 6,792,2600,1265,1335,44002
4,40,2,Machhapuchchhre Gaunpalika,7,Ward - 7,670,2483,1198,1285,44002
4,40,2,Machhapuchchhre Gaunpalika,8,Ward - 8,741,2656,1289,1367,44002
4,40,2,Machhapuchchhre Gaunpalika,9,Ward - 9,362,1367,684,683,44002
4,40,3,Annapurna Gaunpalika,1,Ward - 1,675,2635,1285,1350,44001
4,40,3,Annapurna Gaunpalika,2,Ward - 2,501,1736,842,894,44001
4,40,3,Annapurna Gaunpalika,3,Ward - 3,845,2959,1376,1583,44001
4,40,3,Annapurna Gaunpalika,4,Ward - 4,575,1929,908,1021,44001
4,40,3,Annapurna Gaunpalika,5,Ward - 5,654,2362,1120,1242,44001
4,40,3,Annapurna Gaunpalika,6,Ward - 6,589,2143,1018,1125,44001
4,40,3,Annapurna Gaunpalika,7,Ward - 7,448,1668,839,829,44001
4,40,3,Annapurna Gaunpalika,8,Ward - 8,468,1631,764,867,44001
4,40,3,Annapurna Gaunpalika,9,Ward - 9,282,985,472,513,44001
4,40,3,Annapurna Gaunpalika,10,Ward - 10,568,2226,1087,1139,44001
4,40,3,Annapurna Gaunpalika,11,Ward - 11,444,1825,975,850,44001
4,40,4,Pokhara Metropolitian City,1,Ward - 1,4274,13947,6776,7171,44004
4,40,4,Pokhara Metropolitian City,2,Ward - 2,3075,10100,4984,5116,44004
4,40,4,Pokhara Metropolitian City,3,Ward - 3,2365,8284,4055,4229,44004
4,40,4,Pokhara Metropolitian City,4,Ward - 4,2597,9152,4706,4446,44004
4,40,4,Pokhara Metropolitian City,5,Ward - 5,6232,22325,11082,11243,44004
4,40,4,Pokhara Metropolitian City,6,Ward - 6,3984,14455,7364,7091,44004
4,40,4,Pokhara Metropolitian City,7,Ward - 7,4672,16139,7916,8223,44004
4,40,4,Pokhara Metropolitian City,8,Ward - 8,7380,25439,12796,12643,44004
4,40,4,Pokhara Metropolitian City,9,Ward - 9,4376,15981,8072,7909,44004
4,40,4,Pokhara Metropolitian City,10,Ward - 10,5128,18435,8789,9646,44004
4,40,4,Pokhara Metropolitian City,11,Ward - 11,4808,17594,8531,9063,44004
4,40,4,Pokhara Metropolitian City,12,Ward - 12,3493,12710,6039,6671,44004
4,40,4,Pokhara Metropolitian City,13,Ward - 13,5758,22399,10407,11992,44004
4,40,4,Pokhara Metropolitian City,14,Ward - 14,8428,31561,14960,16601,44004
4,40,4,Pokhara Metropolitian City,15,Ward - 15,6536,24406,11282,13124,44004
4,40,4,Pokhara Metropolitian City,16,Ward - 16,6654,24465,11894,12571,44004
4,40,4,Pokhara Metropolitian City,17,Ward - 17,12658,46005,22066,23939,44004
4,40,4,Pokhara Metropolitian City,18,Ward - 18,3318,12945,6376,6569,44004
4,40,4,Pokhara Metropolitian City,19,Ward - 19,3639,13855,6596,7259,44004
4,40,4,Pokhara Metropolitian City,20,Ward - 20,1059,3936,1851,2085,44004
4,40,4,Pokhara Metropolitian City,21,Ward - 21,2494,9070,4351,4719,44004
4,40,4,Pokhara Metropolitian City,22,Ward - 22,2088,7596,3678,3918,44004
4,40,4,Pokhara Metropolitian City,23,Ward - 23,1200,4276,2018,2258,44004
4,40,4,Pokhara Metropolitian City,24,Ward - 24,1618,5950,2850,3100,44004
4,40,4,Pokhara Metropolitian City,25,Ward - 25,4592,17597,8401,9196,44004
4,40,4,Pokhara Metropolitian City,26,Ward - 26,4575,16777,7890,8887,44004
4,40,4,Pokhara Metropolitian City,27,Ward - 27,4369,16377,7814,8563,44004
4,40,4,Pokhara Metropolitian City,28,Ward - 28,1200,4224,1991,2233,44004
4,40,4,Pokhara Metropolitian City,29,Ward - 29,4287,16257,7625,8632,44004
4,40,4,Pokhara Metropolitian City,30,Ward - 30,4307,16192,7702,8490,44004
4,40,4,Pokhara Metropolitian City,31,Ward - 31,2273,8702,4174,4528,44004
4,40,4,Pokhara Metropolitian City,32,Ward - 32,3872,14683,6919,7764,44004
4,40,4,Pokhara Metropolitian City,33,Ward - 33,3150,11670,5540,6130,44004
4,40,5,Rupa Gaunpalika,1,Ward - 1,517,1904,892,1012,44005
4,40,5,Rupa Gaunpalika,2,Ward - 2,297,1295,643,652,44005
4,40,5,Rupa Gaunpalika,3,Ward - 3,392,1486,672,814,44005
4,40,5,Rupa Gaunpalika,4,Ward - 4,389,1417,676,741,44005
4,40,5,Rupa Gaunpalika,5,Ward - 5,603,2199,1055,1144,44005
4,40,5,Rupa Gaunpalika,6,Ward - 6,739,3391,1611,1780,44005
4,40,5,Rupa Gaunpalika,7,Ward - 7,726,3199,1564,1635,44005
4,41,1,Dordi Gaunpalika,1,Ward - 1,513,1521,689,832,43702
4,41,1,Dordi Gaunpalika,2,Ward - 2,419,1427,644,783,43702
4,41,1,Dordi Gaunpalika,3,Ward - 3,427,1434,685,749,43702
4,41,1,Dordi Gaunpalika,4,Ward - 4,636,2205,1059,1146,43702
4,41,1,Dordi Gaunpalika,5,Ward - 5,583,2087,1046,1041,43702
4,41,1,Dordi Gaunpalika,6,Ward - 6,640,2398,1203,1195,43702
4,41,1,Dordi Gaunpalika,7,Ward - 7,306,1219,597,622,43702
4,41,1,Dordi Gaunpalika,8,Ward - 8,680,2578,1289,1289,43702
4,41,1,Dordi Gaunpalika,9,Ward - 9,320,1181,560,621,43702
4,41,2,Marshyangdi Gaunpalika,1,Ward - 1,221,842,411,431,43706
4,41,2,Marshyangdi Gaunpalika,2,Ward - 2,377,1497,757,740,43706
4,41,2,Marshyangdi Gaunpalika,3,Ward - 3,871,2948,1402,1546,43706
4,41,2,Marshyangdi Gaunpalika,4,Ward - 4,542,2125,1050,1075,43706
4,41,2,Marshyangdi Gaunpalika,5,Ward - 5,423,1752,892,860,43706
4,41,2,Marshyangdi Gaunpalika,6,Ward - 6,463,1848,919,929,43706
4,41,2,Marshyangdi Gaunpalika,7,Ward - 7,446,1605,747,858,43706
4,41,2,Marshyangdi Gaunpalika,8,Ward - 8,378,1476,717,759,43706
4,41,2,Marshyangdi Gaunpalika,9,Ward - 9,829,2987,1435,1552,43706
4,41,3,Kwhola Sothar Gaunpalika,1,Ward - 1,213,739,345,394,43704
4,41,3,Kwhola Sothar Gaunpalika,2,Ward - 2,299,1042,492,550,43704
4,41,3,Kwhola Sothar Gaunpalika,3,Ward - 3,270,895,429,466,43704
4,41,3,Kwhola Sothar Gaunpalika,4,Ward - 4,356,1321,624,697,43704
4,41,3,Kwhola Sothar Gaunpalika,5,Ward - 5,236,897,462,435,43704
4,41,3,Kwhola Sothar Gaunpalika,6,Ward - 6,145,518,250,268,43704
4,41,3,Kwhola Sothar Gaunpalika,7,Ward - 7,205,702,359,343,43704
4,41,3,Kwhola Sothar Gaunpalika,8,Ward - 8,204,708,328,380,43704
4,41,3,Kwhola Sothar Gaunpalika,9,Ward - 9,348,1138,552,586,43704
4,41,4,Madhya Nepal Municipality,1,Ward - 1,520,1656,779,877,43705
4,41,4,Madhya Nepal Municipality,2,Ward - 2,633,1991,927,1064,43705
4,41,4,Madhya Nepal Municipality,3,Ward - 3,419,1370,598,772,43705
4,41,4,Madhya Nepal Municipality,4,Ward - 4,1204,4147,1876,2271,43705
4,41,4,Madhya Nepal Municipality,5,Ward - 5,270,866,397,469,43705
4,41,4,Madhya Nepal Municipality,6,Ward - 6,1214,4270,1957,2313,43705
4,41,4,Madhya Nepal Municipality,7,Ward - 7,904,3384,1542,1842,43705
4,41,4,Madhya Nepal Municipality,8,Ward - 8,496,1665,779,886,43705
4,41,4,Madhya Nepal Municipality,9,Ward - 9,382,1372,641,731,43705
4,41,4,Madhya Nepal Municipality,10,Ward - 10,385,1250,580,670,43705
4,41,5,Bensishahar Municipality,1,Ward - 1,729,2463,1160,1303,43701
4,41,5,Bensishahar Municipality,2,Ward - 2,1024,3415,1557,1858,43701
4,41,5,Bensishahar Municipality,3,Ward - 3,836,2814,1309,1505,43701
4,41,5,Bensishahar Municipality,4,Ward - 4,256,831,382,449,43701
4,41,5,Bensishahar Municipality,5,Ward - 5,417,1433,692,741,43701
4,41,5,Bensishahar Municipality,6,Ward - 6,639,2280,1051,1229,43701
4,41,5,Bensishahar Municipality,7,Ward - 7,2277,8083,3728,4355,43701
4,41,5,Bensishahar Municipality,8,Ward - 8,2283,7883,3699,4184,43701
4,41,5,Bensishahar Municipality,9,Ward - 9,521,1840,864,976,43701
4,41,5,Bensishahar Municipality,10,Ward - 10,798,2864,1382,1482,43701
4,41,5,Bensishahar Municipality,11,Ward - 11,1258,4326,2055,2271,43701
4,41,6,Sundarbazar Municipality,1,Ward - 1,454,1438,661,777,43708
4,41,6,Sundarbazar Municipality,2,Ward - 2,758,2584,1207,1377,43708
4,41,6,Sundarbazar Municipality,3,Ward - 3,473,1578,735,843,43708
4,41,6,Sundarbazar Municipality,4,Ward - 4,484,1522,718,804,43708
4,41,6,Sundarbazar Municipality,5,Ward - 5,472,1662,771,891,43708
4,41,6,Sundarbazar Municipality,6,Ward - 6,1169,4330,2028,2302,43708
4,41,6,Sundarbazar Municipality,7,Ward - 7,1115,3866,1774,2092,43708
4,41,6,Sundarbazar Municipality,8,Ward - 8,498,1637,762,875,43708
4,41,6,Sundarbazar Municipality,9,Ward - 9,1813,6486,2996,3490,43708
4,41,6,Sundarbazar Municipality,10,Ward - 10,300,916,407,509,43708
4,41,6,Sundarbazar Municipality,11,Ward - 11,293,1024,452,572,43708
4,41,7,Rainas Municipality,1,Ward - 1,277,930,453,477,43707
4,41,7,Rainas Municipality,2,Ward - 2,231,752,378,374,43707
4,41,7,Rainas Municipality,3,Ward - 3,459,1617,768,849,43707
4,41,7,Rainas Municipality,4,Ward - 4,551,1990,919,1071,43707
4,41,7,Rainas Municipality,5,Ward - 5,419,1651,789,862,43707
4,41,7,Rainas Municipality,6,Ward - 6,759,2786,1327,1459,43707
4,41,7,Rainas Municipality,7,Ward - 7,521,1790,827,963,43707
4,41,7,Rainas Municipality,8,Ward - 8,831,2820,1306,1514,43707
4,41,7,Rainas Municipality,9,Ward - 9,506,1722,805,917,43707
4,41,7,Rainas Municipality,10,Ward - 10,407,1344,630,714,43707
4,41,8,Dudhapokhari Gaunpalika,1,Ward - 1,466,1704,818,886,43703
4,41,8,Dudhapokhari Gaunpalika,2,Ward - 2,458,1542,746,796,43703
4,41,8,Dudhapokhari Gaunpalika,3,Ward - 3,266,870,434,436,43703
4,41,8,Dudhapokhari Gaunpalika,4,Ward - 4,313,1049,515,534,43703
4,41,8,Dudhapokhari Gaunpalika,5,Ward - 5,376,1321,632,689,43703
4,41,8,Dudhapokhari Gaunpalika,6,Ward - 6,590,2106,1034,1072,43703
4,42,1,Bhanu Municipality,1,Ward - 1,1183,4385,2108,2277,43803
4,42,1,Bhanu Municipality,2,Ward - 2,932,3227,1526,1701,43803
4,42,1,Bhanu Municipality,3,Ward - 3,1120,3933,1803,2130,43803
4,42,1,Bhanu Municipality,4,Ward - 4,956,3115,1392,1723,43803
4,42,1,Bhanu Municipality,5,Ward - 5,900,3026,1354,1672,43803
4,42,1,Bhanu Municipality,6,Ward - 6,872,3067,1395,1672,43803
4,42,1,Bhanu Municipality,7,Ward - 7,863,2817,1230,1587,43803
4,42,1,Bhanu Municipality,8,Ward - 8,1066,3536,1618,1918,43803
4,42,1,Bhanu Municipality,9,Ward - 9,1070,3552,1636,1916,43803
4,42,1,Bhanu Municipality,10,Ward - 10,989,3320,1503,1817,43803
4,42,1,Bhanu Municipality,11,Ward - 11,1086,3577,1613,1964,43803
4,42,1,Bhanu Municipality,12,Ward - 12,930,2786,1231,1555,43803
4,42,1,Bhanu Municipality,13,Ward - 13,738,2453,1108,1345,43803
4,42,2,Byas Municipality,1,Ward - 1,4253,14594,6448,8146,43805
4,42,2,Byas Municipality,2,Ward - 2,2265,7611,3539,4072,43805
4,42,2,Byas Municipality,3,Ward - 3,1069,3851,1794,2057,43805
4,42,2,Byas Municipality,4,Ward - 4,2407,8000,3723,4277,43805
4,42,2,Byas Municipality,5,Ward - 5,2137,8083,3736,4347,43805
4,42,2,Byas Municipality,6,Ward - 6,1284,4529,2092,2437,43805
4,42,2,Byas Municipality,7,Ward - 7,960,3344,1531,1813,43805
4,42,2,Byas Municipality,8,Ward - 8,588,1816,830,986,43805
4,42,2,Byas Municipality,9,Ward - 9,966,3061,1349,1712,43805
4,42,2,Byas Municipality,10,Ward - 10,1925,7194,3331,3863,43805
4,42,2,Byas Municipality,11,Ward - 11,1775,6316,2964,3352,43805
4,42,2,Byas Municipality,12,Ward - 12,1321,4703,2103,2600,43805
4,42,2,Byas Municipality,13,Ward - 13,961,3525,1659,1866,43805
4,42,2,Byas Municipality,14,Ward - 14,674,2312,1058,1254,43805
4,42,3,Myagde Gaunpalika,1,Ward - 1,911,3422,1569,1853,43808
4,42,3,Myagde Gaunpalika,2,Ward - 2,1025,3588,1635,1953,43808
4,42,3,Myagde Gaunpalika,3,Ward - 3,935,3471,1585,1886,43808
4,42,3,Myagde Gaunpalika,4,Ward - 4,1015,3523,1596,1927,43808
4,42,3,Myagde Gaunpalika,5,Ward - 5,772,2881,1387,1494,43808
4,42,3,Myagde Gaunpalika,6,Ward - 6,828,2980,1417,1563,43808
4,42,3,Myagde Gaunpalika,7,Ward - 7,1029,3713,1693,2020,43808
4,42,4,Shuklagandaki Municipality,1,Ward - 1,669,2394,1147,1247,43810
4,42,4,Shuklagandaki Municipality,2,Ward - 2,1520,5582,2777,2805,43810
4,42,4,Shuklagandaki Municipality,3,Ward - 3,1212,4354,1940,2414,43810
4,42,4,Shuklagandaki Municipality,4,Ward - 4,1320,4802,2303,2499,43810
4,42,4,Shuklagandaki Municipality,5,Ward - 5,2422,8684,3950,4734,43810
4,42,4,Shuklagandaki Municipality,6,Ward - 6,1310,4856,2194,2662,43810
4,42,4,Shuklagandaki Municipality,7,Ward - 7,1591,5871,2716,3155,43810
4,42,4,Shuklagandaki Municipality,8,Ward - 8,1723,6266,2855,3411,43810
4,42,4,Shuklagandaki Municipality,9,Ward - 9,805,3119,1448,1671,43810
4,42,4,Shuklagandaki Municipality,10,Ward - 10,1155,4249,1973,2276,43810
4,42,4,Shuklagandaki Municipality,11,Ward - 11,894,3030,1409,1621,43810
4,42,4,Shuklagandaki Municipality,12,Ward - 12,651,2413,1178,1235,43810
4,42,5,Bhimad Municipality,1,Ward - 1,1049,3859,1723,2136,43804
4,42,5,Bhimad Municipality,2,Ward - 2,1027,3974,1806,2168,43804
4,42,5,Bhimad Municipality,3,Ward - 3,422,1629,746,883,43804
4,42,5,Bhimad Municipality,4,Ward - 4,548,2140,1003,1137,43804
4,42,5,Bhimad Municipality,5,Ward - 5,934,3444,1606,1838,43804
4,42,5,Bhimad Municipality,6,Ward - 6,2028,7253,3276,3977,43804
4,42,5,Bhimad Municipality,7,Ward - 7,653,2351,1112,1239,43804
4,42,5,Bhimad Municipality,8,Ward - 8,718,2498,1136,1362,43804
4,42,5,Bhimad Municipality,9,Ward - 9,591,2100,976,1124,43804
4,42,6,Ghiring Gaunpalika,1,Ward - 1,1024,3754,1696,2058,43807
4,42,6,Ghiring Gaunpalika,2,Ward - 2,607,2398,1136,1262,43807
4,42,6,Ghiring Gaunpalika,3,Ward - 3,656,2533,1169,1364,43807
4,42,6,Ghiring Gaunpalika,4,Ward - 4,833,3138,1429,1709,43807
4,42,6,Ghiring Gaunpalika,5,Ward - 5,663,2511,1138,1373,43807
4,42,7,Rhishing Gaunpalika,1,Ward - 1,986,4388,2070,2318,43809
4,42,7,Rhishing Gaunpalika,2,Ward - 2,382,1411,637,774,43809
4,42,7,Rhishing Gaunpalika,3,Ward - 3,485,1866,855,1011,43809
4,42,7,Rhishing Gaunpalika,4,Ward - 4,557,1855,836,1019,43809
4,42,7,Rhishing Gaunpalika,5,Ward - 5,702,2671,1229,1442,43809
4,42,7,Rhishing Gaunpalika,6,Ward - 6,599,2123,930,1193,43809
4,42,7,Rhishing Gaunpalika,7,Ward - 7,500,1797,794,1003,43809
4,42,7,Rhishing Gaunpalika,8,Ward - 8,458,1807,857,950,43809
4,42,8,Devghat Gaunpalika,1,Ward - 1,554,2377,1100,1277,43806
4,42,8,Devghat Gaunpalika,2,Ward - 2,561,2449,1202,1247,43806
4,42,8,Devghat Gaunpalika,3,Ward - 3,332,1516,732,784,43806
4,42,8,Devghat Gaunpalika,4,Ward - 4,369,1454,709,745,43806
4,42,8,Devghat Gaunpalika,5,Ward - 5,1854,6788,3230,3558,43806
4,42,9,Bandipur Gaunpalika,1,Ward - 1,1271,4758,2355,2403,43802
4,42,9,Bandipur Gaunpalika,2,Ward - 2,873,3146,1489,1657,43802
4,42,9,Bandipur Gaunpalika,3,Ward - 3,598,2017,931,1086,43802
4,42,9,Bandipur Gaunpalika,4,Ward - 4,1127,3978,1904,2074,43802
4,42,9,Bandipur Gaunpalika,5,Ward - 5,748,2617,1242,1375,43802
4,42,9,Bandipur Gaunpalika,6,Ward - 6,591,2016,961,1055,43802
4,42,10,Aanbu Khaireni Gaunpalika,1,Ward - 1,1022,3854,1817,2037,43801
4,42,10,Aanbu Khaireni Gaunpalika,2,Ward - 2,1088,4042,1954,2088,43801
4,42,10,Aanbu Khaireni Gaunpalika,3,Ward - 3,2784,9440,4459,4981,43801
4,42,10,Aanbu Khaireni Gaunpalika,4,Ward - 4,474,1757,862,895,43801
4,42,10,Aanbu Khaireni Gaunpalika,5,Ward - 5,354,1510,750,760,43801
4,42,10,Aanbu Khaireni Gaunpalika,6,Ward - 6,414,1649,775,874,43801
4,43,1,Gaidakot Municipality,1,Ward - 1,2456,9439,4460,4979,47605
4,43,1,Gaidakot Municipality,2,Ward - 2,2483,8791,4322,4469,47605
4,43,1,Gaidakot Municipality,3,Ward - 3,702,3162,1549,1613,47605
4,43,1,Gaidakot Municipality,4,Ward - 4,1516,5981,2885,3096,47605
4,43,1,Gaidakot Municipality,5,Ward - 5,1991,7931,3723,4208,47605
4,43,1,Gaidakot Municipality,6,Ward - 6,908,3784,1882,1902,47605
4,43,1,Gaidakot Municipality,7,Ward - 7,847,3488,1717,1771,47605
4,43,1,Gaidakot Municipality,8,Ward - 8,1170,4408,2116,2292,47605
4,43,1,Gaidakot Municipality,9,Ward - 9,565,2188,1080,1108,47605
4,43,1,Gaidakot Municipality,10,Ward - 10,1139,4473,2181,2292,47605
4,43,1,Gaidakot Municipality,11,Ward - 11,1121,4405,2049,2356,47605
4,43,1,Gaidakot Municipality,12,Ward - 12,973,4003,1854,2149,47605
4,43,1,Gaidakot Municipality,13,Ward - 13,1016,3836,1831,2005,47605
4,43,1,Gaidakot Municipality,14,Ward - 14,1074,4311,1981,2330,47605
4,43,1,Gaidakot Municipality,15,Ward - 15,785,3106,1432,1674,47605
4,43,1,Gaidakot Municipality,16,Ward - 16,657,2695,1264,1431,47605
4,43,1,Gaidakot Municipality,17,Ward - 17,446,1844,878,966,47605
4,43,1,Gaidakot Municipality,18,Ward - 18,342,1504,725,779,47605
4,43,2,Bulingtar Gaunpalika,1,Ward - 1,477,2066,1011,1055,47602
4,43,2,Bulingtar Gaunpalika,2,Ward - 2,401,1762,832,930,47602
4,43,2,Bulingtar Gaunpalika,3,Ward - 3,818,3455,1700,1755,47602
4,43,2,Bulingtar Gaunpalika,4,Ward - 4,710,3113,1449,1664,47602
4,43,2,Bulingtar Gaunpalika,5,Ward - 5,411,1511,693,818,47602
4,43,2,Bulingtar Gaunpalika,6,Ward - 6,585,2730,1355,1375,47602
4,43,3,Baudikali Gaunpalika,1,Ward - 1,409,1468,701,767,47603
4,43,3,Baudikali Gaunpalika,2,Ward - 2,881,3284,1477,1807,47603
4,43,3,Baudikali Gaunpalika,3,Ward - 3,415,1670,768,902,47603
4,43,3,Baudikali Gaunpalika,4,Ward - 4,486,2002,934,1068,47603
4,43,3,Baudikali Gaunpalika,5,Ward - 5,239,893,396,497,47603
4,43,3,Baudikali Gaunpalika,6,Ward - 6,483,2021,904,1117,47603
4,43,4,Hupsekot Gaunpalika,1,Ward - 1,1253,5219,2375,2844,47606
4,43,4,Hupsekot Gaunpalika,2,Ward - 2,1087,4720,2110,2610,47606
4,43,4,Hupsekot Gaunpalika,3,Ward - 3,1341,5535,2461,3074,47606
4,43,4,Hupsekot Gaunpalika,4,Ward - 4,1480,6295,2873,3422,47606
4,43,4,Hupsekot Gaunpalika,5,Ward - 5,386,1767,874,893,47606
4,43,4,Hupsekot Gaunpalika,6,Ward - 6,632,3047,1460,1587,47606
4,43,5,Devchuli Municipality,1,Ward - 1,946,3812,1833,1979,47604
4,43,5,Devchuli Municipality,2,Ward - 2,702,2719,1344,1375,47604
4,43,5,Devchuli Municipality,3,Ward - 3,508,1996,976,1020,47604
4,43,5,Devchuli Municipality,4,Ward - 4,806,3199,1521,1678,47604
4,43,5,Devchuli Municipality,5,Ward - 5,529,2252,1060,1192,47604
4,43,5,Devchuli Municipality,6,Ward - 6,393,1817,843,974,47604
4,43,5,Devchuli Municipality,7,Ward - 7,585,2411,1120,1291,47604
4,43,5,Devchuli Municipality,8,Ward - 8,369,1535,702,833,47604
4,43,5,Devchuli Municipality,9,Ward - 9,919,3669,1657,2012,47604
4,43,5,Devchuli Municipality,10,Ward - 10,949,3616,1634,1982,47604
4,43,5,Devchuli Municipality,11,Ward - 11,969,3845,1800,2045,47604
4,43,5,Devchuli Municipality,12,Ward - 12,668,2672,1258,1414,47604
4,43,5,Devchuli Municipality,13,Ward - 13,968,3697,1789,1908,47604
4,43,5,Devchuli Municipality,14,Ward - 14,1005,3832,1821,2011,47604
4,43,5,Devchuli Municipality,15,Ward - 15,921,3655,1758,1897,47604
4,43,5,Devchuli Municipality,16,Ward - 16,1423,5855,2671,3184,47604
4,43,5,Devchuli Municipality,17,Ward - 17,1833,7421,3549,3872,47604
4,43,6,Kawasoti Municipality,1,Ward - 1,1637,6626,3005,3621,47607
4,43,6,Kawasoti Municipality,2,Ward - 2,2118,7836,3602,4234,47607
4,43,6,Kawasoti Municipality,3,Ward - 3,3194,12012,5545,6467,47607
4,43,6,Kawasoti Municipality,4,Ward - 4,822,3397,1586,1811,47607
4,43,6,Kawasoti Municipality,5,Ward - 5,772,3280,1502,1778,47607
4,43,6,Kawasoti Municipality,6,Ward - 6,582,2321,1093,1228,47607
4,43,6,Kawasoti Municipality,7,Ward - 7,712,2910,1380,1530,47607
4,43,6,Kawasoti Municipality,8,Ward - 8,2565,9589,4626,4963,47607
4,43,6,Kawasoti Municipality,9,Ward - 9,612,2412,1198,1214,47607
4,43,6,Kawasoti Municipality,10,Ward - 10,683,2820,1334,1486,47607
4,43,6,Kawasoti Municipality,11,Ward - 11,828,3262,1515,1747,47607
4,43,6,Kawasoti Municipality,12,Ward - 12,658,2681,1283,1398,47607
4,43,6,Kawasoti Municipality,13,Ward - 13,1019,4007,1821,2186,47607
4,43,6,Kawasoti Municipality,14,Ward - 14,1549,6135,2813,3322,47607
4,43,6,Kawasoti Municipality,15,Ward - 15,1205,4767,2224,2543,47607
4,43,6,Kawasoti Municipality,16,Ward - 16,1458,5845,2774,3071,47607
4,43,6,Kawasoti Municipality,17,Ward - 17,1752,6921,3222,3699,47607
4,43,7,Madhya Bindu Municipality,1,Ward - 1,1063,4195,1979,2216,47608
4,43,7,Madhya Bindu Municipality,2,Ward - 2,867,3414,1600,1814,47608
4,43,7,Madhya Bindu Municipality,3,Ward - 3,704,3094,1417,1677,47608
4,43,7,Madhya Bindu Municipality,4,Ward - 4,833,3301,1532,1769,47608
4,43,7,Madhya Bindu Municipality,5,Ward - 5,855,3290,1492,1798,47608
4,43,7,Madhya Bindu Municipality,6,Ward - 6,918,3702,1706,1996,47608
4,43,7,Madhya Bindu Municipality,7,Ward - 7,1158,4366,2003,2363,47608
4,43,7,Madhya Bindu Municipality,8,Ward - 8,910,3515,1670,1845,47608
4,43,7,Madhya Bindu Municipality,9,Ward - 9,858,3246,1419,1827,47608
4,43,7,Madhya Bindu Municipality,10,Ward - 10,1629,6407,2890,3517,47608
4,43,7,Madhya Bindu Municipality,11,Ward - 11,1005,3812,1800,2012,47608
4,43,7,Madhya Bindu Municipality,12,Ward - 12,1643,6428,2841,3587,47608
4,43,7,Madhya Bindu Municipality,13,Ward - 13,661,2695,1228,1467,47608
4,43,7,Madhya Bindu Municipality,14,Ward - 14,596,2697,1249,1448,47608
4,43,7,Madhya Bindu Municipality,15,Ward - 15,1730,6929,3154,3775,47608
4,43,8,Binayi Tribeni Gaunpalika,1,Ward - 1,1564,6254,2884,3370,47601
4,43,8,Binayi Tribeni Gaunpalika,2,Ward - 2,1740,7262,3480,3782,47601
4,43,8,Binayi Tribeni Gaunpalika,3,Ward - 3,1095,4797,2240,2557,47601
4,43,8,Binayi Tribeni Gaunpalika,4,Ward - 4,1935,7921,3809,4112,47601
4,43,8,Binayi Tribeni Gaunpalika,5,Ward - 5,776,3479,1651,1828,47601
4,43,8,Binayi Tribeni Gaunpalika,6,Ward - 6,1034,4353,2020,2333,47601
4,43,8,Binayi Tribeni Gaunpalika,7,Ward - 7,932,4304,2045,2259,47601
4,44,1,Putalibazar Municipality,1,Ward - 1,1917,6623,3141,3482,43910
4,44,1,Putalibazar Municipality,2,Ward - 2,461,1585,704,881,43910
4,44,1,Putalibazar Municipality,3,Ward - 3,1679,5881,2715,3166,43910
4,44,1,Putalibazar Municipality,4,Ward - 4,799,2805,1251,1554,43910
4,44,1,Putalibazar Municipality,5,Ward - 5,705,2542,1154,1388,43910
4,44,1,Putalibazar Municipality,6,Ward - 6,471,1603,748,855,43910
4,44,1,Putalibazar Municipality,7,Ward - 7,746,2489,1144,1345,43910
4,44,1,Putalibazar Municipality,8,Ward - 8,394,1321,601,720,43910
4,44,1,Putalibazar Municipality,9,Ward - 9,381,1359,639,720,43910
4,44,1,Putalibazar Municipality,10,Ward - 10,878,3165,1490,1675,43910
4,44,1,Putalibazar Municipality,11,Ward - 11,676,2269,1049,1220,43910
4,44,1,Putalibazar Municipality,12,Ward - 12,331,1309,612,697,43910
4,44,1,Putalibazar Municipality,13,Ward - 13,1418,5166,2382,2784,43910
4,44,1,Putalibazar Municipality,14,Ward - 14,1025,3626,1636,1990,43910
4,44,2,Phedikhola Gaunpalika,1,Ward - 1,672,2286,1035,1251,43909
4,44,2,Phedikhola Gaunpalika,2,Ward - 2,1149,4045,1845,2200,43909
4,44,2,Phedikhola Gaunpalika,3,Ward - 3,391,1335,610,725,43909
4,44,2,Phedikhola Gaunpalika,4,Ward - 4,696,2488,1182,1306,43909
4,44,2,Phedikhola Gaunpalika,5,Ward - 5,257,745,340,405,43909
4,44,3,Aandhikhola Gaunpalika,1,Ward - 1,872,3065,1383,1682,43901
4,44,3,Aandhikhola Gaunpalika,2,Ward - 2,651,2091,946,1145,43901
4,44,3,Aandhikhola Gaunpalika,3,Ward - 3,507,1624,736,888,43901
4,44,3,Aandhikhola Gaunpalika,4,Ward - 4,564,1779,829,950,43901
4,44,3,Aandhikhola Gaunpalika,5,Ward - 5,811,2615,1179,1436,43901
4,44,3,Aandhikhola Gaunpalika,6,Ward - 6,587,1920,882,1038,43901
4,44,4,Arjun Choupari Gaunpalika,1,Ward - 1,1031,4052,1933,2119,43902
4,44,4,Arjun Choupari Gaunpalika,2,Ward - 2,520,1961,901,1060,43902
4,44,4,Arjun Choupari Gaunpalika,3,Ward - 3,440,1710,793,917,43902
4,44,4,Arjun Choupari Gaunpalika,4,Ward - 4,442,1666,755,911,43902
4,44,4,Arjun Choupari Gaunpalika,5,Ward - 5,728,2391,1067,1324,43902
4,44,4,Arjun Choupari Gaunpalika,6,Ward - 6,647,2265,1023,1242,43902
4,44,5,Bhirkot Municipality,1,Ward - 1,1070,3961,1785,2176,43903
4,44,5,Bhirkot Municipality,2,Ward - 2,869,3363,1548,1815,43903
4,44,5,Bhirkot Municipality,3,Ward - 3,765,2669,1202,1467,43903
4,44,5,Bhirkot Municipality,4,Ward - 4,366,1340,616,724,43903
4,44,5,Bhirkot Municipality,5,Ward - 5,735,2702,1222,1480,43903
4,44,5,Bhirkot Municipality,6,Ward - 6,576,2019,900,1119,43903
4,44,5,Bhirkot Municipality,7,Ward - 7,511,1816,827,989,43903
4,44,5,Bhirkot Municipality,8,Ward - 8,763,2784,1273,1511,43903
4,44,5,Bhirkot Municipality,9,Ward - 9,516,1991,894,1097,43903
4,44,6,Biruwa Gaunpalika,1,Ward - 1,545,1829,865,964,43904
4,44,6,Biruwa Gaunpalika,2,Ward - 2,364,1294,626,668,43904
4,44,6,Biruwa Gaunpalika,3,Ward - 3,362,1288,585,703,43904
4,44,6,Biruwa Gaunpalika,4,Ward - 4,763,2669,1247,1422,43904
4,44,6,Biruwa Gaunpalika,5,Ward - 5,447,1499,711,788,43904
4,44,6,Biruwa Gaunpalika,6,Ward - 6,569,2088,997,1091,43904
4,44,6,Biruwa Gaunpalika,7,Ward - 7,459,1728,814,914,43904
4,44,6,Biruwa Gaunpalika,8,Ward - 8,445,1606,746,860,43904
4,44,7,Harinas Gaunpalika,1,Ward - 1,477,1637,739,898,43907
4,44,7,Harinas Gaunpalika,2,Ward - 2,388,1535,673,862,43907
4,44,7,Harinas Gaunpalika,3,Ward - 3,456,1722,805,917,43907
4,44,7,Harinas Gaunpalika,4,Ward - 4,716,2517,1123,1394,43907
4,44,7,Harinas Gaunpalika,5,Ward - 5,367,1396,665,731,43907
4,44,7,Harinas Gaunpalika,6,Ward - 6,613,2184,986,1198,43907
4,44,7,Harinas Gaunpalika,7,Ward - 7,565,2200,1027,1173,43907
4,44,8,Chapakot Municipality,1,Ward - 1,428,1682,741,941,43905
4,44,8,Chapakot Municipality,2,Ward - 2,576,2136,952,1184,43905
4,44,8,Chapakot Municipality,3,Ward - 3,402,1418,652,766,43905
4,44,8,Chapakot Municipality,4,Ward - 4,503,1801,833,968,43905
4,44,8,Chapakot Municipality,5,Ward - 5,689,2462,1087,1375,43905
4,44,8,Chapakot Municipality,6,Ward - 6,507,1764,818,946,43905
4,44,8,Chapakot Municipality,7,Ward - 7,622,2240,1043,1197,43905
4,44,8,Chapakot Municipality,8,Ward - 8,924,3482,1565,1917,43905
4,44,8,Chapakot Municipality,9,Ward - 9,992,3734,1693,2041,43905
4,44,8,Chapakot Municipality,10,Ward - 10,608,2250,1032,1218,43905
4,44,9,Walling Municipality,1,Ward - 1,1080,4006,1843,2163,43911
4,44,9,Walling Municipality,2,Ward - 2,598,2246,1035,1211,43911
4,44,9,Walling Municipality,3,Ward - 3,326,1261,595,666,43911
4,44,9,Walling Municipality,4,Ward - 4,517,1898,906,992,43911
4,44,9,Walling Municipality,5,Ward - 5,643,2574,1183,1391,43911
4,44,9,Walling Municipality,6,Ward - 6,842,3184,1452,1732,43911
4,44,9,Walling Municipality,7,Ward - 7,562,2073,934,1139,43911
4,44,9,Walling Municipality,8,Ward - 8,1721,6242,3003,3239,43911
4,44,9,Walling Municipality,9,Ward - 9,2323,8566,3945,4621,43911
4,44,9,Walling Municipality,10,Ward - 10,1053,4067,1965,2102,43911
4,44,9,Walling Municipality,11,Ward - 11,753,2804,1290,1514,43911
4,44,9,Walling Municipality,12,Ward - 12,693,2626,1190,1436,43911
4,44,9,Walling Municipality,13,Ward - 13,1085,4379,2062,2317,43911
4,44,9,Walling Municipality,14,Ward - 14,1228,4562,2079,2483,43911
4,44,10,Galyang Municipality,1,Ward - 1,684,2609,1181,1428,43906
4,44,10,Galyang Municipality,2,Ward - 2,773,3140,1374,1766,43906
4,44,10,Galyang Municipality,3,Ward - 3,1350,5158,2481,2677,43906
4,44,10,Galyang Municipality,4,Ward - 4,541,2054,918,1136,43906
4,44,10,Galyang Municipality,5,Ward - 5,422,1633,743,890,43906
4,44,10,Galyang Municipality,6,Ward - 6,609,2231,1032,1199,43906
4,44,10,Galyang Municipality,7,Ward - 7,876,3614,1631,1983,43906
4,44,10,Galyang Municipality,8,Ward - 8,589,2456,1086,1370,43906
4,44,10,Galyang Municipality,9,Ward - 9,771,3049,1362,1687,43906
4,44,10,Galyang Municipality,10,Ward - 10,343,1212,542,670,43906
4,44,10,Galyang Municipality,11,Ward - 11,975,3878,1804,2074,43906
4,44,11,Kaligandaki Gaunpalika,1,Ward - 1,615,2401,1073,1328,43908
4,44,11,Kaligandaki Gaunpalika,2,Ward - 2,837,3307,1470,1837,43908
4,44,11,Kaligandaki Gaunpalika,3,Ward - 3,612,2325,1056,1269,43908
4,44,11,Kaligandaki Gaunpalika,4,Ward - 4,701,2553,1136,1417,43908
4,44,11,Kaligandaki Gaunpalika,5,Ward - 5,677,2452,1106,1346,43908
4,44,11,Kaligandaki Gaunpalika,6,Ward - 6,615,2287,1025,1262,43908
4,44,11,Kaligandaki Gaunpalika,7,Ward - 7,705,2630,1278,1352,43908
4,45,1,Modi Gaunpalika,1,Ward - 1,549,1939,942,997,44405
4,45,1,Modi Gaunpalika,2,Ward - 2,798,2698,1266,1432,44405
4,45,1,Modi Gaunpalika,3,Ward - 3,423,1512,737,775,44405
4,45,1,Modi Gaunpalika,4,Ward - 4,458,1708,854,854,44405
4,45,1,Modi Gaunpalika,5,Ward - 5,1070,3957,1858,2099,44405
4,45,1,Modi Gaunpalika,6,Ward - 6,1275,4433,2032,2401,44405
4,45,1,Modi Gaunpalika,7,Ward - 7,431,1299,592,707,44405
4,45,1,Modi Gaunpalika,8,Ward - 8,400,1248,572,676,44405
4,45,2,Jaljala Gaunpalika,1,Ward - 1,238,900,451,449,44402
4,45,2,Jaljala Gaunpalika,2,Ward - 2,703,2516,1154,1362,44402
4,45,2,Jaljala Gaunpalika,3,Ward - 3,1188,4197,2004,2193,44402
4,45,2,Jaljala Gaunpalika,4,Ward - 4,699,2564,1173,1391,44402
4,45,2,Jaljala Gaunpalika,5,Ward - 5,610,2022,985,1037,44402
4,45,2,Jaljala Gaunpalika,6,Ward - 6,564,1812,896,916,44402
4,45,2,Jaljala Gaunpalika,7,Ward - 7,896,3173,1550,1623,44402
4,45,2,Jaljala Gaunpalika,8,Ward - 8,736,2617,1234,1383,44402
4,45,2,Jaljala Gaunpalika,9,Ward - 9,327,1318,628,690,44402
4,45,3,Kushma Municipality,1,Ward - 1,1221,4641,2148,2493,44403
4,45,3,Kushma Municipality,2,Ward - 2,932,3369,1566,1803,44403
4,45,3,Kushma Municipality,3,Ward - 3,727,2456,1134,1322,44403
4,45,3,Kushma Municipality,4,Ward - 4,951,3448,1638,1810,44403
4,45,3,Kushma Municipality,5,Ward - 5,1417,4753,2254,2499,44403
4,45,3,Kushma Municipality,6,Ward - 6,1088,3669,1764,1905,44403
4,45,3,Kushma Municipality,7,Ward - 7,723,2647,1281,1366,44403
4,45,3,Kushma Municipality,8,Ward - 8,513,1975,937,1038,44403
4,45,3,Kushma Municipality,9,Ward - 9,550,1986,953,1033,44403
4,45,3,Kushma Municipality,10,Ward - 10,598,2074,979,1095,44403
4,45,3,Kushma Municipality,11,Ward - 11,576,1962,930,1032,44403
4,45,3,Kushma Municipality,12,Ward - 12,581,1721,758,963,44403
4,45,3,Kushma Municipality,13,Ward - 13,487,1566,663,903,44403
4,45,3,Kushma Municipality,14,Ward - 14,598,1834,848,986,44403
4,45,4,Phalebas Municipality,1,Ward - 1,456,1625,750,875,44407
4,45,4,Phalebas Municipality,2,Ward - 2,744,2680,1214,1466,44407
4,45,4,Phalebas Municipality,3,Ward - 3,904,3256,1434,1822,44407
4,45,4,Phalebas Municipality,4,Ward - 4,453,1555,721,834,44407
4,45,4,Phalebas Municipality,5,Ward - 5,407,1447,683,764,44407
4,45,4,Phalebas Municipality,6,Ward - 6,817,3008,1422,1586,44407
4,45,4,Phalebas Municipality,7,Ward - 7,347,1212,548,664,44407
4,45,4,Phalebas Municipality,8,Ward - 8,337,1239,560,679,44407
4,45,4,Phalebas Municipality,9,Ward - 9,424,1526,713,813,44407
4,45,4,Phalebas Municipality,10,Ward - 10,422,1413,642,771,44407
4,45,4,Phalebas Municipality,11,Ward - 11,426,1507,678,829,44407
4,45,5,Mahashila Gaunpalika,1,Ward - 1,297,1478,714,764,44404
4,45,5,Mahashila Gaunpalika,2,Ward - 2,149,582,290,292,44404
4,45,5,Mahashila Gaunpalika,3,Ward - 3,268,1009,471,538,44404
4,45,5,Mahashila Gaunpalika,4,Ward - 4,533,1992,908,1084,44404
4,45,5,Mahashila Gaunpalika,5,Ward - 5,600,2276,1090,1186,44404
4,45,5,Mahashila Gaunpalika,6,Ward - 6,210,779,335,444,44404
4,45,6,Bihadi Gaunpalika,1,Ward - 1,413,1393,659,734,44401
4,45,6,Bihadi Gaunpalika,2,Ward - 2,436,1701,821,880,44401
4,45,6,Bihadi Gaunpalika,3,Ward - 3,526,2094,982,1112,44401
4,45,6,Bihadi Gaunpalika,4,Ward - 4,331,1330,609,721,44401
4,45,6,Bihadi Gaunpalika,5,Ward - 5,469,1964,922,1042,44401
4,45,6,Bihadi Gaunpalika,6,Ward - 6,548,2346,1120,1226,44401
4,45,7,Paiyu Gaunpalika,1,Ward - 1,287,1120,515,605,44406
4,45,7,Paiyu Gaunpalika,2,Ward - 2,395,1622,795,827,44406
4,45,7,Paiyu Gaunpalika,3,Ward - 3,523,2081,941,1140,44406
4,45,7,Paiyu Gaunpalika,4,Ward - 4,905,3428,1625,1803,44406
4,45,7,Paiyu Gaunpalika,5,Ward - 5,356,1359,626,733,44406
4,45,7,Paiyu Gaunpalika,6,Ward - 6,389,1544,713,831,44406
4,45,7,Paiyu Gaunpalika,7,Ward - 7,413,1571,714,857,44406
4,46,1,Baglung Municipality,1,Ward - 1,1361,4746,2275,2471,44502
4,46,1,Baglung Municipality,2,Ward - 2,2216,7318,3486,3832,44502
4,46,1,Baglung Municipality,3,Ward - 3,2782,9829,4569,5260,44502
4,46,1,Baglung Municipality,4,Ward - 4,1313,4892,2275,2617,44502
4,46,1,Baglung Municipality,5,Ward - 5,538,2005,963,1042,44502
4,46,1,Baglung Municipality,6,Ward - 6,667,2489,1158,1331,44502
4,46,1,Baglung Municipality,7,Ward - 7,871,3092,1425,1667,44502
4,46,1,Baglung Municipality,8,Ward - 8,664,2292,1036,1256,44502
4,46,1,Baglung Municipality,9,Ward - 9,930,3323,1500,1823,44502
4,46,1,Baglung Municipality,10,Ward - 10,848,3077,1430,1647,44502
4,46,1,Baglung Municipality,11,Ward - 11,442,1587,730,857,44502
4,46,1,Baglung Municipality,12,Ward - 12,1144,3933,1804,2129,44502
4,46,1,Baglung Municipality,13,Ward - 13,1336,4547,2059,2488,44502
4,46,1,Baglung Municipality,14,Ward - 14,812,2972,1370,1602,44502
4,46,2,Kathekhola Gaunpalika,1,Ward - 1,647,2504,1135,1369,44507
4,46,2,Kathekhola Gaunpalika,2,Ward - 2,830,3036,1399,1637,44507
4,46,2,Kathekhola Gaunpalika,3,Ward - 3,574,2154,977,1177,44507
4,46,2,Kathekhola Gaunpalika,4,Ward - 4,857,3404,1575,1829,44507
4,46,2,Kathekhola Gaunpalika,5,Ward - 5,743,2990,1411,1579,44507
4,46,2,Kathekhola Gaunpalika,6,Ward - 6,553,2077,966,1111,44507
4,46,2,Kathekhola Gaunpalika,7,Ward - 7,1132,4169,1821,2348,44507
4,46,2,Kathekhola Gaunpalika,8,Ward - 8,556,2192,972,1220,44507
4,46,3,Tarakhola Gaunpalika,1,Ward - 1,491,1887,874,1013,44510
4,46,3,Tarakhola Gaunpalika,2,Ward - 2,445,2106,1046,1060,44510
4,46,3,Tarakhola Gaunpalika,3,Ward - 3,467,2043,996,1047,44510
4,46,3,Tarakhola Gaunpalika,4,Ward - 4,343,1438,677,761,44510
4,46,3,Tarakhola Gaunpalika,5,Ward - 5,591,2646,1329,1317,44510
4,46,4,Tamankhola Gaunpalika,1,Ward - 1,695,2674,1268,1406,44509
4,46,4,Tamankhola Gaunpalika,2,Ward - 2,641,2563,1158,1405,44509
4,46,4,Tamankhola Gaunpalika,3,Ward - 3,421,1612,724,888,44509
4,46,4,Tamankhola Gaunpalika,4,Ward - 4,273,993,442,551,44509
4,46,4,Tamankhola Gaunpalika,5,Ward - 5,379,1336,621,715,44509
4,46,4,Tamankhola Gaunpalika,6,Ward - 6,202,804,380,424,44509
4,46,5,Dhorpatan Municipality,1,Ward - 1,1547,5868,2792,3076,44504
4,46,5,Dhorpatan Municipality,2,Ward - 2,941,3798,1755,2043,44504
4,46,5,Dhorpatan Municipality,3,Ward - 3,649,2480,1104,1376,44504
4,46,5,Dhorpatan Municipality,4,Ward - 4,934,3977,1867,2110,44504
4,46,5,Dhorpatan Municipality,5,Ward - 5,761,2977,1329,1648,44504
4,46,5,Dhorpatan Municipality,6,Ward - 6,888,3545,1616,1929,44504
4,46,5,Dhorpatan Municipality,7,Ward - 7,506,2223,1021,1202,44504
4,46,5,Dhorpatan Municipality,8,Ward - 8,415,1592,733,859,44504
4,46,5,Dhorpatan Municipality,9,Ward - 9,844,3608,1750,1858,44504
4,46,6,Nisikhola Gaunpalika,1,Ward - 1,872,3375,1505,1870,44508
4,46,6,Nisikhola Gaunpalika,2,Ward - 2,950,3804,1743,2061,44508
4,46,6,Nisikhola Gaunpalika,3,Ward - 3,779,3177,1455,1722,44508
4,46,6,Nisikhola Gaunpalika,4,Ward - 4,739,3041,1406,1635,44508
4,46,6,Nisikhola Gaunpalika,5,Ward - 5,876,3577,1603,1974,44508
4,46,6,Nisikhola Gaunpalika,6,Ward - 6,821,3589,1697,1892,44508
4,46,6,Nisikhola Gaunpalika,7,Ward - 7,598,2556,1151,1405,44508
4,46,7,Badigad Gaunpalika,1,Ward - 1,538,2173,1028,1145,44501
4,46,7,Badigad Gaunpalika,2,Ward - 2,747,2961,1375,1586,44501
4,46,7,Badigad Gaunpalika,3,Ward - 3,449,1735,796,939,44501
4,46,7,Badigad Gaunpalika,4,Ward - 4,796,3388,1556,1832,44501
4,46,7,Badigad Gaunpalika,5,Ward - 5,1003,4200,1963,2237,44501
4,46,7,Badigad Gaunpalika,6,Ward - 6,467,2066,993,1073,44501
4,46,7,Badigad Gaunpalika,7,Ward - 7,854,3549,1583,1966,44501
4,46,7,Badigad Gaunpalika,8,Ward - 8,581,2606,1244,1362,44501
4,46,7,Badigad Gaunpalika,9,Ward - 9,565,2507,1163,1344,44501
4,46,7,Badigad Gaunpalika,10,Ward - 10,745,3654,1699,1955,44501
4,46,8,Galkot Municipality,1,Ward - 1,899,3580,1666,1914,44505
4,46,8,Galkot Municipality,2,Ward - 2,701,2823,1301,1522,44505
4,46,8,Galkot Municipality,3,Ward - 3,1138,4375,2081,2294,44505
4,46,8,Galkot Municipality,4,Ward - 4,583,2349,1074,1275,44505
4,46,8,Galkot Municipality,5,Ward - 5,716,2819,1322,1497,44505
4,46,8,Galkot Municipality,6,Ward - 6,666,2647,1265,1382,44505
4,46,8,Galkot Municipality,7,Ward - 7,527,2087,1014,1073,44505
4,46,8,Galkot Municipality,8,Ward - 8,511,2039,990,1049,44505
4,46,8,Galkot Municipality,9,Ward - 9,502,1985,939,1046,44505
4,46,8,Galkot Municipality,10,Ward - 10,605,2352,1076,1276,44505
4,46,8,Galkot Municipality,11,Ward - 11,866,3532,1644,1888,44505
4,46,9,Bareng Gaunpalika,1,Ward - 1,773,2994,1369,1625,44503
4,46,9,Bareng Gaunpalika,2,Ward - 2,875,3390,1566,1824,44503
4,46,9,Bareng Gaunpalika,3,Ward - 3,718,2680,1207,1473,44503
4,46,9,Bareng Gaunpalika,4,Ward - 4,327,1165,536,629,44503
4,46,9,Bareng Gaunpalika,5,Ward - 5,232,929,424,505,44503
4,46,10,Jaimuni Municipality,1,Ward - 1,765,2528,1184,1344,44506
4,46,10,Jaimuni Municipality,2,Ward - 2,631,2369,1110,1259,44506
4,46,10,Jaimuni Municipality,3,Ward - 3,538,1965,858,1107,44506
4,46,10,Jaimuni Municipality,4,Ward - 4,522,1824,827,997,44506
4,46,10,Jaimuni Municipality,5,Ward - 5,536,1838,823,1015,44506
4,46,10,Jaimuni Municipality,6,Ward - 6,441,1639,746,893,44506
4,46,10,Jaimuni Municipality,7,Ward - 7,854,3017,1352,1665,44506
4,46,10,Jaimuni Municipality,8,Ward - 8,967,3676,1650,2026,44506
4,46,10,Jaimuni Municipality,9,Ward - 9,718,2604,1217,1387,44506
4,46,10,Jaimuni Municipality,10,Ward - 10,856,3168,1455,1713,44506
5,47,1,Putha Uttanganga Gaunpalika,1,Ward - 1,154,773,384,389,57702
5,47,1,Putha Uttanganga Gaunpalika,2,Ward - 2,408,1752,870,882,57702
5,47,1,Putha Uttanganga Gaunpalika,3,Ward - 3,159,778,379,399,57702
5,47,1,Putha Uttanganga Gaunpalika,4,Ward - 4,207,911,462,449,57702
5,47,1,Putha Uttanganga Gaunpalika,5,Ward - 5,406,1730,855,875,57702
5,47,1,Putha Uttanganga Gaunpalika,6,Ward - 6,169,762,373,389,57702
5,47,1,Putha Uttanganga Gaunpalika,7,Ward - 7,208,808,382,426,57702
5,47,1,Putha Uttanganga Gaunpalika,8,Ward - 8,306,1378,675,703,57702
5,47,1,Putha Uttanganga Gaunpalika,9,Ward - 9,226,1018,520,498,57702
5,47,1,Putha Uttanganga Gaunpalika,10,Ward - 10,559,2004,959,1045,57702
5,47,1,Putha Uttanganga Gaunpalika,11,Ward - 11,321,1295,634,661,57702
5,47,1,Putha Uttanganga Gaunpalika,12,Ward - 12,481,2046,988,1058,57702
5,47,1,Putha Uttanganga Gaunpalika,13,Ward - 13,306,1171,572,599,57702
5,47,1,Putha Uttanganga Gaunpalika,14,Ward - 14,458,1882,926,956,57702
5,47,2,Sisne Gaunpalika,1,Ward - 1,488,2223,1100,1123,57703
5,47,2,Sisne Gaunpalika,2,Ward - 2,418,1722,859,863,57703
5,47,2,Sisne Gaunpalika,3,Ward - 3,440,1875,877,998,57703
5,47,2,Sisne Gaunpalika,4,Ward - 4,592,2883,1424,1459,57703
5,47,2,Sisne Gaunpalika,5,Ward - 5,755,3436,1699,1737,57703
5,47,2,Sisne Gaunpalika,6,Ward - 6,690,2631,1277,1354,57703
5,47,2,Sisne Gaunpalika,7,Ward - 7,368,1478,706,772,57703
5,47,2,Sisne Gaunpalika,8,Ward - 8,548,2286,1072,1214,57703
5,47,3,Bhoome Gaunpalika,1,Ward - 1,584,2713,1288,1425,57701
5,47,3,Bhoome Gaunpalika,2,Ward - 2,486,2288,1094,1194,57701
5,47,3,Bhoome Gaunpalika,3,Ward - 3,556,2325,1093,1232,57701
5,47,3,Bhoome Gaunpalika,4,Ward - 4,328,1434,688,746,57701
5,47,3,Bhoome Gaunpalika,5,Ward - 5,329,1432,659,773,57701
5,47,3,Bhoome Gaunpalika,6,Ward - 6,415,1808,855,953,57701
5,47,3,Bhoome Gaunpalika,7,Ward - 7,349,1539,784,755,57701
5,47,3,Bhoome Gaunpalika,8,Ward - 8,512,2633,1219,1414,57701
5,47,3,Bhoome Gaunpalika,9,Ward - 9,652,3657,1740,1917,57701
5,48,1,Sunchhahari Gaunpalika,1,Ward - 1,416,2066,1025,1041,55307
5,48,1,Sunchhahari Gaunpalika,2,Ward - 2,436,2170,1082,1088,55307
5,48,1,Sunchhahari Gaunpalika,3,Ward - 3,507,2244,1112,1132,55307
5,48,1,Sunchhahari Gaunpalika,4,Ward - 4,433,1846,821,1025,55307
5,48,1,Sunchhahari Gaunpalika,5,Ward - 5,668,3378,1653,1725,55307
5,48,1,Sunchhahari Gaunpalika,6,Ward - 6,551,2500,1134,1366,55307
5,48,1,Sunchhahari Gaunpalika,7,Ward - 7,575,3037,1463,1574,55307
5,48,2,Thawang Gaunpalika,1,Ward - 1,517,2011,951,1060,55309
5,48,2,Thawang Gaunpalika,2,Ward - 2,641,2511,1176,1335,55309
5,48,2,Thawang Gaunpalika,3,Ward - 3,575,2564,1181,1383,55309
5,48,2,Thawang Gaunpalika,4,Ward - 4,406,1833,877,956,55309
5,48,2,Thawang Gaunpalika,5,Ward - 5,412,1932,925,1007,55309
5,48,3,Pariwartan Gaunpalika,1,Ward - 1,675,2939,1362,1577,55301
5,48,3,Pariwartan Gaunpalika,2,Ward - 2,1096,4928,2246,2682,55301
5,48,3,Pariwartan Gaunpalika,3,Ward - 3,747,3227,1465,1762,55301
5,48,3,Pariwartan Gaunpalika,4,Ward - 4,879,4361,2006,2355,55301
5,48,3,Pariwartan Gaunpalika,5,Ward - 5,818,3955,1837,2118,55301
5,48,3,Pariwartan Gaunpalika,6,Ward - 6,467,2261,1069,1192,55301
5,48,4,Gangadev Gaunpalika,1,Ward - 1,481,2243,1039,1204,55306
5,48,4,Gangadev Gaunpalika,2,Ward - 2,648,2908,1372,1536,55306
5,48,4,Gangadev Gaunpalika,3,Ward - 3,726,3137,1447,1690,55306
5,48,4,Gangadev Gaunpalika,4,Ward - 4,694,3644,1728,1916,55306
5,48,4,Gangadev Gaunpalika,5,Ward - 5,642,3341,1607,1734,55306
5,48,4,Gangadev Gaunpalika,6,Ward - 6,707,3703,1722,1981,55306
5,48,4,Gangadev Gaunpalika,7,Ward - 7,535,2527,1130,1397,55306
5,48,5,Madi Gaunpalika,1,Ward - 1,986,4630,2187,2443,55303
5,48,5,Madi Gaunpalika,2,Ward - 2,603,2547,1191,1356,55303
5,48,5,Madi Gaunpalika,3,Ward - 3,657,2945,1382,1563,55303
5,48,5,Madi Gaunpalika,4,Ward - 4,501,2269,1021,1248,55303
5,48,5,Madi Gaunpalika,5,Ward - 5,846,3488,1647,1841,55303
5,48,5,Madi Gaunpalika,6,Ward - 6,540,2177,993,1184,55303
5,48,6,Tribeni Gaunpalika,1,Ward - 1,509,2274,1032,1242,55310
5,48,6,Tribeni Gaunpalika,2,Ward - 2,1059,4870,2325,2545,55310
5,48,6,Tribeni Gaunpalika,3,Ward - 3,600,2601,1216,1385,55310
5,48,6,Tribeni Gaunpalika,4,Ward - 4,898,3995,1872,2123,55310
5,48,6,Tribeni Gaunpalika,5,Ward - 5,722,3119,1520,1599,55310
5,48,6,Tribeni Gaunpalika,6,Ward - 6,494,2111,968,1143,55310
5,48,6,Tribeni Gaunpalika,7,Ward - 7,1075,4442,2091,2351,55310
5,48,7,Rolpa Municipality,1,Ward - 1,828,3517,1555,1962,55304
5,48,7,Rolpa Municipality,2,Ward - 2,1499,5184,2330,2854,55304
5,48,7,Rolpa Municipality,3,Ward - 3,595,2619,1179,1440,55304
5,48,7,Rolpa Municipality,4,Ward - 4,1285,4555,2147,2408,55304
5,48,7,Rolpa Municipality,5,Ward - 5,503,2379,1084,1295,55304
5,48,7,Rolpa Municipality,6,Ward - 6,798,3407,1518,1889,55304
5,48,7,Rolpa Municipality,7,Ward - 7,637,2431,1075,1356,55304
5,48,7,Rolpa Municipality,8,Ward - 8,520,1939,891,1048,55304
5,48,7,Rolpa Municipality,9,Ward - 9,900,3905,1825,2080,55304
5,48,7,Rolpa Municipality,10,Ward - 10,1180,5440,2554,2886,55304
5,48,8,Runtigadhi Gaunpalika,1,Ward - 1,814,3879,1799,2080,55305
5,48,8,Runtigadhi Gaunpalika,2,Ward - 2,425,1927,884,1043,55305
5,48,8,Runtigadhi Gaunpalika,3,Ward - 3,576,2761,1335,1426,55305
5,48,8,Runtigadhi Gaunpalika,4,Ward - 4,551,2443,1128,1315,55305
5,48,8,Runtigadhi Gaunpalika,5,Ward - 5,1000,4257,1934,2323,55305
5,48,8,Runtigadhi Gaunpalika,6,Ward - 6,950,4159,1977,2182,55305
5,48,8,Runtigadhi Gaunpalika,7,Ward - 7,687,2991,1415,1576,55305
5,48,8,Runtigadhi Gaunpalika,8,Ward - 8,516,2438,1156,1282,55305
5,48,8,Runtigadhi Gaunpalika,9,Ward - 9,705,3436,1721,1715,55305
5,48,9,Sunil Smriti Gaunpalika,1,Ward - 1,856,3343,1398,1945,55308
5,48,9,Sunil Smriti Gaunpalika,2,Ward - 2,993,3987,1708,2279,55308
5,48,9,Sunil Smriti Gaunpalika,3,Ward - 3,966,4051,1904,2147,55308
5,48,9,Sunil Smriti Gaunpalika,4,Ward - 4,1085,4323,2026,2297,55308
5,48,9,Sunil Smriti Gaunpalika,5,Ward - 5,682,3306,1607,1699,55308
5,48,9,Sunil Smriti Gaunpalika,6,Ward - 6,727,2734,1157,1577,55308
5,48,9,Sunil Smriti Gaunpalika,7,Ward - 7,803,4317,2137,2180,55308
5,48,9,Sunil Smriti Gaunpalika,8,Ward - 8,897,4556,2158,2398,55308
5,48,10,Lungri Gaunpalika,1,Ward - 1,1108,5451,2619,2832,55302
5,48,10,Lungri Gaunpalika,2,Ward - 2,894,3885,1718,2167,55302
5,48,10,Lungri Gaunpalika,3,Ward - 3,548,2950,1385,1565,55302
5,48,10,Lungri Gaunpalika,4,Ward - 4,825,3794,1653,2141,55302
5,48,10,Lungri Gaunpalika,5,Ward - 5,699,3314,1480,1834,55302
5,48,10,Lungri Gaunpalika,6,Ward - 6,841,4389,2025,2364,55302
5,48,10,Lungri Gaunpalika,7,Ward - 7,571,2542,1205,1337,55302
5,49,1,Gaumukhi Gaunpalika,1,Ward - 1,596,3199,1526,1673,55202
5,49,1,Gaumukhi Gaunpalika,2,Ward - 2,550,3101,1451,1650,55202
5,49,1,Gaumukhi Gaunpalika,3,Ward - 3,1056,5535,2607,2928,55202
5,49,1,Gaumukhi Gaunpalika,4,Ward - 4,1128,4758,2206,2552,55202
5,49,1,Gaumukhi Gaunpalika,5,Ward - 5,767,2996,1374,1622,55202
5,49,1,Gaumukhi Gaunpalika,6,Ward - 6,639,3047,1344,1703,55202
5,49,1,Gaumukhi Gaunpalika,7,Ward - 7,842,3344,1509,1835,55202
5,49,2,Naubahini Gaunpalika,1,Ward - 1,733,3700,1711,1989,55206
5,49,2,Naubahini Gaunpalika,2,Ward - 2,767,4005,1861,2144,55206
5,49,2,Naubahini Gaunpalika,3,Ward - 3,639,3121,1427,1694,55206
5,49,2,Naubahini Gaunpalika,4,Ward - 4,712,3196,1438,1758,55206
5,49,2,Naubahini Gaunpalika,5,Ward - 5,1134,5278,2448,2830,55206
5,49,2,Naubahini Gaunpalika,6,Ward - 6,1265,5150,2391,2759,55206
5,49,2,Naubahini Gaunpalika,7,Ward - 7,745,3459,1619,1840,55206
5,49,2,Naubahini Gaunpalika,8,Ward - 8,1138,4773,2138,2635,55206
5,49,3,Jhimaruk Gaunpalika,1,Ward - 1,825,3215,1459,1756,55203
5,49,3,Jhimaruk Gaunpalika,2,Ward - 2,676,2765,1216,1549,55203
5,49,3,Jhimaruk Gaunpalika,3,Ward - 3,755,3055,1350,1705,55203
5,49,3,Jhimaruk Gaunpalika,4,Ward - 4,718,2882,1284,1598,55203
5,49,3,Jhimaruk Gaunpalika,5,Ward - 5,756,3075,1473,1602,55203
5,49,3,Jhimaruk Gaunpalika,6,Ward - 6,997,3700,1595,2105,55203
5,49,3,Jhimaruk Gaunpalika,7,Ward - 7,1119,4558,1944,2614,55203
5,49,3,Jhimaruk Gaunpalika,8,Ward - 8,688,2880,1310,1570,55203
5,49,4,Pyuthan Municipality,1,Ward - 1,923,3325,1425,1900,55207
5,49,4,Pyuthan Municipality,2,Ward - 2,1330,4974,2203,2771,55207
5,49,4,Pyuthan Municipality,3,Ward - 3,1075,3986,1779,2207,55207
5,49,4,Pyuthan Municipality,4,Ward - 4,1987,6921,3242,3679,55207
5,49,4,Pyuthan Municipality,5,Ward - 5,1061,4420,1934,2486,55207
5,49,4,Pyuthan Municipality,6,Ward - 6,802,3295,1523,1772,55207
5,49,4,Pyuthan Municipality,7,Ward - 7,801,3032,1397,1635,55207
5,49,4,Pyuthan Municipality,8,Ward - 8,1542,5825,2633,3192,55207
5,49,4,Pyuthan Municipality,9,Ward - 9,877,3297,1456,1841,55207
5,49,4,Pyuthan Municipality,10,Ward - 10,837,3055,1287,1768,55207
5,49,5,Sworgadwari Municipality,1,Ward - 1,686,3255,1496,1759,55209
5,49,5,Sworgadwari Municipality,2,Ward - 2,1191,4715,2047,2668,55209
5,49,5,Sworgadwari Municipality,3,Ward - 3,1069,4085,1757,2328,55209
5,49,5,Sworgadwari Municipality,4,Ward - 4,1026,3913,1697,2216,55209
5,49,5,Sworgadwari Municipality,5,Ward - 5,1023,3830,1558,2272,55209
5,49,5,Sworgadwari Municipality,6,Ward - 6,739,2895,1239,1656,55209
5,49,5,Sworgadwari Municipality,7,Ward - 7,843,3034,1196,1838,55209
5,49,5,Sworgadwari Municipality,8,Ward - 8,661,2470,1050,1420,55209
5,49,5,Sworgadwari Municipality,9,Ward - 9,980,3840,1532,2308,55209
5,49,6,Mandavi Gaunpalika,1,Ward - 1,690,3116,1432,1684,55205
5,49,6,Mandavi Gaunpalika,2,Ward - 2,713,3364,1561,1803,55205
5,49,6,Mandavi Gaunpalika,3,Ward - 3,1043,3898,1704,2194,55205
5,49,6,Mandavi Gaunpalika,4,Ward - 4,701,3065,1274,1791,55205
5,49,6,Mandavi Gaunpalika,5,Ward - 5,647,2420,1068,1352,55205
5,49,7,Mallarani Gaunpalika,1,Ward - 1,607,2442,1093,1349,55204
5,49,7,Mallarani Gaunpalika,2,Ward - 2,714,2836,1215,1621,55204
5,49,7,Mallarani Gaunpalika,3,Ward - 3,1037,3655,1555,2100,55204
5,49,7,Mallarani Gaunpalika,4,Ward - 4,1217,4368,1980,2388,55204
5,49,7,Mallarani Gaunpalika,5,Ward - 5,563,2345,1000,1345,55204
5,49,8,Aairawati Gaunpalika,1,Ward - 1,833,3730,1722,2008,55201
5,49,8,Aairawati Gaunpalika,2,Ward - 2,1006,4064,1793,2271,55201
5,49,8,Aairawati Gaunpalika,3,Ward - 3,782,3028,1337,1691,55201
5,49,8,Aairawati Gaunpalika,4,Ward - 4,701,2797,1234,1563,55201
5,49,8,Aairawati Gaunpalika,5,Ward - 5,858,3188,1350,1838,55201
5,49,8,Aairawati Gaunpalika,6,Ward - 6,932,3621,1593,2028,55201
5,49,9,Sarumarani Gaunpalika,1,Ward - 1,903,3755,1674,2081,55208
5,49,9,Sarumarani Gaunpalika,2,Ward - 2,886,3779,1671,2108,55208
5,49,9,Sarumarani Gaunpalika,3,Ward - 3,755,3325,1458,1867,55208
5,49,9,Sarumarani Gaunpalika,4,Ward - 4,717,3233,1472,1761,55208
5,49,9,Sarumarani Gaunpalika,5,Ward - 5,556,2523,1117,1406,55208
5,49,9,Sarumarani Gaunpalika,6,Ward - 6,636,3168,1440,1728,55208
5,50,1,Kali Gandaki Gaunpalika,1,Ward - 1,503,1983,934,1049,54606
5,50,1,Kali Gandaki Gaunpalika,2,Ward - 2,541,2165,1008,1157,54606
5,50,1,Kali Gandaki Gaunpalika,3,Ward - 3,230,995,471,524,54606
5,50,1,Kali Gandaki Gaunpalika,4,Ward - 4,457,1834,892,942,54606
5,50,1,Kali Gandaki Gaunpalika,5,Ward - 5,532,2144,1004,1140,54606
5,50,1,Kali Gandaki Gaunpalika,6,Ward - 6,726,2982,1429,1553,54606
5,50,1,Kali Gandaki Gaunpalika,7,Ward - 7,747,2941,1336,1605,54606
5,50,2,Satyawoti Gaunpalika,1,Ward - 1,698,2565,1163,1402,54612
5,50,2,Satyawoti Gaunpalika,2,Ward - 2,487,1943,883,1060,54612
5,50,2,Satyawoti Gaunpalika,3,Ward - 3,714,3142,1466,1676,54612
5,50,2,Satyawoti Gaunpalika,4,Ward - 4,652,2442,1100,1342,54612
5,50,2,Satyawoti Gaunpalika,5,Ward - 5,624,2285,1035,1250,54612
5,50,2,Satyawoti Gaunpalika,6,Ward - 6,1028,3611,1631,1980,54612
5,50,2,Satyawoti Gaunpalika,7,Ward - 7,640,2320,1010,1310,54612
5,50,2,Satyawoti Gaunpalika,8,Ward - 8,326,1165,505,660,54612
5,50,3,Chandrakot Gaunpalika,1,Ward - 1,355,1416,646,770,54601
5,50,3,Chandrakot Gaunpalika,2,Ward - 2,496,1935,858,1077,54601
5,50,3,Chandrakot Gaunpalika,3,Ward - 3,476,1682,750,932,54601
5,50,3,Chandrakot Gaunpalika,4,Ward - 4,1064,3872,1762,2110,54601
5,50,3,Chandrakot Gaunpalika,5,Ward - 5,453,1781,788,993,54601
5,50,3,Chandrakot Gaunpalika,6,Ward - 6,407,1565,713,852,54601
5,50,3,Chandrakot Gaunpalika,7,Ward - 7,778,2666,1197,1469,54601
5,50,3,Chandrakot Gaunpalika,8,Ward - 8,1000,3745,1757,1988,54601
5,50,4,Musikot Municipality,1,Ward - 1,1014,4156,1960,2196,54609
5,50,4,Musikot Municipality,2,Ward - 2,839,3505,1574,1931,54609
5,50,4,Musikot Municipality,3,Ward - 3,726,2895,1290,1605,54609
5,50,4,Musikot Municipality,4,Ward - 4,1124,4423,1968,2455,54609
5,50,4,Musikot Municipality,5,Ward - 5,851,3186,1452,1734,54609
5,50,4,Musikot Municipality,6,Ward - 6,719,2857,1314,1543,54609
5,50,4,Musikot Municipality,7,Ward - 7,913,3663,1766,1897,54609
5,50,4,Musikot Municipality,8,Ward - 8,524,2188,1016,1172,54609
5,50,4,Musikot Municipality,9,Ward - 9,389,1581,756,825,54609
5,50,5,Isma Gaunpalika,1,Ward - 1,729,2629,1161,1468,54605
5,50,5,Isma Gaunpalika,2,Ward - 2,909,3608,1647,1961,54605
5,50,5,Isma Gaunpalika,3,Ward - 3,663,2378,1055,1323,54605
5,50,5,Isma Gaunpalika,4,Ward - 4,927,3423,1554,1869,54605
5,50,5,Isma Gaunpalika,5,Ward - 5,870,3203,1474,1729,54605
5,50,5,Isma Gaunpalika,6,Ward - 6,911,3288,1518,1770,54605
5,50,6,Malika Gaunpalika,1,Ward - 1,372,1411,639,772,54608
5,50,6,Malika Gaunpalika,2,Ward - 2,795,3290,1475,1815,54608
5,50,6,Malika Gaunpalika,3,Ward - 3,445,1755,787,968,54608
5,50,6,Malika Gaunpalika,4,Ward - 4,382,1319,629,690,54608
5,50,6,Malika Gaunpalika,5,Ward - 5,792,3063,1437,1626,54608
5,50,6,Malika Gaunpalika,6,Ward - 6,648,2465,1124,1341,54608
5,50,6,Malika Gaunpalika,7,Ward - 7,883,3323,1508,1815,54608
5,50,6,Malika Gaunpalika,8,Ward - 8,924,3449,1589,1860,54608
5,50,7,Madane Gaunpalika,1,Ward - 1,835,3480,1556,1924,54607
5,50,7,Madane Gaunpalika,2,Ward - 2,864,3214,1421,1793,54607
5,50,7,Madane Gaunpalika,3,Ward - 3,790,2925,1300,1625,54607
5,50,7,Madane Gaunpalika,4,Ward - 4,518,1958,874,1084,54607
5,50,7,Madane Gaunpalika,5,Ward - 5,508,1995,889,1106,54607
5,50,7,Madane Gaunpalika,6,Ward - 6,1008,3865,1752,2113,54607
5,50,7,Madane Gaunpalika,7,Ward - 7,730,2585,1181,1404,54607
5,50,8,Dhurkot Gaunpalika,1,Ward - 1,865,3063,1306,1757,54603
5,50,8,Dhurkot Gaunpalika,2,Ward - 2,723,2444,1105,1339,54603
5,50,8,Dhurkot Gaunpalika,3,Ward - 3,937,3428,1540,1888,54603
5,50,8,Dhurkot Gaunpalika,4,Ward - 4,686,2338,1075,1263,54603
5,50,8,Dhurkot Gaunpalika,5,Ward - 5,708,2383,1010,1373,54603
5,50,8,Dhurkot Gaunpalika,6,Ward - 6,683,2454,1068,1386,54603
5,50,8,Dhurkot Gaunpalika,7,Ward - 7,780,2704,1208,1496,54603
5,50,9,Resunga Municipality,1,Ward - 1,1311,4270,2089,2181,54610
5,50,9,Resunga Municipality,2,Ward - 2,1031,3556,1695,1861,54610
5,50,9,Resunga Municipality,3,Ward - 3,374,1321,596,725,54610
5,50,9,Resunga Municipality,4,Ward - 4,508,1946,895,1051,54610
5,50,9,Resunga Municipality,5,Ward - 5,358,1273,582,691,54610
5,50,9,Resunga Municipality,6,Ward - 6,449,1544,715,829,54610
5,50,9,Resunga Municipality,7,Ward - 7,491,1906,925,981,54610
5,50,9,Resunga Municipality,8,Ward - 8,1313,4283,1985,2298,54610
5,50,9,Resunga Municipality,9,Ward - 9,591,2058,993,1065,54610
5,50,9,Resunga Municipality,10,Ward - 10,842,3054,1388,1666,54610
5,50,9,Resunga Municipality,11,Ward - 11,396,1394,580,814,54610
5,50,9,Resunga Municipality,12,Ward - 12,420,1700,750,950,54610
5,50,9,Resunga Municipality,13,Ward - 13,215,720,304,416,54610
5,50,9,Resunga Municipality,14,Ward - 14,716,2526,1053,1473,54610
5,50,10,Gulmi Durbar Gaunpalika,1,Ward - 1,917,3557,1548,2009,54604
5,50,10,Gulmi Durbar Gaunpalika,2,Ward - 2,896,3247,1432,1815,54604
5,50,10,Gulmi Durbar Gaunpalika,3,Ward - 3,690,2430,1062,1368,54604
5,50,10,Gulmi Durbar Gaunpalika,4,Ward - 4,1097,4099,1770,2329,54604
5,50,10,Gulmi Durbar Gaunpalika,5,Ward - 5,454,1654,734,920,54604
5,50,10,Gulmi Durbar Gaunpalika,6,Ward - 6,482,1723,743,980,54604
5,50,10,Gulmi Durbar Gaunpalika,7,Ward - 7,717,2586,1117,1469,54604
5,50,11,Chhatrakot Gaunpalika,1,Ward - 1,810,2962,1325,1637,54602
5,50,11,Chhatrakot Gaunpalika,2,Ward - 2,666,2637,1146,1491,54602
5,50,11,Chhatrakot Gaunpalika,3,Ward - 3,1059,3988,1774,2214,54602
5,50,11,Chhatrakot Gaunpalika,4,Ward - 4,1138,3828,1735,2093,54602
5,50,11,Chhatrakot Gaunpalika,5,Ward - 5,960,3378,1488,1890,54602
5,50,11,Chhatrakot Gaunpalika,6,Ward - 6,674,2564,1149,1415,54602
5,50,12,Ruruchhetra Gaunpalika,1,Ward - 1,874,3024,1470,1554,54611
5,50,12,Ruruchhetra Gaunpalika,2,Ward - 2,630,2244,968,1276,54611
5,50,12,Ruruchhetra Gaunpalika,3,Ward - 3,633,2213,962,1251,54611
5,50,12,Ruruchhetra Gaunpalika,4,Ward - 4,1086,3939,1864,2075,54611
5,50,12,Ruruchhetra Gaunpalika,5,Ward - 5,801,3029,1384,1645,54611
5,50,12,Ruruchhetra Gaunpalika,6,Ward - 6,583,2148,959,1189,54611
5,51,1,Chhatradev Gaunpalika,1,Ward - 1,779,2617,1118,1499,55102
5,51,1,Chhatradev Gaunpalika,2,Ward - 2,483,1887,848,1039,55102
5,51,1,Chhatradev Gaunpalika,3,Ward - 3,788,2835,1227,1608,55102
5,51,1,Chhatradev Gaunpalika,4,Ward - 4,843,2874,1253,1621,55102
5,51,1,Chhatradev Gaunpalika,5,Ward - 5,674,2338,1023,1315,55102
5,51,1,Chhatradev Gaunpalika,6,Ward - 6,902,3082,1330,1752,55102
5,51,1,Chhatradev Gaunpalika,7,Ward - 7,905,3155,1408,1747,55102
5,51,1,Chhatradev Gaunpalika,8,Ward - 8,854,2823,1288,1535,55102
5,51,2,Malarani Gaunpalika,1,Ward - 1,512,1703,751,952,55103
5,51,2,Malarani Gaunpalika,2,Ward - 2,580,2020,893,1127,55103
5,51,2,Malarani Gaunpalika,3,Ward - 3,878,3028,1383,1645,55103
5,51,2,Malarani Gaunpalika,4,Ward - 4,1067,3592,1572,2020,55103
5,51,2,Malarani Gaunpalika,5,Ward - 5,1093,3606,1542,2064,55103
5,51,2,Malarani Gaunpalika,6,Ward - 6,832,3268,1498,1770,55103
5,51,2,Malarani Gaunpalika,7,Ward - 7,544,1910,857,1053,55103
5,51,2,Malarani Gaunpalika,8,Ward - 8,593,2376,1073,1303,55103
5,51,2,Malarani Gaunpalika,9,Ward - 9,681,2647,1200,1447,55103
5,51,3,Bhumikasthan Municipality,1,Ward - 1,882,3391,1528,1863,55101
5,51,3,Bhumikasthan Municipality,2,Ward - 2,683,2606,1191,1415,55101
5,51,3,Bhumikasthan Municipality,3,Ward - 3,702,2628,1193,1435,55101
5,51,3,Bhumikasthan Municipality,4,Ward - 4,757,2688,1144,1544,55101
5,51,3,Bhumikasthan Municipality,5,Ward - 5,467,1717,773,944,55101
5,51,3,Bhumikasthan Municipality,6,Ward - 6,881,3136,1378,1758,55101
5,51,3,Bhumikasthan Municipality,7,Ward - 7,942,3365,1447,1918,55101
5,51,3,Bhumikasthan Municipality,8,Ward - 8,613,2123,982,1141,55101
5,51,3,Bhumikasthan Municipality,9,Ward - 9,992,3532,1566,1966,55101
5,51,3,Bhumikasthan Municipality,10,Ward - 10,841,3006,1350,1656,55101
5,51,4,Sandhikharka Municipality,1,Ward - 1,2653,8955,4318,4637,55105
5,51,4,Sandhikharka Municipality,2,Ward - 2,1955,6708,3101,3607,55105
5,51,4,Sandhikharka Municipality,3,Ward - 3,427,1505,669,836,55105
5,51,4,Sandhikharka Municipality,4,Ward - 4,651,2373,1039,1334,55105
5,51,4,Sandhikharka Municipality,5,Ward - 5,640,2255,1006,1249,55105
5,51,4,Sandhikharka Municipality,6,Ward - 6,948,3419,1571,1848,55105
5,51,4,Sandhikharka Municipality,7,Ward - 7,893,3313,1531,1782,55105
5,51,4,Sandhikharka Municipality,8,Ward - 8,837,2981,1299,1682,55105
5,51,4,Sandhikharka Municipality,9,Ward - 9,685,2460,1110,1350,55105
5,51,4,Sandhikharka Municipality,10,Ward - 10,754,2758,1238,1520,55105
5,51,4,Sandhikharka Municipality,11,Ward - 11,864,3044,1381,1663,55105
5,51,4,Sandhikharka Municipality,12,Ward - 12,763,2721,1227,1494,55105
5,51,5,Panini Gaunpalika,1,Ward - 1,557,1958,878,1080,55104
5,51,5,Panini Gaunpalika,2,Ward - 2,878,3338,1501,1837,55104
5,51,5,Panini Gaunpalika,3,Ward - 3,847,2969,1331,1638,55104
5,51,5,Panini Gaunpalika,4,Ward - 4,706,2589,1167,1422,55104
5,51,5,Panini Gaunpalika,5,Ward - 5,874,3186,1432,1754,55104
5,51,5,Panini Gaunpalika,6,Ward - 6,417,1608,742,866,55104
5,51,5,Panini Gaunpalika,7,Ward - 7,988,3404,1545,1859,55104
5,51,5,Panini Gaunpalika,8,Ward - 8,894,3239,1404,1835,55104
5,51,6,Shitaganga Municipality,1,Ward - 1,562,2003,903,1100,55106
5,51,6,Shitaganga Municipality,2,Ward - 2,923,3493,1572,1921,55106
5,51,6,Shitaganga Municipality,3,Ward - 3,617,2209,1004,1205,55106
5,51,6,Shitaganga Municipality,4,Ward - 4,1001,3679,1744,1935,55106
5,51,6,Shitaganga Municipality,5,Ward - 5,630,2416,1139,1277,55106
5,51,6,Shitaganga Municipality,6,Ward - 6,706,2673,1278,1395,55106
5,51,6,Shitaganga Municipality,7,Ward - 7,775,3177,1430,1747,55106
5,51,6,Shitaganga Municipality,8,Ward - 8,707,3005,1362,1643,55106
5,51,6,Shitaganga Municipality,9,Ward - 9,618,2860,1366,1494,55106
5,51,6,Shitaganga Municipality,10,Ward - 10,399,1686,834,852,55106
5,51,6,Shitaganga Municipality,11,Ward - 11,576,2700,1332,1368,55106
5,51,6,Shitaganga Municipality,12,Ward - 12,635,2508,1196,1312,55106
5,51,6,Shitaganga Municipality,13,Ward - 13,478,1819,889,930,55106
5,51,6,Shitaganga Municipality,14,Ward - 14,823,3463,1700,1763,55106
5,52,1,Rampur Municipality,1,Ward - 1,707,2439,1091,1348,54707
5,52,1,Rampur Municipality,2,Ward - 2,478,1839,824,1015,54707
5,52,1,Rampur Municipality,3,Ward - 3,997,3512,1578,1934,54707
5,52,1,Rampur Municipality,4,Ward - 4,1357,5002,2240,2762,54707
5,52,1,Rampur Municipality,5,Ward - 5,2888,9780,4476,5304,54707
5,52,1,Rampur Municipality,6,Ward - 6,1152,4184,1887,2297,54707
5,52,1,Rampur Municipality,7,Ward - 7,1064,3822,1797,2025,54707
5,52,1,Rampur Municipality,8,Ward - 8,987,3782,1723,2059,54707
5,52,1,Rampur Municipality,9,Ward - 9,540,2033,882,1151,54707
5,52,1,Rampur Municipality,10,Ward - 10,1193,4490,1999,2491,54707
5,52,2,Purbakhola Gaunpalika,1,Ward - 1,1045,4070,1821,2249,54704
5,52,2,Purbakhola Gaunpalika,2,Ward - 2,652,2516,1159,1357,54704
5,52,2,Purbakhola Gaunpalika,3,Ward - 3,579,2156,962,1194,54704
5,52,2,Purbakhola Gaunpalika,4,Ward - 4,612,2433,1089,1344,54704
5,52,2,Purbakhola Gaunpalika,5,Ward - 5,789,3131,1324,1807,54704
5,52,2,Purbakhola Gaunpalika,6,Ward - 6,444,1746,738,1008,54704
5,52,3,Rambha Gaunpalika,1,Ward - 1,1377,5112,2288,2824,54706
5,52,3,Rambha Gaunpalika,2,Ward - 2,705,2624,1103,1521,54706
5,52,3,Rambha Gaunpalika,3,Ward - 3,1198,4422,1965,2457,54706
5,52,3,Rambha Gaunpalika,4,Ward - 4,504,1786,806,980,54706
5,52,3,Rambha Gaunpalika,5,Ward - 5,905,3211,1363,1848,54706
5,52,4,Baganaskali Gaunpalika,1,Ward - 1,1079,4117,1884,2233,54701
5,52,4,Baganaskali Gaunpalika,2,Ward - 2,615,2181,997,1184,54701
5,52,4,Baganaskali Gaunpalika,3,Ward - 3,488,1795,792,1003,54701
5,52,4,Baganaskali Gaunpalika,4,Ward - 4,453,1631,725,906,54701
5,52,4,Baganaskali Gaunpalika,5,Ward - 5,474,1659,753,906,54701
5,52,4,Baganaskali Gaunpalika,6,Ward - 6,813,2778,1244,1534,54701
5,52,4,Baganaskali Gaunpalika,7,Ward - 7,414,1523,711,812,54701
5,52,4,Baganaskali Gaunpalika,8,Ward - 8,256,864,399,465,54701
5,52,4,Baganaskali Gaunpalika,9,Ward - 9,523,1949,891,1058,54701
5,52,5,Tansen Municipality,1,Ward - 1,1407,4888,2252,2636,54709
5,52,5,Tansen Municipality,2,Ward - 2,1294,3999,1856,2143,54709
5,52,5,Tansen Municipality,3,Ward - 3,1715,5579,2519,3060,54709
5,52,5,Tansen Municipality,4,Ward - 4,1145,3699,1725,1974,54709
5,52,5,Tansen Municipality,5,Ward - 5,1027,3663,1737,1926,54709
5,52,5,Tansen Municipality,6,Ward - 6,1248,4495,2090,2405,54709
5,52,5,Tansen Municipality,7,Ward - 7,1840,6240,2925,3315,54709
5,52,5,Tansen Municipality,8,Ward - 8,791,3011,1406,1605,54709
5,52,5,Tansen Municipality,9,Ward - 9,996,3321,1488,1833,54709
5,52,5,Tansen Municipality,10,Ward - 10,774,2813,1293,1520,54709
5,52,5,Tansen Municipality,11,Ward - 11,546,1992,930,1062,54709
5,52,5,Tansen Municipality,12,Ward - 12,628,2261,1009,1252,54709
5,52,5,Tansen Municipality,13,Ward - 13,510,1715,780,935,54709
5,52,5,Tansen Municipality,14,Ward - 14,861,3116,1404,1712,54709
5,52,6,Ribdikot Gaunpalika,1,Ward - 1,540,2001,883,1118,54708
5,52,6,Ribdikot Gaunpalika,2,Ward - 2,552,1828,827,1001,54708
5,52,6,Ribdikot Gaunpalika,3,Ward - 3,541,1807,799,1008,54708
5,52,6,Ribdikot Gaunpalika,4,Ward - 4,526,1802,847,955,54708
5,52,6,Ribdikot Gaunpalika,5,Ward - 5,371,1311,604,707,54708
5,52,6,Ribdikot Gaunpalika,6,Ward - 6,568,2005,909,1096,54708
5,52,6,Ribdikot Gaunpalika,7,Ward - 7,602,2048,922,1126,54708
5,52,6,Ribdikot Gaunpalika,8,Ward - 8,702,2671,1235,1436,54708
5,52,7,Rainadevi Chhahara Gaunpalika,1,Ward - 1,675,2507,1147,1360,54705
5,52,7,Rainadevi Chhahara Gaunpalika,2,Ward - 2,561,2092,969,1123,54705
5,52,7,Rainadevi Chhahara Gaunpalika,3,Ward - 3,1300,4756,2097,2659,54705
5,52,7,Rainadevi Chhahara Gaunpalika,4,Ward - 4,1267,4445,2000,2445,54705
5,52,7,Rainadevi Chhahara Gaunpalika,5,Ward - 5,545,1881,864,1017,54705
5,52,7,Rainadevi Chhahara Gaunpalika,6,Ward - 6,757,2968,1358,1610,54705
5,52,7,Rainadevi Chhahara Gaunpalika,7,Ward - 7,464,1719,795,924,54705
5,52,7,Rainadevi Chhahara Gaunpalika,8,Ward - 8,761,2781,1281,1500,54705
5,52,8,Tinau Gaunpalika,1,Ward - 1,868,3594,1709,1885,54710
5,52,8,Tinau Gaunpalika,2,Ward - 2,715,3068,1462,1606,54710
5,52,8,Tinau Gaunpalika,3,Ward - 3,704,2903,1443,1460,54710
5,52,8,Tinau Gaunpalika,4,Ward - 4,428,2054,1007,1047,54710
5,52,8,Tinau Gaunpalika,5,Ward - 5,610,2704,1253,1451,54710
5,52,8,Tinau Gaunpalika,6,Ward - 6,876,3454,1577,1877,54710
5,52,9,Mathagadhi Gaunpalika,1,Ward - 1,966,3508,1554,1954,54702
5,52,9,Mathagadhi Gaunpalika,2,Ward - 2,593,2332,1048,1284,54702
5,52,9,Mathagadhi Gaunpalika,3,Ward - 3,1587,6345,2892,3453,54702
5,52,9,Mathagadhi Gaunpalika,4,Ward - 4,1030,3912,1776,2136,54702
5,52,9,Mathagadhi Gaunpalika,5,Ward - 5,463,2438,1245,1193,54702
5,52,9,Mathagadhi Gaunpalika,6,Ward - 6,479,1996,947,1049,54702
5,52,9,Mathagadhi Gaunpalika,7,Ward - 7,424,2118,1067,1051,54702
5,52,9,Mathagadhi Gaunpalika,8,Ward - 8,281,1404,655,749,54702
5,52,10,Nisdi Gaunpalika,1,Ward - 1,582,2299,1077,1222,54703
5,52,10,Nisdi Gaunpalika,2,Ward - 2,363,1598,733,865,54703
5,52,10,Nisdi Gaunpalika,3,Ward - 3,479,2433,1128,1305,54703
5,52,10,Nisdi Gaunpalika,4,Ward - 4,827,3642,1683,1959,54703
5,52,10,Nisdi Gaunpalika,5,Ward - 5,810,3105,1390,1715,54703
5,52,10,Nisdi Gaunpalika,6,Ward - 6,462,1928,896,1032,54703
5,52,10,Nisdi Gaunpalika,7,Ward - 7,642,3115,1438,1677,54703
5,53,1,Bardaghat Municipality,1,Ward - 1,654,2709,1245,1464,54801
5,53,1,Bardaghat Municipality,2,Ward - 2,1607,6631,3050,3581,54801
5,53,1,Bardaghat Municipality,3,Ward - 3,273,1234,590,644,54801
5,53,1,Bardaghat Municipality,4,Ward - 4,4123,15973,7407,8566,54801
5,53,1,Bardaghat Municipality,5,Ward - 5,940,3935,1812,2123,54801
5,53,1,Bardaghat Municipality,6,Ward - 6,330,1470,693,777,54801
5,53,1,Bardaghat Municipality,7,Ward - 7,627,2525,1205,1320,54801
5,53,1,Bardaghat Municipality,8,Ward - 8,421,1698,793,905,54801
5,53,1,Bardaghat Municipality,9,Ward - 9,761,3068,1403,1665,54801
5,53,1,Bardaghat Municipality,10,Ward - 10,1138,4468,2080,2388,54801
5,53,1,Bardaghat Municipality,11,Ward - 11,687,2896,1373,1523,54801
5,53,1,Bardaghat Municipality,12,Ward - 12,1222,5455,2576,2879,54801
5,53,1,Bardaghat Municipality,13,Ward - 13,1449,6520,3051,3469,54801
5,53,1,Bardaghat Municipality,14,Ward - 14,1802,7686,3596,4090,54801
5,53,1,Bardaghat Municipality,15,Ward - 15,1224,5286,2469,2817,54801
5,53,1,Bardaghat Municipality,16,Ward - 16,1243,5149,2332,2817,54801
5,53,2,Sunawal Municipality,1,Ward - 1,1742,6799,3162,3637,54806
5,53,2,Sunawal Municipality,2,Ward - 2,927,3990,1888,2102,54806
5,53,2,Sunawal Municipality,3,Ward - 3,1273,5157,2421,2736,54806
5,53,2,Sunawal Municipality,4,Ward - 4,1853,7760,3624,4136,54806
5,53,2,Sunawal Municipality,5,Ward - 5,951,3924,1811,2113,54806
5,53,2,Sunawal Municipality,6,Ward - 6,1023,4137,1941,2196,54806
5,53,2,Sunawal Municipality,7,Ward - 7,1476,6215,2965,3250,54806
5,53,2,Sunawal Municipality,8,Ward - 8,1124,4624,2106,2518,54806
5,53,2,Sunawal Municipality,9,Ward - 9,997,4686,2286,2400,54806
5,53,2,Sunawal Municipality,10,Ward - 10,746,3032,1401,1631,54806
5,53,2,Sunawal Municipality,11,Ward - 11,1627,6700,3088,3612,54806
5,53,2,Sunawal Municipality,12,Ward - 12,2024,8194,3865,4329,54806
5,53,2,Sunawal Municipality,13,Ward - 13,1655,6867,3235,3632,54806
5,53,3,Ramgram Municipality,1,Ward - 1,605,2786,1380,1406,54804
5,53,3,Ramgram Municipality,2,Ward - 2,457,2272,1136,1136,54804
5,53,3,Ramgram Municipality,3,Ward - 3,675,2746,1366,1380,54804
5,53,3,Ramgram Municipality,4,Ward - 4,521,2667,1315,1352,54804
5,53,3,Ramgram Municipality,5,Ward - 5,445,1888,981,907,54804
5,53,3,Ramgram Municipality,6,Ward - 6,437,2097,1045,1052,54804
5,53,3,Ramgram Municipality,7,Ward - 7,549,2971,1505,1466,54804
5,53,3,Ramgram Municipality,8,Ward - 8,496,2462,1190,1272,54804
5,53,3,Ramgram Municipality,9,Ward - 9,547,2719,1360,1359,54804
5,53,3,Ramgram Municipality,10,Ward - 10,939,4697,2333,2364,54804
5,53,3,Ramgram Municipality,11,Ward - 11,422,1879,936,943,54804
5,53,3,Ramgram Municipality,12,Ward - 12,514,2508,1218,1290,54804
5,53,3,Ramgram Municipality,13,Ward - 13,338,1665,836,829,54804
5,53,3,Ramgram Municipality,14,Ward - 14,1168,5339,2621,2718,54804
5,53,3,Ramgram Municipality,15,Ward - 15,987,5360,2687,2673,54804
5,53,3,Ramgram Municipality,16,Ward - 16,1487,7657,3816,3841,54804
5,53,3,Ramgram Municipality,17,Ward - 17,1193,6140,3005,3135,54804
5,53,3,Ramgram Municipality,18,Ward - 18,1357,6164,2926,3238,54804
5,53,4,Palhinandan Gaunpalika,1,Ward - 1,702,3746,1918,1828,54802
5,53,4,Palhinandan Gaunpalika,2,Ward - 2,1366,6924,3397,3527,54802
5,53,4,Palhinandan Gaunpalika,3,Ward - 3,1407,7598,3704,3894,54802
5,53,4,Palhinandan Gaunpalika,4,Ward - 4,1224,6294,3186,3108,54802
5,53,4,Palhinandan Gaunpalika,5,Ward - 5,1242,6976,3474,3502,54802
5,53,4,Palhinandan Gaunpalika,6,Ward - 6,1239,6648,3337,3311,54802
5,53,5,Sarawal Gaunpalika,1,Ward - 1,1607,6727,3143,3584,54805
5,53,5,Sarawal Gaunpalika,2,Ward - 2,1366,6444,3081,3363,54805
5,53,5,Sarawal Gaunpalika,3,Ward - 3,1320,6102,3014,3088,54805
5,53,5,Sarawal Gaunpalika,4,Ward - 4,1192,5896,2874,3022,54805
5,53,5,Sarawal Gaunpalika,5,Ward - 5,889,4444,2186,2258,54805
5,53,5,Sarawal Gaunpalika,6,Ward - 6,1257,6677,3305,3372,54805
5,53,5,Sarawal Gaunpalika,7,Ward - 7,1114,5917,2934,2983,54805
5,53,6,Pratapapur Gaunpalika,1,Ward - 1,1053,4804,2321,2483,54803
5,53,6,Pratapapur Gaunpalika,2,Ward - 2,1099,5129,2520,2609,54803
5,53,6,Pratapapur Gaunpalika,3,Ward - 3,1113,5662,2793,2869,54803
5,53,6,Pratapapur Gaunpalika,4,Ward - 4,971,5497,2760,2737,54803
5,53,6,Pratapapur Gaunpalika,5,Ward - 5,1143,6508,3277,3231,54803
5,53,6,Pratapapur Gaunpalika,6,Ward - 6,980,5085,2527,2558,54803
5,53,6,Pratapapur Gaunpalika,7,Ward - 7,1094,5770,2920,2850,54803
5,53,6,Pratapapur Gaunpalika,8,Ward - 8,1038,5337,2677,2660,54803
5,53,6,Pratapapur Gaunpalika,9,Ward - 9,1211,6105,3017,3088,54803
5,53,7,Susta Gaunpalika,1,Ward - 1,1555,6834,3248,3586,54807
5,53,7,Susta Gaunpalika,2,Ward - 2,1504,7143,3404,3739,54807
5,53,7,Susta Gaunpalika,3,Ward - 3,1219,6302,3037,3265,54807
5,53,7,Susta Gaunpalika,4,Ward - 4,1297,6797,3240,3557,54807
5,53,7,Susta Gaunpalika,5,Ward - 5,2451,13579,6775,6804,54807
5,54,1,Devdaha Municipality,1,Ward - 1,1184,5484,2580,2904,54902
5,54,1,Devdaha Municipality,2,Ward - 2,1053,4390,1971,2419,54902
5,54,1,Devdaha Municipality,3,Ward - 3,1037,4273,1991,2282,54902
5,54,1,Devdaha Municipality,4,Ward - 4,1145,4747,2247,2500,54902
5,54,1,Devdaha Municipality,5,Ward - 5,2211,8730,4013,4717,54902
5,54,1,Devdaha Municipality,6,Ward - 6,1274,5172,2419,2753,54902
5,54,1,Devdaha Municipality,7,Ward - 7,2194,8833,4118,4715,54902
5,54,1,Devdaha Municipality,8,Ward - 8,1036,4298,2038,2260,54902
5,54,1,Devdaha Municipality,9,Ward - 9,1415,5503,2524,2979,54902
5,54,1,Devdaha Municipality,10,Ward - 10,2314,9083,4283,4800,54902
5,54,1,Devdaha Municipality,11,Ward - 11,1329,6591,3198,3393,54902
5,54,1,Devdaha Municipality,12,Ward - 12,1108,5353,2651,2702,54902
5,54,2,Butwal Sub-Metropolitian City,1,Ward - 1,751,3377,1719,1658,54901
5,54,2,Butwal Sub-Metropolitian City,2,Ward - 2,1626,6760,3433,3327,54901
5,54,2,Butwal Sub-Metropolitian City,3,Ward - 3,3225,11268,5520,5748,54901
5,54,2,Butwal Sub-Metropolitian City,4,Ward - 4,2305,9115,4570,4545,54901
5,54,2,Butwal Sub-Metropolitian City,5,Ward - 5,781,3493,1886,1607,54901
5,54,2,Butwal Sub-Metropolitian City,6,Ward - 6,1892,7474,3807,3667,54901
5,54,2,Butwal Sub-Metropolitian City,7,Ward - 7,2937,11113,5319,5794,54901
5,54,2,Butwal Sub-Metropolitian City,8,Ward - 8,3005,11037,5377,5660,54901
5,54,2,Butwal Sub-Metropolitian City,9,Ward - 9,2653,9665,4810,4855,54901
5,54,2,Butwal Sub-Metropolitian City,10,Ward - 10,1723,6266,3108,3158,54901
5,54,2,Butwal Sub-Metropolitian City,11,Ward - 11,14693,54699,26454,28245,54901
5,54,2,Butwal Sub-Metropolitian City,12,Ward - 12,3473,13567,6553,7014,54901
5,54,2,Butwal Sub-Metropolitian City,13,Ward - 13,4386,16762,8022,8740,54901
5,54,2,Butwal Sub-Metropolitian City,14,Ward - 14,1427,5804,2784,3020,54901
5,54,2,Butwal Sub-Metropolitian City,15,Ward - 15,1106,4652,2143,2509,54901
5,54,2,Butwal Sub-Metropolitian City,16,Ward - 16,747,3371,1624,1747,54901
5,54,2,Butwal Sub-Metropolitian City,17,Ward - 17,2007,7984,3903,4081,54901
5,54,2,Butwal Sub-Metropolitian City,18,Ward - 18,625,2861,1416,1445,54901
5,54,2,Butwal Sub-Metropolitian City,19,Ward - 19,1203,5067,2401,2666,54901
5,54,3,Sainamaina Municipality,1,Ward - 1,2972,12075,5603,6472,54911
5,54,3,Sainamaina Municipality,2,Ward - 2,1364,5665,2613,3052,54911
5,54,3,Sainamaina Municipality,3,Ward - 3,1591,6204,2860,3344,54911
5,54,3,Sainamaina Municipality,4,Ward - 4,2315,9271,4308,4963,54911
5,54,3,Sainamaina Municipality,5,Ward - 5,2079,8510,4032,4478,54911
5,54,3,Sainamaina Municipality,6,Ward - 6,1868,7678,3638,4040,54911
5,54,3,Sainamaina Municipality,7,Ward - 7,1374,5596,2606,2990,54911
5,54,3,Sainamaina Municipality,8,Ward - 8,1412,5483,2559,2924,54911
5,54,3,Sainamaina Municipality,9,Ward - 9,1155,4572,2122,2450,54911
5,54,3,Sainamaina Municipality,10,Ward - 10,1770,6884,3091,3793,54911
5,54,3,Sainamaina Municipality,11,Ward - 11,1545,6455,3009,3446,54911
5,54,4,Kanchan Gaunpalika,1,Ward - 1,2163,8674,4026,4648,54904
5,54,4,Kanchan Gaunpalika,2,Ward - 2,1599,7375,3507,3868,54904
5,54,4,Kanchan Gaunpalika,3,Ward - 3,2365,9253,4135,5118,54904
5,54,4,Kanchan Gaunpalika,4,Ward - 4,2398,9658,4294,5364,54904
5,54,4,Kanchan Gaunpalika,5,Ward - 5,1915,7568,3446,4122,54904
5,54,5,Gaidahawa Gaunpalika,1,Ward - 1,1230,7215,3538,3677,54903
5,54,5,Gaidahawa Gaunpalika,2,Ward - 2,1144,6664,3262,3402,54903
5,54,5,Gaidahawa Gaunpalika,3,Ward - 3,1340,7789,3929,3860,54903
5,54,5,Gaidahawa Gaunpalika,4,Ward - 4,911,4939,2463,2476,54903
5,54,5,Gaidahawa Gaunpalika,5,Ward - 5,715,4625,2321,2304,54903
5,54,5,Gaidahawa Gaunpalika,6,Ward - 6,1262,7724,3940,3784,54903
5,54,5,Gaidahawa Gaunpalika,7,Ward - 7,1213,7045,3448,3597,54903
5,54,5,Gaidahawa Gaunpalika,8,Ward - 8,1182,5839,2877,2962,54903
5,54,5,Gaidahawa Gaunpalika,9,Ward - 9,950,4309,2069,2240,54903
5,54,6,Suddhodhan Gaunpalika,1,Ward - 1,1088,6401,3271,3130,54915
5,54,6,Suddhodhan Gaunpalika,2,Ward - 2,1353,5963,2867,3096,54915
5,54,6,Suddhodhan Gaunpalika,3,Ward - 3,1457,6292,2987,3305,54915
5,54,6,Suddhodhan Gaunpalika,4,Ward - 4,1550,6495,3131,3364,54915
5,54,6,Suddhodhan Gaunpalika,5,Ward - 5,1246,6020,2914,3106,54915
5,54,6,Suddhodhan Gaunpalika,6,Ward - 6,955,4936,2455,2481,54915
5,54,6,Suddhodhan Gaunpalika,7,Ward - 7,1027,5800,2945,2855,54915
5,54,7,Siyari Gaunpalika,1,Ward - 1,1413,6562,3150,3412,54914
5,54,7,Siyari Gaunpalika,2,Ward - 2,1473,8490,4235,4255,54914
5,54,7,Siyari Gaunpalika,3,Ward - 3,990,5563,2762,2801,54914
5,54,7,Siyari Gaunpalika,4,Ward - 4,1282,6451,3194,3257,54914
5,54,7,Siyari Gaunpalika,5,Ward - 5,1002,4623,2229,2394,54914
5,54,7,Siyari Gaunpalika,6,Ward - 6,1306,6055,2889,3166,54914
5,54,7,Siyari Gaunpalika,7,Ward - 7,1553,7241,3563,3678,54914
5,54,8,Tilottama Municipality,1,Ward - 1,2473,10149,4803,5346,54916
5,54,8,Tilottama Municipality,2,Ward - 2,2689,10227,4964,5263,54916
5,54,8,Tilottama Municipality,3,Ward - 3,3202,12180,5848,6332,54916
5,54,8,Tilottama Municipality,4,Ward - 4,2586,10302,4822,5480,54916
5,54,8,Tilottama Municipality,5,Ward - 5,2282,8665,4211,4454,54916
5,54,8,Tilottama Municipality,6,Ward - 6,2861,12104,5808,6296,54916
5,54,8,Tilottama Municipality,7,Ward - 7,2801,11599,5471,6128,54916
5,54,8,Tilottama Municipality,8,Ward - 8,1589,6520,3077,3443,54916
5,54,8,Tilottama Municipality,9,Ward - 9,2126,8537,4030,4507,54916
5,54,8,Tilottama Municipality,10,Ward - 10,1156,5136,2462,2674,54916
5,54,8,Tilottama Municipality,11,Ward - 11,2853,11749,5509,6240,54916
5,54,8,Tilottama Municipality,12,Ward - 12,1184,5039,2431,2608,54916
5,54,8,Tilottama Municipality,13,Ward - 13,1320,5799,2744,3055,54916
5,54,8,Tilottama Municipality,14,Ward - 14,1906,9402,4585,4817,54916
5,54,8,Tilottama Municipality,15,Ward - 15,1770,7442,3561,3881,54916
5,54,8,Tilottama Municipality,16,Ward - 16,1516,6409,3066,3343,54916
5,54,8,Tilottama Municipality,17,Ward - 17,1677,8220,4134,4086,54916
5,54,9,Om Satiya Gaunpalika,1,Ward - 1,1273,5730,2678,3052,54909
5,54,9,Om Satiya Gaunpalika,2,Ward - 2,1374,6686,3319,3367,54909
5,54,9,Om Satiya Gaunpalika,3,Ward - 3,1237,6203,3082,3121,54909
5,54,9,Om Satiya Gaunpalika,4,Ward - 4,1855,10028,5132,4896,54909
5,54,9,Om Satiya Gaunpalika,5,Ward - 5,1198,6477,3222,3255,54909
5,54,9,Om Satiya Gaunpalika,6,Ward - 6,1145,6017,3019,2998,54909
5,54,10,Rohini Gaunpalika,1,Ward - 1,1032,6372,3223,3149,54910
5,54,10,Rohini Gaunpalika,2,Ward - 2,1288,7578,3828,3750,54910
5,54,10,Rohini Gaunpalika,3,Ward - 3,1527,8580,4355,4225,54910
5,54,10,Rohini Gaunpalika,4,Ward - 4,1095,5919,2958,2961,54910
5,54,10,Rohini Gaunpalika,5,Ward - 5,836,4554,2284,2270,54910
5,54,10,Rohini Gaunpalika,6,Ward - 6,889,5095,2545,2550,54910
5,54,10,Rohini Gaunpalika,7,Ward - 7,859,5229,2672,2557,54910
5,54,11,Siddharthanagar Municipality,1,Ward - 1,1640,7696,3855,3841,54913
5,54,11,Siddharthanagar Municipality,2,Ward - 2,745,3732,1847,1885,54913
5,54,11,Siddharthanagar Municipality,3,Ward - 3,1968,9307,4630,4677,54913
5,54,11,Siddharthanagar Municipality,4,Ward - 4,1011,5330,2703,2627,54913
5,54,11,Siddharthanagar Municipality,5,Ward - 5,202,829,452,377,54913
5,54,11,Siddharthanagar Municipality,6,Ward - 6,2267,11147,5695,5452,54913
5,54,11,Siddharthanagar Municipality,7,Ward - 7,859,3626,1792,1834,54913
5,54,11,Siddharthanagar Municipality,8,Ward - 8,2542,10572,5295,5277,54913
5,54,11,Siddharthanagar Municipality,9,Ward - 9,1810,8370,4102,4268,54913
5,54,11,Siddharthanagar Municipality,10,Ward - 10,461,2785,1411,1374,54913
5,54,11,Siddharthanagar Municipality,11,Ward - 11,535,3226,1688,1538,54913
5,54,11,Siddharthanagar Municipality,12,Ward - 12,974,4223,2052,2171,54913
5,54,11,Siddharthanagar Municipality,13,Ward - 13,857,3593,1727,1866,54913
5,54,12,Mayadevi Gaunpalika,1,Ward - 1,1222,7161,3519,3642,54908
5,54,12,Mayadevi Gaunpalika,2,Ward - 2,1439,7976,4033,3943,54908
5,54,12,Mayadevi Gaunpalika,3,Ward - 3,1436,8348,4185,4163,54908
5,54,12,Mayadevi Gaunpalika,4,Ward - 4,1082,6364,3235,3129,54908
5,54,12,Mayadevi Gaunpalika,5,Ward - 5,1419,8574,4335,4239,54908
5,54,12,Mayadevi Gaunpalika,6,Ward - 6,1373,7299,3737,3562,54908
5,54,12,Mayadevi Gaunpalika,7,Ward - 7,900,5413,2789,2624,54908
5,54,12,Mayadevi Gaunpalika,8,Ward - 8,1119,5035,2522,2513,54908
5,54,13,Lumbini Sanskritik Municipality,1,Ward - 1,909,6005,2984,3021,54906
5,54,13,Lumbini Sanskritik Municipality,2,Ward - 2,1220,7518,3810,3708,54906
5,54,13,Lumbini Sanskritik Municipality,3,Ward - 3,829,5321,2586,2735,54906
5,54,13,Lumbini Sanskritik Municipality,4,Ward - 4,1029,6710,3324,3386,54906
5,54,13,Lumbini Sanskritik Municipality,5,Ward - 5,916,6286,2994,3292,54906
5,54,13,Lumbini Sanskritik Municipality,6,Ward - 6,1133,7955,3858,4097,54906
5,54,13,Lumbini Sanskritik Municipality,7,Ward - 7,897,5700,2869,2831,54906
5,54,13,Lumbini Sanskritik Municipality,8,Ward - 8,699,4344,2122,2222,54906
5,54,13,Lumbini Sanskritik Municipality,9,Ward - 9,992,6297,3124,3173,54906
5,54,13,Lumbini Sanskritik Municipality,10,Ward - 10,1412,8356,4244,4112,54906
5,54,13,Lumbini Sanskritik Municipality,11,Ward - 11,1560,10107,4902,5205,54906
5,54,13,Lumbini Sanskritik Municipality,12,Ward - 12,1250,7487,3783,3704,54906
5,54,13,Lumbini Sanskritik Municipality,13,Ward - 13,775,5297,2564,2733,54906
5,54,14,Kotahimai Gaunpalika,1,Ward - 1,1246,7606,3878,3728,54905
5,54,14,Kotahimai Gaunpalika,2,Ward - 2,973,6105,3119,2986,54905
5,54,14,Kotahimai Gaunpalika,3,Ward - 3,1045,6509,3222,3287,54905
5,54,14,Kotahimai Gaunpalika,4,Ward - 4,1155,6660,3335,3325,54905
5,54,14,Kotahimai Gaunpalika,5,Ward - 5,1072,6605,3256,3349,54905
5,54,14,Kotahimai Gaunpalika,6,Ward - 6,955,5953,3054,2899,54905
5,54,14,Kotahimai Gaunpalika,7,Ward - 7,1089,6537,3275,3262,54905
5,54,15,Sammarimai Gaunpalika,1,Ward - 1,827,5103,2553,2550,54912
5,54,15,Sammarimai Gaunpalika,2,Ward - 2,1147,7156,3555,3601,54912
5,54,15,Sammarimai Gaunpalika,3,Ward - 3,914,4871,2394,2477,54912
5,54,15,Sammarimai Gaunpalika,4,Ward - 4,906,5333,2650,2683,54912
5,54,15,Sammarimai Gaunpalika,5,Ward - 5,1043,6337,3194,3143,54912
5,54,15,Sammarimai Gaunpalika,6,Ward - 6,1494,8300,4160,4140,54912
5,54,15,Sammarimai Gaunpalika,7,Ward - 7,911,5944,3005,2939,54912
5,54,16,Marchawari Gaunpalika,1,Ward - 1,1264,7599,3819,3780,54907
5,54,16,Marchawari Gaunpalika,2,Ward - 2,885,5306,2636,2670,54907
5,54,16,Marchawari Gaunpalika,3,Ward - 3,1268,7482,3779,3703,54907
5,54,16,Marchawari Gaunpalika,4,Ward - 4,841,4908,2464,2444,54907
5,54,16,Marchawari Gaunpalika,5,Ward - 5,800,4654,2340,2314,54907
5,54,16,Marchawari Gaunpalika,6,Ward - 6,1153,6956,3547,3409,54907
5,54,16,Marchawari Gaunpalika,7,Ward - 7,710,3975,1914,2061,54907
5,55,1,Banganga Municipality,1,Ward - 1,2203,8544,4069,4475,55001
5,55,1,Banganga Municipality,2,Ward - 2,2560,10370,4802,5568,55001
5,55,1,Banganga Municipality,3,Ward - 3,1558,6781,3264,3517,55001
5,55,1,Banganga Municipality,4,Ward - 4,2627,10422,4879,5543,55001
5,55,1,Banganga Municipality,5,Ward - 5,1550,6593,3117,3476,55001
5,55,1,Banganga Municipality,6,Ward - 6,1327,5608,2603,3005,55001
5,55,1,Banganga Municipality,7,Ward - 7,2020,7780,3580,4200,55001
5,55,1,Banganga Municipality,8,Ward - 8,3312,13243,6182,7061,55001
5,55,1,Banganga Municipality,9,Ward - 9,1619,6762,3101,3661,55001
5,55,1,Banganga Municipality,10,Ward - 10,2140,10024,4783,5241,55001
5,55,1,Banganga Municipality,11,Ward - 11,2409,10587,5027,5560,55001
5,55,2,Buddhabhumi Municipality,1,Ward - 1,2142,8945,4124,4821,55003
5,55,2,Buddhabhumi Municipality,2,Ward - 2,2352,9934,4761,5173,55003
5,55,2,Buddhabhumi Municipality,3,Ward - 3,1306,5707,2674,3033,55003
5,55,2,Buddhabhumi Municipality,4,Ward - 4,1496,6512,3123,3389,55003
5,55,2,Buddhabhumi Municipality,5,Ward - 5,914,5375,2657,2718,55003
5,55,2,Buddhabhumi Municipality,6,Ward - 6,1024,6525,3235,3290,55003
5,55,2,Buddhabhumi Municipality,7,Ward - 7,697,4726,2408,2318,55003
5,55,2,Buddhabhumi Municipality,8,Ward - 8,1340,7765,3835,3930,55003
5,55,2,Buddhabhumi Municipality,9,Ward - 9,2441,11037,5222,5815,55003
5,55,2,Buddhabhumi Municipality,10,Ward - 10,1667,9981,4912,5069,55003
5,55,3,Shivaraj Municipality,1,Ward - 1,2183,9712,4645,5067,55008
5,55,3,Shivaraj Municipality,2,Ward - 2,1124,5570,2643,2927,55008
5,55,3,Shivaraj Municipality,3,Ward - 3,1914,9320,4488,4832,55008
5,55,3,Shivaraj Municipality,4,Ward - 4,1347,8141,4074,4067,55008
5,55,3,Shivaraj Municipality,5,Ward - 5,3367,15566,7514,8052,55008
5,55,3,Shivaraj Municipality,6,Ward - 6,1216,7400,3745,3655,55008
5,55,3,Shivaraj Municipality,7,Ward - 7,596,4080,2057,2023,55008
5,55,3,Shivaraj Municipality,8,Ward - 8,905,5743,2861,2882,55008
5,55,3,Shivaraj Municipality,9,Ward - 9,1517,7012,3249,3763,55008
5,55,3,Shivaraj Municipality,10,Ward - 10,731,4573,2286,2287,55008
5,55,3,Shivaraj Municipality,11,Ward - 11,1341,7693,3766,3927,55008
5,55,4,Bijayanagar Gaunpalika,1,Ward - 1,952,5513,2727,2786,55002
5,55,4,Bijayanagar Gaunpalika,2,Ward - 2,1106,6602,3228,3374,55002
5,55,4,Bijayanagar Gaunpalika,3,Ward - 3,1169,7316,3669,3647,55002
5,55,4,Bijayanagar Gaunpalika,4,Ward - 4,1070,5817,2783,3034,55002
5,55,4,Bijayanagar Gaunpalika,5,Ward - 5,833,5694,2835,2859,55002
5,55,4,Bijayanagar Gaunpalika,6,Ward - 6,853,5134,2623,2511,55002
5,55,4,Bijayanagar Gaunpalika,7,Ward - 7,1076,7215,3545,3670,55002
5,55,5,Krishnanagar Municipality,1,Ward - 1,1224,7537,3832,3705,55005
5,55,5,Krishnanagar Municipality,2,Ward - 2,1049,6001,3041,2960,55005
5,55,5,Krishnanagar Municipality,3,Ward - 3,626,4714,2366,2348,55005
5,55,5,Krishnanagar Municipality,4,Ward - 4,670,4519,2274,2245,55005
5,55,5,Krishnanagar Municipality,5,Ward - 5,560,3581,1748,1833,55005
5,55,5,Krishnanagar Municipality,6,Ward - 6,816,5237,2431,2806,55005
5,55,5,Krishnanagar Municipality,7,Ward - 7,859,6316,3129,3187,55005
5,55,5,Krishnanagar Municipality,8,Ward - 8,1281,8276,4190,4086,55005
5,55,5,Krishnanagar Municipality,9,Ward - 9,1105,6470,3286,3184,55005
5,55,5,Krishnanagar Municipality,10,Ward - 10,797,5778,2919,2859,55005
5,55,5,Krishnanagar Municipality,11,Ward - 11,785,4943,2462,2481,55005
5,55,5,Krishnanagar Municipality,12,Ward - 12,898,6739,3443,3296,55005
5,55,6,Maharajganj Municipality,1,Ward - 1,1019,6775,3506,3269,55006
5,55,6,Maharajganj Municipality,2,Ward - 2,1066,6993,3509,3484,55006
5,55,6,Maharajganj Municipality,3,Ward - 3,771,4908,2454,2454,55006
5,55,6,Maharajganj Municipality,4,Ward - 4,586,3715,1890,1825,55006
5,55,6,Maharajganj Municipality,5,Ward - 5,763,5143,2605,2538,55006
5,55,6,Maharajganj Municipality,6,Ward - 6,976,6119,3112,3007,55006
5,55,6,Maharajganj Municipality,7,Ward - 7,880,5742,2728,3014,55006
5,55,6,Maharajganj Municipality,8,Ward - 8,863,5725,2908,2817,55006
5,55,6,Maharajganj Municipality,9,Ward - 9,1228,8386,4168,4218,55006
5,55,6,Maharajganj Municipality,10,Ward - 10,879,5643,2847,2796,55006
5,55,6,Maharajganj Municipality,11,Ward - 11,789,5496,2809,2687,55006
5,55,7,Kapilbastu Municipality,1,Ward - 1,1582,8530,4269,4261,55004
5,55,7,Kapilbastu Municipality,2,Ward - 2,1385,7854,3874,3980,55004
5,55,7,Kapilbastu Municipality,3,Ward - 3,2011,10598,5372,5226,55004
5,55,7,Kapilbastu Municipality,4,Ward - 4,1177,7742,3834,3908,55004
5,55,7,Kapilbastu Municipality,5,Ward - 5,925,5720,2820,2900,55004
5,55,7,Kapilbastu Municipality,6,Ward - 6,1707,9993,4992,5001,55004
5,55,7,Kapilbastu Municipality,7,Ward - 7,903,5520,2648,2872,55004
5,55,7,Kapilbastu Municipality,8,Ward - 8,1296,8192,4124,4068,55004
5,55,7,Kapilbastu Municipality,9,Ward - 9,1278,6286,3035,3251,55004
5,55,7,Kapilbastu Municipality,10,Ward - 10,1166,6233,3084,3149,55004
5,55,7,Kapilbastu Municipality,11,Ward - 11,1181,7434,3536,3898,55004
5,55,7,Kapilbastu Municipality,12,Ward - 12,771,4772,2410,2362,55004
5,55,8,Yasodhara Gaunpalika,1,Ward - 1,867,5535,2697,2838,55010
5,55,8,Yasodhara Gaunpalika,2,Ward - 2,798,5123,2464,2659,55010
5,55,8,Yasodhara Gaunpalika,3,Ward - 3,563,3955,1984,1971,55010
5,55,8,Yasodhara Gaunpalika,4,Ward - 4,781,4855,2314,2541,55010
5,55,8,Yasodhara Gaunpalika,5,Ward - 5,1008,6544,3102,3442,55010
5,55,8,Yasodhara Gaunpalika,6,Ward - 6,940,5943,2934,3009,55010
5,55,8,Yasodhara Gaunpalika,7,Ward - 7,1041,6662,3270,3392,55010
5,55,8,Yasodhara Gaunpalika,8,Ward - 8,1001,6283,3045,3238,55010
5,55,9,Mayadevi Gaunpalika,1,Ward - 1,1420,9462,4692,4770,55007
5,55,9,Mayadevi Gaunpalika,2,Ward - 2,1125,8134,3864,4270,55007
5,55,9,Mayadevi Gaunpalika,3,Ward - 3,1208,8172,4033,4139,55007
5,55,9,Mayadevi Gaunpalika,4,Ward - 4,775,5368,2496,2872,55007
5,55,9,Mayadevi Gaunpalika,5,Ward - 5,1028,6181,2882,3299,55007
5,55,9,Mayadevi Gaunpalika,6,Ward - 6,852,5805,2901,2904,55007
5,55,9,Mayadevi Gaunpalika,7,Ward - 7,910,5824,2886,2938,55007
5,55,9,Mayadevi Gaunpalika,8,Ward - 8,1125,7026,3370,3656,55007
5,55,10,Shuddhodhan Gaunpalika,1,Ward - 1,1771,10027,4898,5129,55009
5,55,10,Shuddhodhan Gaunpalika,2,Ward - 2,1364,8376,4090,4286,55009
5,55,10,Shuddhodhan Gaunpalika,3,Ward - 3,1464,8860,4470,4390,55009
5,55,10,Shuddhodhan Gaunpalika,4,Ward - 4,827,5281,2597,2684,55009
5,55,10,Shuddhodhan Gaunpalika,5,Ward - 5,1468,9391,4538,4853,55009
5,55,10,Shuddhodhan Gaunpalika,6,Ward - 6,1649,10926,5368,5558,55009
5,56,1,Bangalachuli Gaunpalika,1,Ward - 1,510,1945,805,1140,55602
5,56,1,Bangalachuli Gaunpalika,2,Ward - 2,456,1999,914,1085,55602
5,56,1,Bangalachuli Gaunpalika,3,Ward - 3,797,3152,1287,1865,55602
5,56,1,Bangalachuli Gaunpalika,4,Ward - 4,720,3036,1356,1680,55602
5,56,1,Bangalachuli Gaunpalika,5,Ward - 5,620,2832,1281,1551,55602
5,56,1,Bangalachuli Gaunpalika,6,Ward - 6,600,2556,1061,1495,55602
5,56,1,Bangalachuli Gaunpalika,7,Ward - 7,747,3544,1625,1919,55602
5,56,1,Bangalachuli Gaunpalika,8,Ward - 8,689,3309,1503,1806,55602
5,56,2,Ghorahi Sub-Metropolitian City,1,Ward - 1,1253,4987,2088,2899,55605
5,56,2,Ghorahi Sub-Metropolitian City,2,Ward - 2,1923,8033,3665,4368,55605
5,56,2,Ghorahi Sub-Metropolitian City,3,Ward - 3,2188,9090,4140,4950,55605
5,56,2,Ghorahi Sub-Metropolitian City,4,Ward - 4,2177,8744,3997,4747,55605
5,56,2,Ghorahi Sub-Metropolitian City,5,Ward - 5,1959,7626,3483,4143,55605
5,56,2,Ghorahi Sub-Metropolitian City,6,Ward - 6,1338,6093,2881,3212,55605
5,56,2,Ghorahi Sub-Metropolitian City,7,Ward - 7,1893,7913,3710,4203,55605
5,56,2,Ghorahi Sub-Metropolitian City,8,Ward - 8,1793,7473,3405,4068,55605
5,56,2,Ghorahi Sub-Metropolitian City,9,Ward - 9,2013,8336,3910,4426,55605
5,56,2,Ghorahi Sub-Metropolitian City,10,Ward - 10,3902,15296,7147,8149,55605
5,56,2,Ghorahi Sub-Metropolitian City,11,Ward - 11,2155,9020,4257,4763,55605
5,56,2,Ghorahi Sub-Metropolitian City,12,Ward - 12,2718,11535,5314,6221,55605
5,56,2,Ghorahi Sub-Metropolitian City,13,Ward - 13,3197,12878,5991,6887,55605
5,56,2,Ghorahi Sub-Metropolitian City,14,Ward - 14,2869,12004,5831,6173,55605
5,56,2,Ghorahi Sub-Metropolitian City,15,Ward - 15,8147,29044,14024,15020,55605
5,56,2,Ghorahi Sub-Metropolitian City,16,Ward - 16,2420,9758,4655,5103,55605
5,56,2,Ghorahi Sub-Metropolitian City,17,Ward - 17,3413,13825,6522,7303,55605
5,56,2,Ghorahi Sub-Metropolitian City,18,Ward - 18,3115,12966,6029,6937,55605
5,56,2,Ghorahi Sub-Metropolitian City,19,Ward - 19,1288,5909,2757,3152,55605
5,56,3,Tulsipur Sub-Metropolitian City,1,Ward - 1,1232,4660,2134,2526,55610
5,56,3,Tulsipur Sub-Metropolitian City,2,Ward - 2,1182,4877,2355,2522,55610
5,56,3,Tulsipur Sub-Metropolitian City,3,Ward - 3,2003,8025,3829,4196,55610
5,56,3,Tulsipur Sub-Metropolitian City,4,Ward - 4,2338,9260,4340,4920,55610
5,56,3,Tulsipur Sub-Metropolitian City,5,Ward - 5,3608,13647,6540,7107,55610
5,56,3,Tulsipur Sub-Metropolitian City,6,Ward - 6,6073,21656,10255,11401,55610
5,56,3,Tulsipur Sub-Metropolitian City,7,Ward - 7,3526,13868,6462,7406,55610
5,56,3,Tulsipur Sub-Metropolitian City,8,Ward - 8,2208,8795,4219,4576,55610
5,56,3,Tulsipur Sub-Metropolitian City,9,Ward - 9,3773,13464,6351,7113,55610
5,56,3,Tulsipur Sub-Metropolitian City,10,Ward - 10,1600,6587,3110,3477,55610
5,56,3,Tulsipur Sub-Metropolitian City,11,Ward - 11,2150,8909,4196,4713,55610
5,56,3,Tulsipur Sub-Metropolitian City,12,Ward - 12,2673,10897,5188,5709,55610
5,56,3,Tulsipur Sub-Metropolitian City,13,Ward - 13,1480,5908,2733,3175,55610
5,56,3,Tulsipur Sub-Metropolitian City,14,Ward - 14,1627,6415,2982,3433,55610
5,56,3,Tulsipur Sub-Metropolitian City,15,Ward - 15,1928,7850,3609,4241,55610
5,56,3,Tulsipur Sub-Metropolitian City,16,Ward - 16,1907,7929,3770,4159,55610
5,56,3,Tulsipur Sub-Metropolitian City,17,Ward - 17,2292,9312,4387,4925,55610
5,56,3,Tulsipur Sub-Metropolitian City,18,Ward - 18,2384,9462,4493,4969,55610
5,56,3,Tulsipur Sub-Metropolitian City,19,Ward - 19,2034,8234,3811,4423,55610
5,56,4,Shantinagar Gaunpalika,1,Ward - 1,783,3302,1564,1738,55609
5,56,4,Shantinagar Gaunpalika,2,Ward - 2,1175,4727,2228,2499,55609
5,56,4,Shantinagar Gaunpalika,3,Ward - 3,1251,4726,2193,2533,55609
5,56,4,Shantinagar Gaunpalika,4,Ward - 4,1049,4033,1828,2205,55609
5,56,4,Shantinagar Gaunpalika,5,Ward - 5,781,3171,1452,1719,55609
5,56,4,Shantinagar Gaunpalika,6,Ward - 6,845,3432,1587,1845,55609
5,56,4,Shantinagar Gaunpalika,7,Ward - 7,1035,4250,1949,2301,55609
5,56,5,Babai Gaunpalika,1,Ward - 1,873,3888,1833,2055,55601
5,56,5,Babai Gaunpalika,2,Ward - 2,892,3927,1847,2080,55601
5,56,5,Babai Gaunpalika,3,Ward - 3,777,3133,1466,1667,55601
5,56,5,Babai Gaunpalika,4,Ward - 4,1370,5382,2510,2872,55601
5,56,5,Babai Gaunpalika,5,Ward - 5,1481,6214,2910,3304,55601
5,56,5,Babai Gaunpalika,6,Ward - 6,1156,4540,2104,2436,55601
5,56,5,Babai Gaunpalika,7,Ward - 7,978,3884,1776,2108,55601
5,56,6,Dangisharan Gaunpalika,1,Ward - 1,593,2246,1022,1224,55603
5,56,6,Dangisharan Gaunpalika,2,Ward - 2,739,2979,1388,1591,55603
5,56,6,Dangisharan Gaunpalika,3,Ward - 3,888,3506,1629,1877,55603
5,56,6,Dangisharan Gaunpalika,4,Ward - 4,684,2946,1419,1527,55603
5,56,6,Dangisharan Gaunpalika,5,Ward - 5,919,3724,1759,1965,55603
5,56,6,Dangisharan Gaunpalika,6,Ward - 6,1049,4374,2131,2243,55603
5,56,6,Dangisharan Gaunpalika,7,Ward - 7,953,3893,1849,2044,55603
5,56,7,Lamahi Municipality,1,Ward - 1,1402,5952,2824,3128,55606
5,56,7,Lamahi Municipality,2,Ward - 2,1383,6758,3310,3448,55606
5,56,7,Lamahi Municipality,3,Ward - 3,1708,7651,3667,3984,55606
5,56,7,Lamahi Municipality,4,Ward - 4,1456,6632,3224,3408,55606
5,56,7,Lamahi Municipality,5,Ward - 5,2422,9681,4672,5009,55606
5,56,7,Lamahi Municipality,6,Ward - 6,1847,7440,3509,3931,55606
5,56,7,Lamahi Municipality,7,Ward - 7,1243,5595,2734,2861,55606
5,56,7,Lamahi Municipality,8,Ward - 8,1139,5585,2745,2840,55606
5,56,7,Lamahi Municipality,9,Ward - 9,858,3756,1816,1940,55606
5,56,8,Rapti Gaunpalika,1,Ward - 1,1799,7637,3622,4015,55608
5,56,8,Rapti Gaunpalika,2,Ward - 2,1744,7238,3463,3775,55608
5,56,8,Rapti Gaunpalika,3,Ward - 3,1561,6839,3328,3511,55608
5,56,8,Rapti Gaunpalika,4,Ward - 4,1630,6824,3137,3687,55608
5,56,8,Rapti Gaunpalika,5,Ward - 5,1363,6242,3047,3195,55608
5,56,8,Rapti Gaunpalika,6,Ward - 6,1000,4480,2093,2387,55608
5,56,8,Rapti Gaunpalika,7,Ward - 7,1090,5134,2458,2676,55608
5,56,8,Rapti Gaunpalika,8,Ward - 8,1255,5684,2663,3021,55608
5,56,8,Rapti Gaunpalika,9,Ward - 9,384,2045,1006,1039,55608
5,56,9,Gadhawa Gaunpalika,1,Ward - 1,1688,7561,3619,3942,55604
5,56,9,Gadhawa Gaunpalika,2,Ward - 2,1169,5596,2754,2842,55604
5,56,9,Gadhawa Gaunpalika,3,Ward - 3,1135,5049,2439,2610,55604
5,56,9,Gadhawa Gaunpalika,4,Ward - 4,1265,5983,2971,3012,55604
5,56,9,Gadhawa Gaunpalika,5,Ward - 5,1482,6901,3374,3527,55604
5,56,9,Gadhawa Gaunpalika,6,Ward - 6,1714,7847,3819,4028,55604
5,56,9,Gadhawa Gaunpalika,7,Ward - 7,1320,6111,2925,3186,55604
5,56,9,Gadhawa Gaunpalika,8,Ward - 8,191,850,407,443,55604
5,56,10,Rajpur Gaunpalika,1,Ward - 1,1024,4932,2425,2507,55607
5,56,10,Rajpur Gaunpalika,2,Ward - 2,1051,4678,2265,2413,55607
5,56,10,Rajpur Gaunpalika,3,Ward - 3,631,3821,1978,1843,55607
5,56,10,Rajpur Gaunpalika,4,Ward - 4,625,3351,1689,1662,55607
5,56,10,Rajpur Gaunpalika,5,Ward - 5,702,3546,1760,1786,55607
5,56,10,Rajpur Gaunpalika,6,Ward - 6,665,2976,1423,1553,55607
5,56,10,Rajpur Gaunpalika,7,Ward - 7,1131,5042,2518,2524,55607
5,57,1,Rapti Sonari Gaunpalika,1,Ward - 1,1351,5507,2625,2882,55708
5,57,1,Rapti Sonari Gaunpalika,2,Ward - 2,2204,9045,4164,4881,55708
5,57,1,Rapti Sonari Gaunpalika,3,Ward - 3,1146,5782,2750,3032,55708
5,57,1,Rapti Sonari Gaunpalika,4,Ward - 4,1784,7616,3485,4131,55708
5,57,1,Rapti Sonari Gaunpalika,5,Ward - 5,1788,7970,3707,4263,55708
5,57,1,Rapti Sonari Gaunpalika,6,Ward - 6,1746,8349,3932,4417,55708
5,57,1,Rapti Sonari Gaunpalika,7,Ward - 7,2188,11143,5509,5634,55708
5,57,1,Rapti Sonari Gaunpalika,8,Ward - 8,1391,5449,2490,2959,55708
5,57,1,Rapti Sonari Gaunpalika,9,Ward - 9,1348,5584,2665,2919,55708
5,57,2,Kohalpur Municipality,1,Ward - 1,951,4029,1856,2173,55705
5,57,2,Kohalpur Municipality,2,Ward - 2,3665,14752,6925,7827,55705
5,57,2,Kohalpur Municipality,3,Ward - 3,1740,7322,3490,3832,55705
5,57,2,Kohalpur Municipality,4,Ward - 4,719,3632,1839,1793,55705
5,57,2,Kohalpur Municipality,5,Ward - 5,1717,6647,3114,3533,55705
5,57,2,Kohalpur Municipality,6,Ward - 6,1440,5731,2719,3012,55705
5,57,2,Kohalpur Municipality,7,Ward - 7,604,2811,1348,1463,55705
5,57,2,Kohalpur Municipality,8,Ward - 8,1243,5206,2454,2752,55705
5,57,2,Kohalpur Municipality,9,Ward - 9,814,3815,1911,1904,55705
5,57,2,Kohalpur Municipality,10,Ward - 10,2205,8734,4239,4495,55705
5,57,2,Kohalpur Municipality,11,Ward - 11,3420,13748,6724,7024,55705
5,57,2,Kohalpur Municipality,12,Ward - 12,2182,9249,4462,4787,55705
5,57,2,Kohalpur Municipality,13,Ward - 13,1181,5398,2668,2730,55705
5,57,2,Kohalpur Municipality,14,Ward - 14,1233,5569,2727,2842,55705
5,57,2,Kohalpur Municipality,15,Ward - 15,1069,5024,2492,2532,55705
5,57,3,Baijanath Gaunpalika,1,Ward - 1,2031,9008,4198,4810,55701
5,57,3,Baijanath Gaunpalika,2,Ward - 2,2272,9140,4059,5081,55701
5,57,3,Baijanath Gaunpalika,3,Ward - 3,2101,8747,4045,4702,55701
5,57,3,Baijanath Gaunpalika,4,Ward - 4,2141,9033,4266,4767,55701
5,57,3,Baijanath Gaunpalika,5,Ward - 5,2469,10945,5069,5876,55701
5,57,3,Baijanath Gaunpalika,6,Ward - 6,2317,9225,4174,5051,55701
5,57,3,Baijanath Gaunpalika,7,Ward - 7,745,3208,1563,1645,55701
5,57,3,Baijanath Gaunpalika,8,Ward - 8,2393,10166,4699,5467,55701
5,57,4,Khajura Gaunpalika,1,Ward - 1,915,3770,1667,2103,55704
5,57,4,Khajura Gaunpalika,2,Ward - 2,2467,10124,4575,5549,55704
5,57,4,Khajura Gaunpalika,3,Ward - 3,1952,8133,3725,4408,55704
5,57,4,Khajura Gaunpalika,4,Ward - 4,1711,7064,3146,3918,55704
5,57,4,Khajura Gaunpalika,5,Ward - 5,1402,7298,3615,3683,55704
5,57,4,Khajura Gaunpalika,6,Ward - 6,1690,7901,3773,4128,55704
5,57,4,Khajura Gaunpalika,7,Ward - 7,1974,10436,5165,5271,55704
5,57,4,Khajura Gaunpalika,8,Ward - 8,1595,8063,3913,4150,55704
5,57,5,Janaki Gaunpalika,1,Ward - 1,1299,7676,3845,3831,55703
5,57,5,Janaki Gaunpalika,2,Ward - 2,1141,6044,3024,3020,55703
5,57,5,Janaki Gaunpalika,3,Ward - 3,2633,12623,6429,6194,55703
5,57,5,Janaki Gaunpalika,4,Ward - 4,1356,6399,3210,3189,55703
5,57,5,Janaki Gaunpalika,5,Ward - 5,1148,6221,3153,3068,55703
5,57,5,Janaki Gaunpalika,6,Ward - 6,1249,7178,3645,3533,55703
5,57,6,Nepalganj Sub-Metropolitian City,1,Ward - 1,2167,8990,4436,4554,55707
5,57,6,Nepalganj Sub-Metropolitian City,2,Ward - 2,1363,6244,3171,3073,55707
5,57,6,Nepalganj Sub-Metropolitian City,3,Ward - 3,556,3313,1700,1613,55707
5,57,6,Nepalganj Sub-Metropolitian City,4,Ward - 4,2918,12738,6320,6418,55707
5,57,6,Nepalganj Sub-Metropolitian City,5,Ward - 5,1137,5872,2996,2876,55707
5,57,6,Nepalganj Sub-Metropolitian City,6,Ward - 6,1411,6366,3226,3140,55707
5,57,6,Nepalganj Sub-Metropolitian City,7,Ward - 7,682,3415,1750,1665,55707
5,57,6,Nepalganj Sub-Metropolitian City,8,Ward - 8,852,4617,2376,2241,55707
5,57,6,Nepalganj Sub-Metropolitian City,9,Ward - 9,1425,5534,2776,2758,55707
5,57,6,Nepalganj Sub-Metropolitian City,10,Ward - 10,2663,9455,4684,4771,55707
5,57,6,Nepalganj Sub-Metropolitian City,11,Ward - 11,1001,5522,2844,2678,55707
5,57,6,Nepalganj Sub-Metropolitian City,12,Ward - 12,1738,7244,3590,3654,55707
5,57,6,Nepalganj Sub-Metropolitian City,13,Ward - 13,1466,6999,3597,3402,55707
5,57,6,Nepalganj Sub-Metropolitian City,14,Ward - 14,1056,6352,3296,3056,55707
5,57,6,Nepalganj Sub-Metropolitian City,15,Ward - 15,1145,6489,3313,3176,55707
5,57,6,Nepalganj Sub-Metropolitian City,16,Ward - 16,1100,7672,3999,3673,55707
5,57,6,Nepalganj Sub-Metropolitian City,17,Ward - 17,1220,6274,3171,3103,55707
5,57,6,Nepalganj Sub-Metropolitian City,18,Ward - 18,2702,12047,6034,6013,55707
5,57,6,Nepalganj Sub-Metropolitian City,19,Ward - 19,1711,8537,4171,4366,55707
5,57,6,Nepalganj Sub-Metropolitian City,20,Ward - 20,3298,14767,7282,7485,55707
5,57,6,Nepalganj Sub-Metropolitian City,21,Ward - 21,1553,8217,4118,4099,55707
5,57,6,Nepalganj Sub-Metropolitian City,22,Ward - 22,1066,5934,2991,2943,55707
5,57,6,Nepalganj Sub-Metropolitian City,23,Ward - 23,335,1846,914,932,55707
5,57,7,Duduwa Gaunpalika,1,Ward - 1,1065,5872,2989,2883,55702
5,57,7,Duduwa Gaunpalika,2,Ward - 2,1588,9226,4722,4504,55702
5,57,7,Duduwa Gaunpalika,3,Ward - 3,1368,7638,3920,3718,55702
5,57,7,Duduwa Gaunpalika,4,Ward - 4,952,5261,2701,2560,55702
5,57,7,Duduwa Gaunpalika,5,Ward - 5,1569,6680,3074,3606,55702
5,57,7,Duduwa Gaunpalika,6,Ward - 6,1509,8458,4426,4032,55702
5,57,8,Narainapur Gaunpalika,1,Ward - 1,1369,7111,3630,3481,55706
5,57,8,Narainapur Gaunpalika,2,Ward - 2,1390,7033,3424,3609,55706
5,57,8,Narainapur Gaunpalika,3,Ward - 3,1028,5697,2927,2770,55706
5,57,8,Narainapur Gaunpalika,4,Ward - 4,1255,6327,3219,3108,55706
5,57,8,Narainapur Gaunpalika,5,Ward - 5,1805,9289,4679,4610,55706
5,57,8,Narainapur Gaunpalika,6,Ward - 6,1641,7749,3853,3896,55706
5,58,1,Bansgadhi Municipality,1,Ward - 1,625,2343,1075,1268,55802
5,58,1,Bansgadhi Municipality,2,Ward - 2,1613,6470,2919,3551,55802
5,58,1,Bansgadhi Municipality,3,Ward - 3,2156,9174,4381,4793,55802
5,58,1,Bansgadhi Municipality,4,Ward - 4,2185,9064,4125,4939,55802
5,58,1,Bansgadhi Municipality,5,Ward - 5,1874,7809,3656,4153,55802
5,58,1,Bansgadhi Municipality,6,Ward - 6,1693,7308,3329,3979,55802
5,58,1,Bansgadhi Municipality,7,Ward - 7,1015,4636,2192,2444,55802
5,58,1,Bansgadhi Municipality,8,Ward - 8,1943,7771,3569,4202,55802
5,58,1,Bansgadhi Municipality,9,Ward - 9,1987,8677,4061,4616,55802
5,58,2,Barbardiya Municipality,1,Ward - 1,1532,6171,2849,3322,55803
5,58,2,Barbardiya Municipality,2,Ward - 2,1231,5577,2660,2917,55803
5,58,2,Barbardiya Municipality,3,Ward - 3,1570,7107,3416,3691,55803
5,58,2,Barbardiya Municipality,4,Ward - 4,1468,6903,3335,3568,55803
5,58,2,Barbardiya Municipality,5,Ward - 5,1316,5754,2721,3033,55803
5,58,2,Barbardiya Municipality,6,Ward - 6,1594,6460,3003,3457,55803
5,58,2,Barbardiya Municipality,7,Ward - 7,1666,6513,2871,3642,55803
5,58,2,Barbardiya Municipality,8,Ward - 8,1569,6303,2826,3477,55803
5,58,2,Barbardiya Municipality,9,Ward - 9,1774,7667,3594,4073,55803
5,58,2,Barbardiya Municipality,10,Ward - 10,1905,8062,3899,4163,55803
5,58,2,Barbardiya Municipality,11,Ward - 11,1272,6016,2952,3064,55803
5,58,3,Thakurbaba Municipality,1,Ward - 1,1599,6701,3168,3533,55808
5,58,3,Thakurbaba Municipality,2,Ward - 2,1635,7355,3489,3866,55808
5,58,3,Thakurbaba Municipality,3,Ward - 3,1655,7006,3220,3786,55808
5,58,3,Thakurbaba Municipality,4,Ward - 4,1211,5272,2407,2865,55808
5,58,3,Thakurbaba Municipality,5,Ward - 5,1353,5857,2670,3187,55808
5,58,3,Thakurbaba Municipality,6,Ward - 6,880,3607,1622,1985,55808
5,58,3,Thakurbaba Municipality,7,Ward - 7,865,4025,1911,2114,55808
5,58,3,Thakurbaba Municipality,8,Ward - 8,959,4114,1869,2245,55808
5,58,3,Thakurbaba Municipality,9,Ward - 9,1312,5483,2514,2969,55808
5,58,4,Geruwa Gaunpalika,1,Ward - 1,1161,5491,2640,2851,55804
5,58,4,Geruwa Gaunpalika,2,Ward - 2,1041,4427,1930,2497,55804
5,58,4,Geruwa Gaunpalika,3,Ward - 3,1114,4906,2308,2598,55804
5,58,4,Geruwa Gaunpalika,4,Ward - 4,1525,6340,2874,3466,55804
5,58,4,Geruwa Gaunpalika,5,Ward - 5,1504,6433,2897,3536,55804
5,58,4,Geruwa Gaunpalika,6,Ward - 6,1417,5917,2714,3203,55804
5,58,5,Rajapur Municipality,1,Ward - 1,1378,6037,2848,3189,55807
5,58,5,Rajapur Municipality,2,Ward - 2,1341,5807,2716,3091,55807
5,58,5,Rajapur Municipality,3,Ward - 3,1348,5923,2658,3265,55807
5,58,5,Rajapur Municipality,4,Ward - 4,1926,7886,3773,4113,55807
5,58,5,Rajapur Municipality,5,Ward - 5,1481,6298,2877,3421,55807
5,58,5,Rajapur Municipality,6,Ward - 6,1408,6572,3244,3328,55807
5,58,5,Rajapur Municipality,7,Ward - 7,908,4068,1874,2194,55807
5,58,5,Rajapur Municipality,8,Ward - 8,1181,5639,2615,3024,55807
5,58,5,Rajapur Municipality,9,Ward - 9,1098,5371,2599,2772,55807
5,58,5,Rajapur Municipality,10,Ward - 10,1590,7230,3403,3827,55807
5,58,6,Madhuwan Municipality,1,Ward - 1,1272,5666,2708,2958,55806
5,58,6,Madhuwan Municipality,2,Ward - 2,1117,5308,2609,2699,55806
5,58,6,Madhuwan Municipality,3,Ward - 3,1049,4357,1986,2371,55806
5,58,6,Madhuwan Municipality,4,Ward - 4,1565,6549,3109,3440,55806
5,58,6,Madhuwan Municipality,5,Ward - 5,1562,5909,2562,3347,55806
5,58,6,Madhuwan Municipality,6,Ward - 6,1428,5387,2426,2961,55806
5,58,6,Madhuwan Municipality,7,Ward - 7,1577,6108,2714,3394,55806
5,58,6,Madhuwan Municipality,8,Ward - 8,1438,5562,2552,3010,55806
5,58,6,Madhuwan Municipality,9,Ward - 9,1436,5893,2644,3249,55806
5,58,7,Gulariya Municipality,1,Ward - 1,1416,6585,3165,3420,55805
5,58,7,Gulariya Municipality,2,Ward - 2,1253,5778,2865,2913,55805
5,58,7,Gulariya Municipality,3,Ward - 3,1091,5468,2704,2764,55805
5,58,7,Gulariya Municipality,4,Ward - 4,2071,8616,4092,4524,55805
5,58,7,Gulariya Municipality,5,Ward - 5,1239,4778,2237,2541,55805
5,58,7,Gulariya Municipality,6,Ward - 6,1161,4900,2414,2486,55805
5,58,7,Gulariya Municipality,7,Ward - 7,1118,5267,2700,2567,55805
5,58,7,Gulariya Municipality,8,Ward - 8,1415,6722,3400,3322,55805
5,58,7,Gulariya Municipality,9,Ward - 9,1405,6896,3484,3412,55805
5,58,7,Gulariya Municipality,10,Ward - 10,1430,7204,3628,3576,55805
5,58,7,Gulariya Municipality,11,Ward - 11,1287,6656,3360,3296,55805
5,58,7,Gulariya Municipality,12,Ward - 12,1116,5635,2678,2957,55805
5,58,8,Badhaiyatal Gaunpalika,1,Ward - 1,1514,5600,2356,3244,55801
5,58,8,Badhaiyatal Gaunpalika,2,Ward - 2,1620,6588,2990,3598,55801
5,58,8,Badhaiyatal Gaunpalika,3,Ward - 3,1608,6969,3289,3680,55801
5,58,8,Badhaiyatal Gaunpalika,4,Ward - 4,1403,5834,2706,3128,55801
5,58,8,Badhaiyatal Gaunpalika,5,Ward - 5,1132,5089,2443,2646,55801
5,58,8,Badhaiyatal Gaunpalika,6,Ward - 6,1411,5744,2703,3041,55801
5,58,8,Badhaiyatal Gaunpalika,7,Ward - 7,1335,5730,2709,3021,55801
5,58,8,Badhaiyatal Gaunpalika,8,Ward - 8,1535,6141,2827,3314,55801
5,58,8,Badhaiyatal Gaunpalika,9,Ward - 9,1403,5123,2361,2762,55801
6,59,1,Dolpo Buddha Gaunpalika,1,Ward - 1,102,524,236,288,66202
6,59,1,Dolpo Buddha Gaunpalika,2,Ward - 2,31,102,41,61,66202
6,59,1,Dolpo Buddha Gaunpalika,3,Ward - 3,118,408,186,222,66202
6,59,1,Dolpo Buddha Gaunpalika,4,Ward - 4,67,301,146,155,66202
6,59,1,Dolpo Buddha Gaunpalika,5,Ward - 5,98,509,244,265,66202
6,59,1,Dolpo Buddha Gaunpalika,6,Ward - 6,127,576,295,281,66202
6,59,2,Shey Phoksundo Gaunpalika,1,Ward - 1,186,818,395,423,66206
6,59,2,Shey Phoksundo Gaunpalika,2,Ward - 2,144,616,306,310,66206
6,59,2,Shey Phoksundo Gaunpalika,3,Ward - 3,154,505,240,265,66206
6,59,2,Shey Phoksundo Gaunpalika,4,Ward - 4,151,660,325,335,66206
6,59,2,Shey Phoksundo Gaunpalika,5,Ward - 5,48,197,87,110,66206
6,59,2,Shey Phoksundo Gaunpalika,6,Ward - 6,13,72,38,34,66206
6,59,2,Shey Phoksundo Gaunpalika,7,Ward - 7,37,163,93,70,66206
6,59,2,Shey Phoksundo Gaunpalika,8,Ward - 8,85,388,193,195,66206
6,59,2,Shey Phoksundo Gaunpalika,9,Ward - 9,43,216,102,114,66206
6,59,3,Jagadulla Gaunpalika,1,Ward - 1,70,260,136,124,66203
6,59,3,Jagadulla Gaunpalika,2,Ward - 2,77,301,147,154,66203
6,59,3,Jagadulla Gaunpalika,3,Ward - 3,95,447,207,240,66203
6,59,3,Jagadulla Gaunpalika,4,Ward - 4,98,376,196,180,66203
6,59,3,Jagadulla Gaunpalika,5,Ward - 5,132,588,288,300,66203
6,59,3,Jagadulla Gaunpalika,6,Ward - 6,129,603,286,317,66203
6,59,4,Mudkechula Gaunpalika,1,Ward - 1,105,446,215,231,66205
6,59,4,Mudkechula Gaunpalika,2,Ward - 2,112,487,252,235,66205
6,59,4,Mudkechula Gaunpalika,3,Ward - 3,93,415,222,193,66205
6,59,4,Mudkechula Gaunpalika,4,Ward - 4,144,717,365,352,66205
6,59,4,Mudkechula Gaunpalika,5,Ward - 5,93,467,239,228,66205
6,59,4,Mudkechula Gaunpalika,6,Ward - 6,149,686,327,359,66205
6,59,4,Mudkechula Gaunpalika,7,Ward - 7,195,987,499,488,66205
6,59,4,Mudkechula Gaunpalika,8,Ward - 8,181,983,484,499,66205
6,59,4,Mudkechula Gaunpalika,9,Ward - 9,118,615,315,300,66205
6,59,5,Tripurasundari Municipality,1,Ward - 1,403,1739,859,880,66208
6,59,5,Tripurasundari Municipality,2,Ward - 2,342,1632,808,824,66208
6,59,5,Tripurasundari Municipality,3,Ward - 3,252,1141,577,564,66208
6,59,5,Tripurasundari Municipality,4,Ward - 4,204,998,500,498,66208
6,59,5,Tripurasundari Municipality,5,Ward - 5,139,754,385,369,66208
6,59,5,Tripurasundari Municipality,6,Ward - 6,144,720,361,359,66208
6,59,5,Tripurasundari Municipality,7,Ward - 7,303,1471,730,741,66208
6,59,5,Tripurasundari Municipality,8,Ward - 8,240,1078,539,539,66208
6,59,5,Tripurasundari Municipality,9,Ward - 9,184,788,375,413,66208
6,59,5,Tripurasundari Municipality,10,Ward - 10,190,839,416,423,66208
6,59,5,Tripurasundari Municipality,11,Ward - 11,221,1073,530,543,66208
6,59,6,Thulibheri Municipality,1,Ward - 1,90,378,194,184,66207
6,59,6,Thulibheri Municipality,2,Ward - 2,109,483,240,243,66207
6,59,6,Thulibheri Municipality,3,Ward - 3,523,1756,891,865,66207
6,59,6,Thulibheri Municipality,4,Ward - 4,107,494,258,236,66207
6,59,6,Thulibheri Municipality,5,Ward - 5,301,1400,697,703,66207
6,59,6,Thulibheri Municipality,6,Ward - 6,334,1570,770,800,66207
6,59,6,Thulibheri Municipality,7,Ward - 7,273,1112,552,560,66207
6,59,6,Thulibheri Municipality,8,Ward - 8,187,864,430,434,66207
6,59,6,Thulibheri Municipality,9,Ward - 9,142,682,328,354,66207
6,59,6,Thulibheri Municipality,10,Ward - 10,91,392,201,191,66207
6,59,6,Thulibheri Municipality,11,Ward - 11,170,730,386,344,66207
6,59,7,Kaike Gaunpalika,1,Ward - 1,115,468,216,252,66204
6,59,7,Kaike Gaunpalika,2,Ward - 2,121,568,276,292,66204
6,59,7,Kaike Gaunpalika,3,Ward - 3,150,554,252,302,66204
6,59,7,Kaike Gaunpalika,4,Ward - 4,125,607,282,325,66204
6,59,7,Kaike Gaunpalika,5,Ward - 5,201,864,397,467,66204
6,59,7,Kaike Gaunpalika,6,Ward - 6,99,453,219,234,66204
6,59,7,Kaike Gaunpalika,7,Ward - 7,105,451,210,241,66204
6,59,8,Chharka Tangsong Gaunpalika,1,Ward - 1,74,453,216,237,66201
6,59,8,Chharka Tangsong Gaunpalika,2,Ward - 2,39,194,97,97,66201
6,59,8,Chharka Tangsong Gaunpalika,3,Ward - 3,32,196,101,95,66201
6,59,8,Chharka Tangsong Gaunpalika,4,Ward - 4,68,243,122,121,66201
6,59,8,Chharka Tangsong Gaunpalika,5,Ward - 5,70,378,185,193,66201
6,59,8,Chharka Tangsong Gaunpalika,6,Ward - 6,37,208,98,110,66201
6,60,1,Mugumakarmarog Gaunpalika,1,Ward - 1,108,466,206,260,66503
6,60,1,Mugumakarmarog Gaunpalika,2,Ward - 2,235,1268,616,652,66503
6,60,1,Mugumakarmarog Gaunpalika,3,Ward - 3,38,122,62,60,66503
6,60,1,Mugumakarmarog Gaunpalika,4,Ward - 4,78,337,150,187,66503
6,60,1,Mugumakarmarog Gaunpalika,5,Ward - 5,193,784,360,424,66503
6,60,1,Mugumakarmarog Gaunpalika,6,Ward - 6,114,383,172,211,66503
6,60,1,Mugumakarmarog Gaunpalika,7,Ward - 7,200,949,442,507,66503
6,60,1,Mugumakarmarog Gaunpalika,8,Ward - 8,188,819,382,437,66503
6,60,1,Mugumakarmarog Gaunpalika,9,Ward - 9,218,1094,573,521,66503
6,60,2,Chhayanath Rara Municipality,1,Ward - 1,512,2132,1056,1076,66501
6,60,2,Chhayanath Rara Municipality,2,Ward - 2,596,2199,1172,1027,66501
6,60,2,Chhayanath Rara Municipality,3,Ward - 3,283,1515,767,748,66501
6,60,2,Chhayanath Rara Municipality,4,Ward - 4,356,1917,939,978,66501
6,60,2,Chhayanath Rara Municipality,5,Ward - 5,427,2217,1129,1088,66501
6,60,2,Chhayanath Rara Municipality,6,Ward - 6,338,1734,910,824,66501
6,60,2,Chhayanath Rara Municipality,7,Ward - 7,269,1319,667,652,66501
6,60,2,Chhayanath Rara Municipality,8,Ward - 8,215,1101,561,540,66501
6,60,2,Chhayanath Rara Municipality,9,Ward - 9,77,401,203,198,66501
6,60,2,Chhayanath Rara Municipality,10,Ward - 10,390,2204,1089,1115,66501
6,60,2,Chhayanath Rara Municipality,11,Ward - 11,216,1148,574,574,66501
6,60,2,Chhayanath Rara Municipality,12,Ward - 12,357,1827,920,907,66501
6,60,2,Chhayanath Rara Municipality,13,Ward - 13,534,2731,1355,1376,66501
6,60,2,Chhayanath Rara Municipality,14,Ward - 14,382,2082,1048,1034,66501
6,60,3,Soru Gaunpalika,1,Ward - 1,120,834,416,418,66504
6,60,3,Soru Gaunpalika,2,Ward - 2,191,1073,546,527,66504
6,60,3,Soru Gaunpalika,3,Ward - 3,273,1549,720,829,66504
6,60,3,Soru Gaunpalika,4,Ward - 4,127,777,369,408,66504
6,60,3,Soru Gaunpalika,5,Ward - 5,129,694,372,322,66504
6,60,3,Soru Gaunpalika,6,Ward - 6,406,2163,1038,1125,66504
6,60,3,Soru Gaunpalika,7,Ward - 7,305,1573,778,795,66504
6,60,3,Soru Gaunpalika,8,Ward - 8,246,1334,666,668,66504
6,60,3,Soru Gaunpalika,9,Ward - 9,312,1885,963,922,66504
6,60,3,Soru Gaunpalika,10,Ward - 10,267,1346,667,679,66504
6,60,3,Soru Gaunpalika,11,Ward - 11,205,1049,494,555,66504
6,60,4,Khatyad Gaunpalika,1,Ward - 1,165,907,480,427,66502
6,60,4,Khatyad Gaunpalika,2,Ward - 2,271,1442,721,721,66502
6,60,4,Khatyad Gaunpalika,3,Ward - 3,377,2046,1000,1046,66502
6,60,4,Khatyad Gaunpalika,4,Ward - 4,422,2299,1178,1121,66502
6,60,4,Khatyad Gaunpalika,5,Ward - 5,380,1941,991,950,66502
6,60,4,Khatyad Gaunpalika,6,Ward - 6,234,1336,670,666,66502
6,60,4,Khatyad Gaunpalika,7,Ward - 7,387,1856,936,920,66502
6,60,4,Khatyad Gaunpalika,8,Ward - 8,305,1694,841,853,66502
6,60,4,Khatyad Gaunpalika,9,Ward - 9,350,2099,1068,1031,66502
6,60,4,Khatyad Gaunpalika,10,Ward - 10,264,1376,701,675,66502
6,60,4,Khatyad Gaunpalika,11,Ward - 11,370,1836,927,909,66502
6,61,1,Chankheli Gaunpalika,1,Ward - 1,129,701,351,350,66602
6,61,1,Chankheli Gaunpalika,2,Ward - 2,330,1780,887,893,66602
6,61,1,Chankheli Gaunpalika,3,Ward - 3,246,1567,799,768,66602
6,61,1,Chankheli Gaunpalika,4,Ward - 4,171,918,472,446,66602
6,61,1,Chankheli Gaunpalika,5,Ward - 5,68,382,184,198,66602
6,61,1,Chankheli Gaunpalika,6,Ward - 6,249,1231,597,634,66602
6,61,2,Kharpunath Gaunpalika,1,Ward - 1,364,1691,822,869,66603
6,61,2,Kharpunath Gaunpalika,2,Ward - 2,217,952,472,480,66603
6,61,2,Kharpunath Gaunpalika,3,Ward - 3,238,1127,568,559,66603
6,61,2,Kharpunath Gaunpalika,4,Ward - 4,268,1234,576,658,66603
6,61,2,Kharpunath Gaunpalika,5,Ward - 5,350,1732,888,844,66603
6,61,3,Simkot Gaunpalika,1,Ward - 1,159,676,361,315,66606
6,61,3,Simkot Gaunpalika,2,Ward - 2,319,1346,665,681,66606
6,61,3,Simkot Gaunpalika,3,Ward - 3,166,622,337,285,66606
6,61,3,Simkot Gaunpalika,4,Ward - 4,120,508,274,234,66606
6,61,3,Simkot Gaunpalika,5,Ward - 5,622,2145,1104,1041,66606
6,61,3,Simkot Gaunpalika,6,Ward - 6,610,2279,1145,1134,66606
6,61,3,Simkot Gaunpalika,7,Ward - 7,443,2209,1105,1104,66606
6,61,3,Simkot Gaunpalika,8,Ward - 8,443,2150,1056,1094,66606
6,61,4,Namkha Gaunpalika,1,Ward - 1,198,962,478,484,66604
6,61,4,Namkha Gaunpalika,2,Ward - 2,132,490,242,248,66604
6,61,4,Namkha Gaunpalika,3,Ward - 3,123,538,269,269,66604
6,61,4,Namkha Gaunpalika,4,Ward - 4,100,372,170,202,66604
6,61,4,Namkha Gaunpalika,5,Ward - 5,117,415,211,204,66604
6,61,4,Namkha Gaunpalika,6,Ward - 6,179,812,380,432,66604
6,61,5,Sarkegad Gaunpalika,1,Ward - 1,426,2158,1056,1102,66605
6,61,5,Sarkegad Gaunpalika,2,Ward - 2,277,1134,553,581,66605
6,61,5,Sarkegad Gaunpalika,3,Ward - 3,227,983,511,472,66605
6,61,5,Sarkegad Gaunpalika,4,Ward - 4,251,1225,623,602,66605
6,61,5,Sarkegad Gaunpalika,5,Ward - 5,176,901,452,449,66605
6,61,5,Sarkegad Gaunpalika,6,Ward - 6,279,1366,671,695,66605
6,61,5,Sarkegad Gaunpalika,7,Ward - 7,318,1594,806,788,66605
6,61,5,Sarkegad Gaunpalika,8,Ward - 8,251,1327,691,636,66605
6,61,6,Adanchuli Gaunpalika,1,Ward - 1,186,1200,598,602,66601
6,61,6,Adanchuli Gaunpalika,2,Ward - 2,253,1489,735,754,66601
6,61,6,Adanchuli Gaunpalika,3,Ward - 3,268,1422,680,742,66601
6,61,6,Adanchuli Gaunpalika,4,Ward - 4,172,941,454,487,66601
6,61,6,Adanchuli Gaunpalika,5,Ward - 5,333,1750,834,916,66601
6,61,6,Adanchuli Gaunpalika,6,Ward - 6,268,1463,737,726,66601
6,61,7,Tanjakot Gaunpalika,1,Ward - 1,162,819,403,416,66607
6,61,7,Tanjakot Gaunpalika,2,Ward - 2,231,1157,574,583,66607
6,61,7,Tanjakot Gaunpalika,3,Ward - 3,364,1963,961,1002,66607
6,61,7,Tanjakot Gaunpalika,4,Ward - 4,227,1152,562,590,66607
6,61,7,Tanjakot Gaunpalika,5,Ward - 5,174,1001,505,496,66607
6,62,1,Patarasi Gaunpalika,1,Ward - 1,283,1567,778,789,66305
6,62,1,Patarasi Gaunpalika,2,Ward - 2,603,3283,1636,1647,66305
6,62,1,Patarasi Gaunpalika,3,Ward - 3,530,2913,1439,1474,66305
6,62,1,Patarasi Gaunpalika,4,Ward - 4,710,3447,1686,1761,66305
6,62,1,Patarasi Gaunpalika,5,Ward - 5,428,1938,920,1018,66305
6,62,1,Patarasi Gaunpalika,6,Ward - 6,294,1438,677,761,66305
6,62,1,Patarasi Gaunpalika,7,Ward - 7,494,2238,1120,1118,66305
6,62,2,Kanaka Sundari Gaunpalika,1,Ward - 1,257,1144,590,554,66304
6,62,2,Kanaka Sundari Gaunpalika,2,Ward - 2,309,1583,780,803,66304
6,62,2,Kanaka Sundari Gaunpalika,3,Ward - 3,400,2174,1103,1071,66304
6,62,2,Kanaka Sundari Gaunpalika,4,Ward - 4,331,1721,821,900,66304
6,62,2,Kanaka Sundari Gaunpalika,5,Ward - 5,295,1390,680,710,66304
6,62,2,Kanaka Sundari Gaunpalika,6,Ward - 6,347,1724,833,891,66304
6,62,2,Kanaka Sundari Gaunpalika,7,Ward - 7,384,1756,873,883,66304
6,62,2,Kanaka Sundari Gaunpalika,8,Ward - 8,431,2133,1054,1079,66304
6,62,3,Sinja Gaunpalika,1,Ward - 1,408,1997,1024,973,66306
6,62,3,Sinja Gaunpalika,2,Ward - 2,385,1953,1010,943,66306
6,62,3,Sinja Gaunpalika,3,Ward - 3,473,2463,1261,1202,66306
6,62,3,Sinja Gaunpalika,4,Ward - 4,324,1838,921,917,66306
6,62,3,Sinja Gaunpalika,5,Ward - 5,375,2179,1117,1062,66306
6,62,3,Sinja Gaunpalika,6,Ward - 6,389,2126,1080,1046,66306
6,62,4,Chandannath Municipality,1,Ward - 1,477,2052,980,1072,66301
6,62,4,Chandannath Municipality,2,Ward - 2,466,1733,846,887,66301
6,62,4,Chandannath Municipality,3,Ward - 3,432,1686,815,871,66301
6,62,4,Chandannath Municipality,4,Ward - 4,631,2474,1245,1229,66301
6,62,4,Chandannath Municipality,5,Ward - 5,558,2025,1054,971,66301
6,62,4,Chandannath Municipality,6,Ward - 6,774,2643,1363,1280,66301
6,62,4,Chandannath Municipality,7,Ward - 7,454,1776,865,911,66301
6,62,4,Chandannath Municipality,8,Ward - 8,543,2500,1233,1267,66301
6,62,4,Chandannath Municipality,9,Ward - 9,500,2060,997,1063,66301
6,62,4,Chandannath Municipality,10,Ward - 10,532,2087,1001,1086,66301
6,62,5,Guthichaur Gaunpalika,1,Ward - 1,453,2133,1036,1097,66302
6,62,5,Guthichaur Gaunpalika,2,Ward - 2,426,2108,1053,1055,66302
6,62,5,Guthichaur Gaunpalika,3,Ward - 3,357,1586,785,801,66302
6,62,5,Guthichaur Gaunpalika,4,Ward - 4,616,2627,1280,1347,66302
6,62,5,Guthichaur Gaunpalika,5,Ward - 5,592,2468,1227,1241,66302
6,62,6,Tatopani Gaunpalika,1,Ward - 1,381,1873,918,955,66307
6,62,6,Tatopani Gaunpalika,2,Ward - 2,410,1847,909,938,66307
6,62,6,Tatopani Gaunpalika,3,Ward - 3,342,1619,806,813,66307
6,62,6,Tatopani Gaunpalika,4,Ward - 4,530,2091,998,1093,66307
6,62,6,Tatopani Gaunpalika,5,Ward - 5,321,1343,669,674,66307
6,62,6,Tatopani Gaunpalika,6,Ward - 6,360,1631,776,855,66307
6,62,6,Tatopani Gaunpalika,7,Ward - 7,645,3381,1719,1662,66307
6,62,6,Tatopani Gaunpalika,8,Ward - 8,329,1790,904,886,66307
6,62,7,Tila Gaunpalika,1,Ward - 1,294,1401,666,735,66308
6,62,7,Tila Gaunpalika,2,Ward - 2,300,1549,765,784,66308
6,62,7,Tila Gaunpalika,3,Ward - 3,401,1857,904,953,66308
6,62,7,Tila Gaunpalika,4,Ward - 4,434,2140,1037,1103,66308
6,62,7,Tila Gaunpalika,5,Ward - 5,261,1346,688,658,66308
6,62,7,Tila Gaunpalika,6,Ward - 6,188,1302,656,646,66308
6,62,7,Tila Gaunpalika,7,Ward - 7,227,1334,672,662,66308
6,62,7,Tila Gaunpalika,8,Ward - 8,271,1727,872,855,66308
6,62,7,Tila Gaunpalika,9,Ward - 9,291,1883,942,941,66308
6,62,8,Hima Gaunpalika,1,Ward - 1,400,2122,1052,1070,66303
6,62,8,Hima Gaunpalika,2,Ward - 2,194,1040,505,535,66303
6,62,8,Hima Gaunpalika,3,Ward - 3,414,2205,1119,1086,66303
6,62,8,Hima Gaunpalika,4,Ward - 4,252,1411,722,689,66303
6,62,8,Hima Gaunpalika,5,Ward - 5,298,1892,980,912,66303
6,62,8,Hima Gaunpalika,6,Ward - 6,293,1640,823,817,66303
6,62,8,Hima Gaunpalika,7,Ward - 7,325,1881,953,928,66303
6,63,1,Palata Gaunpalika,1,Ward - 1,342,2116,1035,1081,66406
6,63,1,Palata Gaunpalika,2,Ward - 2,441,2656,1335,1321,66406
6,63,1,Palata Gaunpalika,3,Ward - 3,411,2444,1228,1216,66406
6,63,1,Palata Gaunpalika,4,Ward - 4,243,1476,758,718,66406
6,63,1,Palata Gaunpalika,5,Ward - 5,104,655,334,321,66406
6,63,1,Palata Gaunpalika,6,Ward - 6,371,2319,1207,1112,66406
6,63,1,Palata Gaunpalika,7,Ward - 7,323,2335,1182,1153,66406
6,63,1,Palata Gaunpalika,8,Ward - 8,232,1259,650,609,66406
6,63,1,Palata Gaunpalika,9,Ward - 9,367,2086,1079,1007,66406
6,63,2,Pachal Jharana Gaunpalika,1,Ward - 1,253,1364,690,674,66405
6,63,2,Pachal Jharana Gaunpalika,2,Ward - 2,201,1133,559,574,66405
6,63,2,Pachal Jharana Gaunpalika,3,Ward - 3,282,1673,859,814,66405
6,63,2,Pachal Jharana Gaunpalika,4,Ward - 4,207,998,523,475,66405
6,63,2,Pachal Jharana Gaunpalika,5,Ward - 5,317,1717,883,834,66405
6,63,2,Pachal Jharana Gaunpalika,6,Ward - 6,266,1720,841,879,66405
6,63,2,Pachal Jharana Gaunpalika,7,Ward - 7,345,2257,1118,1139,66405
6,63,2,Pachal Jharana Gaunpalika,8,Ward - 8,315,1665,845,820,66405
6,63,2,Pachal Jharana Gaunpalika,9,Ward - 9,212,1160,582,578,66405
6,63,3,Raskot Municipality,1,Ward - 1,376,2191,1084,1107,66407
6,63,3,Raskot Municipality,2,Ward - 2,347,1813,893,920,66407
6,63,3,Raskot Municipality,3,Ward - 3,314,1669,837,832,66407
6,63,3,Raskot Municipality,4,Ward - 4,308,1672,793,879,66407
6,63,3,Raskot Municipality,5,Ward - 5,467,2373,1157,1216,66407
6,63,3,Raskot Municipality,6,Ward - 6,364,1997,972,1025,66407
6,63,3,Raskot Municipality,7,Ward - 7,193,1086,516,570,66407
6,63,3,Raskot Municipality,8,Ward - 8,455,2395,1179,1216,66407
6,63,3,Raskot Municipality,9,Ward - 9,370,2229,1113,1116,66407
6,63,4,Sanni Tribeni Gaunpalika,1,Ward - 1,260,1539,768,771,66408
6,63,4,Sanni Tribeni Gaunpalika,2,Ward - 2,289,1751,849,902,66408
6,63,4,Sanni Tribeni Gaunpalika,3,Ward - 3,251,1410,692,718,66408
6,63,4,Sanni Tribeni Gaunpalika,4,Ward - 4,295,1494,729,765,66408
6,63,4,Sanni Tribeni Gaunpalika,5,Ward - 5,214,1194,573,621,66408
6,63,4,Sanni Tribeni Gaunpalika,6,Ward - 6,454,2457,1180,1277,66408
6,63,4,Sanni Tribeni Gaunpalika,7,Ward - 7,143,719,357,362,66408
6,63,4,Sanni Tribeni Gaunpalika,8,Ward - 8,265,1504,753,751,66408
6,63,4,Sanni Tribeni Gaunpalika,9,Ward - 9,251,1423,687,736,66408
6,63,5,Naraharinath Gaunpalika,1,Ward - 1,463,2220,1065,1155,66404
6,63,5,Naraharinath Gaunpalika,2,Ward - 2,429,2221,1094,1127,66404
6,63,5,Naraharinath Gaunpalika,3,Ward - 3,434,2322,1164,1158,66404
6,63,5,Naraharinath Gaunpalika,4,Ward - 4,573,2878,1464,1414,66404
6,63,5,Naraharinath Gaunpalika,5,Ward - 5,447,2302,1145,1157,66404
6,63,5,Naraharinath Gaunpalika,6,Ward - 6,380,2034,952,1082,66404
6,63,5,Naraharinath Gaunpalika,7,Ward - 7,401,2113,1038,1075,66404
6,63,5,Naraharinath Gaunpalika,8,Ward - 8,527,2972,1493,1479,66404
6,63,5,Naraharinath Gaunpalika,9,Ward - 9,636,3396,1643,1753,66404
6,63,6,Khandachakra Municipality,1,Ward - 1,800,3614,1879,1735,66402
6,63,6,Khandachakra Municipality,2,Ward - 2,576,3578,1829,1749,66402
6,63,6,Khandachakra Municipality,3,Ward - 3,362,1799,871,928,66402
6,63,6,Khandachakra Municipality,4,Ward - 4,289,1784,864,920,66402
6,63,6,Khandachakra Municipality,5,Ward - 5,457,2408,1197,1211,66402
6,63,6,Khandachakra Municipality,6,Ward - 6,429,2394,1193,1201,66402
6,63,6,Khandachakra Municipality,7,Ward - 7,188,1096,552,544,66402
6,63,6,Khandachakra Municipality,8,Ward - 8,292,1584,809,775,66402
6,63,6,Khandachakra Municipality,9,Ward - 9,248,1406,705,701,66402
6,63,6,Khandachakra Municipality,10,Ward - 10,237,1343,688,655,66402
6,63,6,Khandachakra Municipality,11,Ward - 11,223,1268,625,643,66402
6,63,7,Tilagupha Municipality,1,Ward - 1,393,1975,1008,967,66409
6,63,7,Tilagupha Municipality,2,Ward - 2,192,1047,529,518,66409
6,63,7,Tilagupha Municipality,3,Ward - 3,295,1330,671,659,66409
6,63,7,Tilagupha Municipality,4,Ward - 4,203,988,484,504,66409
6,63,7,Tilagupha Municipality,5,Ward - 5,167,849,409,440,66409
6,63,7,Tilagupha Municipality,6,Ward - 6,326,1534,722,812,66409
6,63,7,Tilagupha Municipality,7,Ward - 7,479,2594,1283,1311,66409
6,63,7,Tilagupha Municipality,8,Ward - 8,232,1173,597,576,66409
6,63,7,Tilagupha Municipality,9,Ward - 9,395,2035,977,1058,66409
6,63,7,Tilagupha Municipality,10,Ward - 10,204,1260,623,637,66409
6,63,7,Tilagupha Municipality,11,Ward - 11,268,1412,701,711,66409
6,63,8,Mahawai Gaunpalika,1,Ward - 1,160,829,415,414,66403
6,63,8,Mahawai Gaunpalika,2,Ward - 2,253,1287,615,672,66403
6,63,8,Mahawai Gaunpalika,3,Ward - 3,282,1450,741,709,66403
6,63,8,Mahawai Gaunpalika,4,Ward - 4,198,993,498,495,66403
6,63,8,Mahawai Gaunpalika,5,Ward - 5,295,1463,724,739,66403
6,63,8,Mahawai Gaunpalika,6,Ward - 6,240,1261,644,617,66403
6,63,8,Mahawai Gaunpalika,7,Ward - 7,187,894,412,482,66403
6,63,9,Shuva Kalika Gaunpalika,1,Ward - 1,156,840,404,436,66401
6,63,9,Shuva Kalika Gaunpalika,2,Ward - 2,415,2088,1010,1078,66401
6,63,9,Shuva Kalika Gaunpalika,3,Ward - 3,665,3303,1601,1702,66401
6,63,9,Shuva Kalika Gaunpalika,4,Ward - 4,412,2191,1076,1115,66401
6,63,9,Shuva Kalika Gaunpalika,5,Ward - 5,313,1500,718,782,66401
6,63,9,Shuva Kalika Gaunpalika,6,Ward - 6,274,1333,652,681,66401
6,63,9,Shuva Kalika Gaunpalika,7,Ward - 7,214,1016,472,544,66401
6,63,9,Shuva Kalika Gaunpalika,8,Ward - 8,313,1502,701,801,66401
6,64,1,Naumule Gaunpalika,1,Ward - 1,832,3446,1598,1848,66010
6,64,1,Naumule Gaunpalika,2,Ward - 2,672,3310,1617,1693,66010
6,64,1,Naumule Gaunpalika,3,Ward - 3,543,2681,1348,1333,66010
6,64,1,Naumule Gaunpalika,4,Ward - 4,487,2299,1148,1151,66010
6,64,1,Naumule Gaunpalika,5,Ward - 5,380,1619,764,855,66010
6,64,1,Naumule Gaunpalika,6,Ward - 6,447,2194,1057,1137,66010
6,64,1,Naumule Gaunpalika,7,Ward - 7,303,1702,841,861,66010
6,64,1,Naumule Gaunpalika,8,Ward - 8,559,2436,1118,1318,66010
6,64,2,Mahabu Gaunpalika,1,Ward - 1,784,2875,1229,1646,66008
6,64,2,Mahabu Gaunpalika,2,Ward - 2,679,2593,1110,1483,66008
6,64,2,Mahabu Gaunpalika,3,Ward - 3,806,3870,1685,2185,66008
6,64,2,Mahabu Gaunpalika,4,Ward - 4,583,2739,1339,1400,66008
6,64,2,Mahabu Gaunpalika,5,Ward - 5,515,2618,1237,1381,66008
6,64,2,Mahabu Gaunpalika,6,Ward - 6,601,3364,1662,1702,66008
6,64,3,Bhairabi Gaunpalika,1,Ward - 1,634,2955,1401,1554,66003
6,64,3,Bhairabi Gaunpalika,2,Ward - 2,517,2020,828,1192,66003
6,64,3,Bhairabi Gaunpalika,3,Ward - 3,963,3971,1677,2294,66003
6,64,3,Bhairabi Gaunpalika,4,Ward - 4,612,2725,1258,1467,66003
6,64,3,Bhairabi Gaunpalika,5,Ward - 5,564,2724,1300,1424,66003
6,64,3,Bhairabi Gaunpalika,6,Ward - 6,456,2035,953,1082,66003
6,64,3,Bhairabi Gaunpalika,7,Ward - 7,523,2337,1167,1170,66003
6,64,4,Thantikandh Gaunpalika,1,Ward - 1,735,3389,1657,1732,66011
6,64,4,Thantikandh Gaunpalika,2,Ward - 2,565,2810,1451,1359,66011
6,64,4,Thantikandh Gaunpalika,3,Ward - 3,732,3443,1675,1768,66011
6,64,4,Thantikandh Gaunpalika,4,Ward - 4,568,2877,1414,1463,66011
6,64,4,Thantikandh Gaunpalika,5,Ward - 5,554,2722,1280,1442,66011
6,64,4,Thantikandh Gaunpalika,6,Ward - 6,686,3060,1453,1607,66011
6,64,5,Aathbis Municipality,1,Ward - 1,906,4466,2168,2298,66001
6,64,5,Aathbis Municipality,2,Ward - 2,607,2979,1449,1530,66001
6,64,5,Aathbis Municipality,3,Ward - 3,682,3289,1501,1788,66001
6,64,5,Aathbis Municipality,4,Ward - 4,798,3631,1844,1787,66001
6,64,5,Aathbis Municipality,5,Ward - 5,636,3586,1797,1789,66001
6,64,5,Aathbis Municipality,6,Ward - 6,781,4199,2061,2138,66001
6,64,5,Aathbis Municipality,7,Ward - 7,620,3244,1595,1649,66001
6,64,5,Aathbis Municipality,8,Ward - 8,654,3236,1540,1696,66001
6,64,5,Aathbis Municipality,9,Ward - 9,450,2462,1295,1167,66001
6,64,6,Chamunda Bindrasaini Municipality,1,Ward - 1,526,2680,1336,1344,66004
6,64,6,Chamunda Bindrasaini Municipality,2,Ward - 2,595,2965,1455,1510,66004
6,64,6,Chamunda Bindrasaini Municipality,3,Ward - 3,481,2646,1297,1349,66004
6,64,6,Chamunda Bindrasaini Municipality,4,Ward - 4,603,3370,1734,1636,66004
6,64,6,Chamunda Bindrasaini Municipality,5,Ward - 5,649,3443,1584,1859,66004
6,64,6,Chamunda Bindrasaini Municipality,6,Ward - 6,639,3593,1812,1781,66004
6,64,6,Chamunda Bindrasaini Municipality,7,Ward - 7,594,3108,1577,1531,66004
6,64,6,Chamunda Bindrasaini Municipality,8,Ward - 8,601,2894,1379,1515,66004
6,64,6,Chamunda Bindrasaini Municipality,9,Ward - 9,425,1860,847,1013,66004
6,64,7,Dullu Municipality,1,Ward - 1,509,2360,1146,1214,66005
6,64,7,Dullu Municipality,2,Ward - 2,608,2812,1373,1439,66005
6,64,7,Dullu Municipality,3,Ward - 3,659,3291,1575,1716,66005
6,64,7,Dullu Municipality,4,Ward - 4,634,2626,1207,1419,66005
6,64,7,Dullu Municipality,5,Ward - 5,755,3463,1723,1740,66005
6,64,7,Dullu Municipality,6,Ward - 6,865,3764,1674,2090,66005
6,64,7,Dullu Municipality,7,Ward - 7,447,1690,816,874,66005
6,64,7,Dullu Municipality,8,Ward - 8,846,3677,1609,2068,66005
6,64,7,Dullu Municipality,9,Ward - 9,695,3294,1571,1723,66005
6,64,7,Dullu Municipality,10,Ward - 10,727,2741,1137,1604,66005
6,64,7,Dullu Municipality,11,Ward - 11,873,3273,1464,1809,66005
6,64,7,Dullu Municipality,12,Ward - 12,597,2617,1224,1393,66005
6,64,7,Dullu Municipality,13,Ward - 13,838,3535,1586,1949,66005
6,64,8,Narayan Municipality,1,Ward - 1,1015,3725,1872,1853,66009
6,64,8,Narayan Municipality,2,Ward - 2,503,2179,1006,1173,66009
6,64,8,Narayan Municipality,3,Ward - 3,465,1866,826,1040,66009
6,64,8,Narayan Municipality,4,Ward - 4,549,2401,1117,1284,66009
6,64,8,Narayan Municipality,5,Ward - 5,472,1872,833,1039,66009
6,64,8,Narayan Municipality,6,Ward - 6,876,3331,1576,1755,66009
6,64,8,Narayan Municipality,7,Ward - 7,584,2302,1073,1229,66009
6,64,8,Narayan Municipality,8,Ward - 8,451,1647,766,881,66009
6,64,8,Narayan Municipality,9,Ward - 9,587,2178,954,1224,66009
6,64,8,Narayan Municipality,10,Ward - 10,411,2018,984,1034,66009
6,64,8,Narayan Municipality,11,Ward - 11,591,2592,1198,1394,66009
6,64,9,Bhagawatimai Gaunpalika,1,Ward - 1,539,2515,1218,1297,66002
6,64,9,Bhagawatimai Gaunpalika,2,Ward - 2,506,2315,1115,1200,66002
6,64,9,Bhagawatimai Gaunpalika,3,Ward - 3,527,3018,1507,1511,66002
6,64,9,Bhagawatimai Gaunpalika,4,Ward - 4,519,2542,1294,1248,66002
6,64,9,Bhagawatimai Gaunpalika,5,Ward - 5,428,2142,1069,1073,66002
6,64,9,Bhagawatimai Gaunpalika,6,Ward - 6,521,3149,1574,1575,66002
6,64,9,Bhagawatimai Gaunpalika,7,Ward - 7,510,2525,1240,1285,66002
6,64,10,Dungeshwor Gaunpalika,1,Ward - 1,696,2779,1314,1465,66006
6,64,10,Dungeshwor Gaunpalika,2,Ward - 2,761,2969,1352,1617,66006
6,64,10,Dungeshwor Gaunpalika,3,Ward - 3,369,1807,922,885,66006
6,64,10,Dungeshwor Gaunpalika,4,Ward - 4,489,2216,1036,1180,66006
6,64,10,Dungeshwor Gaunpalika,5,Ward - 5,485,2016,954,1062,66006
6,64,10,Dungeshwor Gaunpalika,6,Ward - 6,599,2746,1312,1434,66006
6,64,11,Gurans Gaunpalika,1,Ward - 1,509,2131,992,1139,66007
6,64,11,Gurans Gaunpalika,2,Ward - 2,550,2733,1313,1420,66007
6,64,11,Gurans Gaunpalika,3,Ward - 3,564,2622,1266,1356,66007
6,64,11,Gurans Gaunpalika,4,Ward - 4,799,3327,1648,1679,66007
6,64,11,Gurans Gaunpalika,5,Ward - 5,732,3421,1709,1712,66007
6,64,11,Gurans Gaunpalika,6,Ward - 6,568,2793,1387,1406,66007
6,64,11,Gurans Gaunpalika,7,Ward - 7,395,1901,965,936,66007
6,64,11,Gurans Gaunpalika,8,Ward - 8,424,2261,1122,1139,66007
6,65,1,Barekot Gaunpalika,1,Ward - 1,508,2904,1463,1441,66101
6,65,1,Barekot Gaunpalika,2,Ward - 2,396,2106,1070,1036,66101
6,65,1,Barekot Gaunpalika,3,Ward - 3,370,2301,1167,1134,66101
6,65,1,Barekot Gaunpalika,4,Ward - 4,583,3268,1620,1648,66101
6,65,1,Barekot Gaunpalika,5,Ward - 5,431,2285,1108,1177,66101
6,65,1,Barekot Gaunpalika,6,Ward - 6,286,1686,818,868,66101
6,65,1,Barekot Gaunpalika,7,Ward - 7,452,2651,1357,1294,66101
6,65,1,Barekot Gaunpalika,8,Ward - 8,508,2719,1336,1383,66101
6,65,1,Barekot Gaunpalika,9,Ward - 9,353,2085,1096,989,66101
6,65,2,Kuse Gaunpalika,1,Ward - 1,345,1881,957,924,66105
6,65,2,Kuse Gaunpalika,2,Ward - 2,532,2923,1455,1468,66105
6,65,2,Kuse Gaunpalika,3,Ward - 3,403,2055,1010,1045,66105
6,65,2,Kuse Gaunpalika,4,Ward - 4,369,1827,911,916,66105
6,65,2,Kuse Gaunpalika,5,Ward - 5,803,3973,2006,1967,66105
6,65,2,Kuse Gaunpalika,6,Ward - 6,477,2557,1293,1264,66105
6,65,2,Kuse Gaunpalika,7,Ward - 7,457,2424,1186,1238,66105
6,65,2,Kuse Gaunpalika,8,Ward - 8,576,3072,1519,1553,66105
6,65,2,Kuse Gaunpalika,9,Ward - 9,439,2346,1166,1180,66105
6,65,3,Junichande Gaunpalika,1,Ward - 1,429,2368,1148,1220,66104
6,65,3,Junichande Gaunpalika,2,Ward - 2,473,2491,1227,1264,66104
6,65,3,Junichande Gaunpalika,3,Ward - 3,331,1601,778,823,66104
6,65,3,Junichande Gaunpalika,4,Ward - 4,311,1689,847,842,66104
6,65,3,Junichande Gaunpalika,5,Ward - 5,562,3194,1576,1618,66104
6,65,3,Junichande Gaunpalika,6,Ward - 6,531,2862,1430,1432,66104
6,65,3,Junichande Gaunpalika,7,Ward - 7,175,1023,532,491,66104
6,65,3,Junichande Gaunpalika,8,Ward - 8,335,1958,959,999,66104
6,65,3,Junichande Gaunpalika,9,Ward - 9,472,2720,1375,1345,66104
6,65,3,Junichande Gaunpalika,10,Ward - 10,268,1583,813,770,66104
6,65,3,Junichande Gaunpalika,11,Ward - 11,409,2282,1150,1132,66104
6,65,4,Chhedagad Municipality,1,Ward - 1,644,3439,1678,1761,66103
6,65,4,Chhedagad Municipality,2,Ward - 2,560,3145,1550,1595,66103
6,65,4,Chhedagad Municipality,3,Ward - 3,607,3328,1640,1688,66103
6,65,4,Chhedagad Municipality,4,Ward - 4,417,2229,1134,1095,66103
6,65,4,Chhedagad Municipality,5,Ward - 5,583,2979,1523,1456,66103
6,65,4,Chhedagad Municipality,6,Ward - 6,585,2947,1409,1538,66103
6,65,4,Chhedagad Municipality,7,Ward - 7,168,930,458,472,66103
6,65,4,Chhedagad Municipality,8,Ward - 8,582,3214,1553,1661,66103
6,65,4,Chhedagad Municipality,9,Ward - 9,436,2360,1153,1207,66103
6,65,4,Chhedagad Municipality,10,Ward - 10,598,3412,1724,1688,66103
6,65,4,Chhedagad Municipality,11,Ward - 11,588,2961,1456,1505,66103
6,65,4,Chhedagad Municipality,12,Ward - 12,795,3917,1893,2024,66103
6,65,4,Chhedagad Municipality,13,Ward - 13,634,3016,1527,1489,66103
6,65,5,Shivalaya Gaunpalika,1,Ward - 1,435,2062,994,1068,66106
6,65,5,Shivalaya Gaunpalika,2,Ward - 2,309,1754,867,887,66106
6,65,5,Shivalaya Gaunpalika,3,Ward - 3,375,1721,834,887,66106
6,65,5,Shivalaya Gaunpalika,4,Ward - 4,95,450,213,237,66106
6,65,5,Shivalaya Gaunpalika,5,Ward - 5,297,1804,878,926,66106
6,65,5,Shivalaya Gaunpalika,6,Ward - 6,383,1962,947,1015,66106
6,65,5,Shivalaya Gaunpalika,7,Ward - 7,346,1972,987,985,66106
6,65,5,Shivalaya Gaunpalika,8,Ward - 8,329,1763,915,848,66106
6,65,5,Shivalaya Gaunpalika,9,Ward - 9,237,1288,663,625,66106
6,65,6,Bheri Malika Municipality,1,Ward - 1,852,3712,1781,1931,66102
6,65,6,Bheri Malika Municipality,2,Ward - 2,1143,4846,2409,2437,66102
6,65,6,Bheri Malika Municipality,3,Ward - 3,781,2812,1429,1383,66102
6,65,6,Bheri Malika Municipality,4,Ward - 4,881,3159,1555,1604,66102
6,65,6,Bheri Malika Municipality,5,Ward - 5,550,2227,1048,1179,66102
6,65,6,Bheri Malika Municipality,6,Ward - 6,589,2813,1353,1460,66102
6,65,6,Bheri Malika Municipality,7,Ward - 7,793,3962,1945,2017,66102
6,65,6,Bheri Malika Municipality,8,Ward - 8,512,2350,1101,1249,66102
6,65,6,Bheri Malika Municipality,9,Ward - 9,443,2116,1026,1090,66102
6,65,6,Bheri Malika Municipality,10,Ward - 10,521,2109,1009,1100,66102
6,65,6,Bheri Malika Municipality,11,Ward - 11,719,3547,1749,1798,66102
6,65,6,Bheri Malika Municipality,12,Ward - 12,601,2523,1176,1347,66102
6,65,6,Bheri Malika Municipality,13,Ward - 13,489,1716,795,921,66102
6,65,7,Nalgad Municipality,1,Ward - 1,654,3127,1567,1560,66107
6,65,7,Nalgad Municipality,2,Ward - 2,377,1663,830,833,66107
6,65,7,Nalgad Municipality,3,Ward - 3,500,2484,1236,1248,66107
6,65,7,Nalgad Municipality,4,Ward - 4,372,1793,900,893,66107
6,65,7,Nalgad Municipality,5,Ward - 5,653,3165,1611,1554,66107
6,65,7,Nalgad Municipality,6,Ward - 6,400,2086,1043,1043,66107
6,65,7,Nalgad Municipality,7,Ward - 7,641,2560,1264,1296,66107
6,65,7,Nalgad Municipality,8,Ward - 8,712,3776,1864,1912,66107
6,65,7,Nalgad Municipality,9,Ward - 9,291,1593,790,803,66107
6,65,7,Nalgad Municipality,10,Ward - 10,330,1517,702,815,66107
6,65,7,Nalgad Municipality,11,Ward - 11,274,1272,613,659,66107
6,65,7,Nalgad Municipality,12,Ward - 12,427,2070,1021,1049,66107
6,65,7,Nalgad Municipality,13,Ward - 13,361,1816,925,891,66107
6,66,1,Aathabisakot Municipality,1,Ward - 1,263,1264,630,634,65401
6,66,1,Aathabisakot Municipality,2,Ward - 2,386,1744,848,896,65401
6,66,1,Aathabisakot Municipality,3,Ward - 3,393,1874,901,973,65401
6,66,1,Aathabisakot Municipality,4,Ward - 4,469,2224,1121,1103,65401
6,66,1,Aathabisakot Municipality,5,Ward - 5,569,2892,1405,1487,65401
6,66,1,Aathabisakot Municipality,6,Ward - 6,495,2394,1173,1221,65401
6,66,1,Aathabisakot Municipality,7,Ward - 7,443,1912,924,988,65401
6,66,1,Aathabisakot Municipality,8,Ward - 8,369,1723,847,876,65401
6,66,1,Aathabisakot Municipality,9,Ward - 9,799,3404,1656,1748,65401
6,66,1,Aathabisakot Municipality,10,Ward - 10,680,3292,1645,1647,65401
6,66,1,Aathabisakot Municipality,11,Ward - 11,1021,4942,2397,2545,65401
6,66,1,Aathabisakot Municipality,12,Ward - 12,654,3289,1618,1671,65401
6,66,1,Aathabisakot Municipality,13,Ward - 13,386,2055,1057,998,65401
6,66,1,Aathabisakot Municipality,14,Ward - 14,626,2908,1396,1512,65401
6,66,2,Sanibheri Gaunpalika,1,Ward - 1,455,2075,997,1078,65405
6,66,2,Sanibheri Gaunpalika,2,Ward - 2,411,1837,845,992,65405
6,66,2,Sanibheri Gaunpalika,3,Ward - 3,824,4013,2009,2004,65405
6,66,2,Sanibheri Gaunpalika,4,Ward - 4,571,2744,1329,1415,65405
6,66,2,Sanibheri Gaunpalika,5,Ward - 5,452,2367,1172,1195,65405
6,66,2,Sanibheri Gaunpalika,6,Ward - 6,267,1304,635,669,65405
6,66,2,Sanibheri Gaunpalika,7,Ward - 7,397,1726,799,927,65405
6,66,2,Sanibheri Gaunpalika,8,Ward - 8,374,1670,819,851,65405
6,66,2,Sanibheri Gaunpalika,9,Ward - 9,561,2566,1230,1336,65405
6,66,2,Sanibheri Gaunpalika,10,Ward - 10,393,1705,802,903,65405
6,66,2,Sanibheri Gaunpalika,11,Ward - 11,587,2752,1377,1375,65405
6,66,3,Banphikot Gaunpalika,1,Ward - 1,321,1537,739,798,65402
6,66,3,Banphikot Gaunpalika,2,Ward - 2,796,3306,1574,1732,65402
6,66,3,Banphikot Gaunpalika,3,Ward - 3,444,1782,832,950,65402
6,66,3,Banphikot Gaunpalika,4,Ward - 4,577,2274,1086,1188,65402
6,66,3,Banphikot Gaunpalika,5,Ward - 5,354,1803,889,914,65402
6,66,3,Banphikot Gaunpalika,6,Ward - 6,462,2298,1115,1183,65402
6,66,3,Banphikot Gaunpalika,7,Ward - 7,541,2946,1478,1468,65402
6,66,3,Banphikot Gaunpalika,8,Ward - 8,310,1580,764,816,65402
6,66,3,Banphikot Gaunpalika,9,Ward - 9,444,1895,903,992,65402
6,66,3,Banphikot Gaunpalika,10,Ward - 10,358,1612,794,818,65402
6,66,4,Musikot Municipality,1,Ward - 1,2049,7514,3598,3916,65404
6,66,4,Musikot Municipality,2,Ward - 2,504,1872,895,977,65404
6,66,4,Musikot Municipality,3,Ward - 3,293,1152,558,594,65404
6,66,4,Musikot Municipality,4,Ward - 4,608,2554,1213,1341,65404
6,66,4,Musikot Municipality,5,Ward - 5,977,3414,1644,1770,65404
6,66,4,Musikot Municipality,6,Ward - 6,357,1385,659,726,65404
6,66,4,Musikot Municipality,7,Ward - 7,651,2866,1314,1552,65404
6,66,4,Musikot Municipality,8,Ward - 8,327,1442,698,744,65404
6,66,4,Musikot Municipality,9,Ward - 9,365,1679,802,877,65404
6,66,4,Musikot Municipality,10,Ward - 10,341,1431,681,750,65404
6,66,4,Musikot Municipality,11,Ward - 11,630,2558,1163,1395,65404
6,66,4,Musikot Municipality,12,Ward - 12,392,1537,720,817,65404
6,66,4,Musikot Municipality,13,Ward - 13,602,2370,1118,1252,65404
6,66,4,Musikot Municipality,14,Ward - 14,597,2496,1187,1309,65404
6,66,5,Tribeni Gaunpalika,1,Ward - 1,488,2206,1065,1141,65406
6,66,5,Tribeni Gaunpalika,2,Ward - 2,536,2259,1060,1199,65406
6,66,5,Tribeni Gaunpalika,3,Ward - 3,487,2521,1214,1307,65406
6,66,5,Tribeni Gaunpalika,4,Ward - 4,374,1726,785,941,65406
6,66,5,Tribeni Gaunpalika,5,Ward - 5,466,2309,1076,1233,65406
6,66,5,Tribeni Gaunpalika,6,Ward - 6,366,1763,865,898,65406
6,66,5,Tribeni Gaunpalika,7,Ward - 7,492,2162,996,1166,65406
6,66,5,Tribeni Gaunpalika,8,Ward - 8,338,1820,923,897,65406
6,66,5,Tribeni Gaunpalika,9,Ward - 9,418,1922,906,1016,65406
6,66,5,Tribeni Gaunpalika,10,Ward - 10,343,1837,931,906,65406
6,66,6,Chaurjahari Municipality,1,Ward - 1,881,3212,1537,1675,65403
6,66,6,Chaurjahari Municipality,2,Ward - 2,391,1541,753,788,65403
6,66,6,Chaurjahari Municipality,3,Ward - 3,463,1865,882,983,65403
6,66,6,Chaurjahari Municipality,4,Ward - 4,494,2044,978,1066,65403
6,66,6,Chaurjahari Municipality,5,Ward - 5,385,1683,805,878,65403
6,66,6,Chaurjahari Municipality,6,Ward - 6,409,2147,1078,1069,65403
6,66,6,Chaurjahari Municipality,7,Ward - 7,359,1480,708,772,65403
6,66,6,Chaurjahari Municipality,8,Ward - 8,451,1995,1013,982,65403
6,66,6,Chaurjahari Municipality,9,Ward - 9,318,1561,782,779,65403
6,66,6,Chaurjahari Municipality,10,Ward - 10,437,1798,819,979,65403
6,66,6,Chaurjahari Municipality,11,Ward - 11,516,2089,992,1097,65403
6,66,6,Chaurjahari Municipality,12,Ward - 12,454,2004,965,1039,65403
6,66,6,Chaurjahari Municipality,13,Ward - 13,620,2638,1315,1323,65403
6,66,6,Chaurjahari Municipality,14,Ward - 14,659,2899,1382,1517,65403
6,67,1,Darma Gaunpalika,1,Ward - 1,531,2475,1163,1312,65504
6,67,1,Darma Gaunpalika,2,Ward - 2,624,2944,1425,1519,65504
6,67,1,Darma Gaunpalika,3,Ward - 3,714,3074,1523,1551,65504
6,67,1,Darma Gaunpalika,4,Ward - 4,864,4078,2004,2074,65504
6,67,1,Darma Gaunpalika,5,Ward - 5,824,3980,1927,2053,65504
6,67,1,Darma Gaunpalika,6,Ward - 6,707,3588,1713,1875,65504
6,67,2,Kumakh Gaunpalika,1,Ward - 1,656,2956,1418,1538,65508
6,67,2,Kumakh Gaunpalika,2,Ward - 2,721,3091,1439,1652,65508
6,67,2,Kumakh Gaunpalika,3,Ward - 3,1024,4757,2330,2427,65508
6,67,2,Kumakh Gaunpalika,4,Ward - 4,853,3667,1780,1887,65508
6,67,2,Kumakh Gaunpalika,5,Ward - 5,748,3268,1540,1728,65508
6,67,2,Kumakh Gaunpalika,6,Ward - 6,799,3513,1749,1764,65508
6,67,2,Kumakh Gaunpalika,7,Ward - 7,690,3607,1838,1769,65508
6,67,3,Banagad Kupinde Municipality,1,Ward - 1,1095,4422,2079,2343,65502
6,67,3,Banagad Kupinde Municipality,2,Ward - 2,448,1979,948,1031,65502
6,67,3,Banagad Kupinde Municipality,3,Ward - 3,486,2068,960,1108,65502
6,67,3,Banagad Kupinde Municipality,4,Ward - 4,454,2308,1174,1134,65502
6,67,3,Banagad Kupinde Municipality,5,Ward - 5,700,3340,1711,1629,65502
6,67,3,Banagad Kupinde Municipality,6,Ward - 6,639,2808,1275,1533,65502
6,67,3,Banagad Kupinde Municipality,7,Ward - 7,617,2579,1233,1346,65502
6,67,3,Banagad Kupinde Municipality,8,Ward - 8,811,3630,1678,1952,65502
6,67,3,Banagad Kupinde Municipality,9,Ward - 9,675,2705,1190,1515,65502
6,67,3,Banagad Kupinde Municipality,10,Ward - 10,481,2251,1095,1156,65502
6,67,3,Banagad Kupinde Municipality,11,Ward - 11,626,3029,1494,1535,65502
6,67,3,Banagad Kupinde Municipality,12,Ward - 12,396,1821,901,920,65502
6,67,4,Siddha Kumakh Gaunpalika,1,Ward - 1,742,3299,1578,1721,65508
6,67,4,Siddha Kumakh Gaunpalika,2,Ward - 2,449,2029,946,1083,65508
6,67,4,Siddha Kumakh Gaunpalika,3,Ward - 3,608,2594,1250,1344,65508
6,67,4,Siddha Kumakh Gaunpalika,4,Ward - 4,593,2903,1386,1517,65508
6,67,4,Siddha Kumakh Gaunpalika,5,Ward - 5,506,2302,1098,1204,65508
6,67,5,Bagachour Municipality,1,Ward - 1,608,2672,1272,1400,65501
6,67,5,Bagachour Municipality,2,Ward - 2,1085,4518,2244,2274,65501
6,67,5,Bagachour Municipality,3,Ward - 3,500,2554,1287,1267,65501
6,67,5,Bagachour Municipality,4,Ward - 4,699,3158,1494,1664,65501
6,67,5,Bagachour Municipality,5,Ward - 5,776,3563,1731,1832,65501
6,67,5,Bagachour Municipality,6,Ward - 6,499,2406,1143,1263,65501
6,67,5,Bagachour Municipality,7,Ward - 7,732,3466,1678,1788,65501
6,67,5,Bagachour Municipality,8,Ward - 8,480,2050,1001,1049,65501
6,67,5,Bagachour Municipality,9,Ward - 9,687,3023,1460,1563,65501
6,67,5,Bagachour Municipality,10,Ward - 10,540,2349,1137,1212,65501
6,67,5,Bagachour Municipality,11,Ward - 11,436,2002,980,1022,65501
6,67,5,Bagachour Municipality,12,Ward - 12,456,2260,1047,1213,65501
6,67,6,Chhatreshwori Gaunpalika,1,Ward - 1,626,2644,1285,1359,65503
6,67,6,Chhatreshwori Gaunpalika,2,Ward - 2,738,3008,1389,1619,65503
6,67,6,Chhatreshwori Gaunpalika,3,Ward - 3,685,2807,1265,1542,65503
6,67,6,Chhatreshwori Gaunpalika,4,Ward - 4,737,3412,1651,1761,65503
6,67,6,Chhatreshwori Gaunpalika,5,Ward - 5,773,3306,1608,1698,65503
6,67,6,Chhatreshwori Gaunpalika,6,Ward - 6,891,3353,1547,1806,65503
6,67,6,Chhatreshwori Gaunpalika,7,Ward - 7,689,2712,1274,1438,65503
6,67,7,Sharada Municipality,1,Ward - 1,1615,5930,2761,3169,65509
6,67,7,Sharada Municipality,2,Ward - 2,659,2459,1202,1257,65509
6,67,7,Sharada Municipality,3,Ward - 3,369,1284,638,646,65509
6,67,7,Sharada Municipality,4,Ward - 4,376,1433,685,748,65509
6,67,7,Sharada Municipality,5,Ward - 5,446,1716,779,937,65509
6,67,7,Sharada Municipality,6,Ward - 6,751,3001,1406,1595,65509
6,67,7,Sharada Municipality,7,Ward - 7,551,2398,1125,1273,65509
6,67,7,Sharada Municipality,8,Ward - 8,405,1595,751,844,65509
6,67,7,Sharada Municipality,9,Ward - 9,504,2158,1019,1139,65509
6,67,7,Sharada Municipality,10,Ward - 10,457,1989,981,1008,65509
6,67,7,Sharada Municipality,11,Ward - 11,503,1787,829,958,65509
6,67,7,Sharada Municipality,12,Ward - 12,563,2199,1003,1196,65509
6,67,7,Sharada Municipality,13,Ward - 13,540,2095,966,1129,65509
6,67,7,Sharada Municipality,14,Ward - 14,467,1894,932,962,65509
6,67,7,Sharada Municipality,15,Ward - 15,692,2725,1311,1414,65509
6,67,8,Kalimati Gaunpalika,1,Ward - 1,860,4009,2000,2009,65506
6,67,8,Kalimati Gaunpalika,2,Ward - 2,812,3609,1773,1836,65506
6,67,8,Kalimati Gaunpalika,3,Ward - 3,864,3749,1788,1961,65506
6,67,8,Kalimati Gaunpalika,4,Ward - 4,808,3564,1753,1811,65506
6,67,8,Kalimati Gaunpalika,5,Ward - 5,593,2795,1462,1333,65506
6,67,8,Kalimati Gaunpalika,6,Ward - 6,472,2095,1039,1056,65506
6,67,8,Kalimati Gaunpalika,7,Ward - 7,563,2385,1126,1259,65506
6,67,9,Tribeni Gaunpalika,1,Ward - 1,917,3584,1708,1876,65510
6,67,9,Tribeni Gaunpalika,2,Ward - 2,623,2536,1236,1300,65510
6,67,9,Tribeni Gaunpalika,3,Ward - 3,859,3490,1661,1829,65510
6,67,9,Tribeni Gaunpalika,4,Ward - 4,470,1990,956,1034,65510
6,67,9,Tribeni Gaunpalika,5,Ward - 5,508,2264,1061,1203,65510
6,67,9,Tribeni Gaunpalika,6,Ward - 6,733,2800,1296,1504,65510
6,67,10,Kapurkot Gaunpalika,1,Ward - 1,480,2184,1044,1140,65507
6,67,10,Kapurkot Gaunpalika,2,Ward - 2,491,2252,1072,1180,65507
6,67,10,Kapurkot Gaunpalika,3,Ward - 3,670,2696,1281,1415,65507
6,67,10,Kapurkot Gaunpalika,4,Ward - 4,613,2647,1286,1361,65507
6,67,10,Kapurkot Gaunpalika,5,Ward - 5,946,4171,1920,2251,65507
6,67,10,Kapurkot Gaunpalika,6,Ward - 6,774,3576,1766,1810,65507
6,68,1,Simta Gaunpalika,1,Ward - 1,651,2892,1264,1628,65909
6,68,1,Simta Gaunpalika,2,Ward - 2,672,2978,1255,1723,65909
6,68,1,Simta Gaunpalika,3,Ward - 3,621,2501,1078,1423,65909
6,68,1,Simta Gaunpalika,4,Ward - 4,405,1590,688,902,65909
6,68,1,Simta Gaunpalika,5,Ward - 5,622,2242,958,1284,65909
6,68,1,Simta Gaunpalika,6,Ward - 6,1113,4235,1914,2321,65909
6,68,1,Simta Gaunpalika,7,Ward - 7,694,2769,1262,1507,65909
6,68,1,Simta Gaunpalika,8,Ward - 8,576,2202,998,1204,65909
6,68,1,Simta Gaunpalika,9,Ward - 9,708,2674,1203,1471,65909
6,68,2,Chingad Gaunpalika,1,Ward - 1,565,2554,1228,1326,65905
6,68,2,Chingad Gaunpalika,2,Ward - 2,701,3243,1477,1766,65905
6,68,2,Chingad Gaunpalika,3,Ward - 3,586,3021,1457,1564,65905
6,68,2,Chingad Gaunpalika,4,Ward - 4,502,2603,1236,1367,65905
6,68,2,Chingad Gaunpalika,5,Ward - 5,497,2214,1024,1190,65905
6,68,2,Chingad Gaunpalika,6,Ward - 6,446,1965,945,1020,65905
6,68,3,Lekabeshi Municipality,1,Ward - 1,1041,4383,1992,2391,65907
6,68,3,Lekabeshi Municipality,2,Ward - 2,469,2037,993,1044,65907
6,68,3,Lekabeshi Municipality,3,Ward - 3,588,2356,1035,1321,65907
6,68,3,Lekabeshi Municipality,4,Ward - 4,758,3266,1565,1701,65907
6,68,3,Lekabeshi Municipality,5,Ward - 5,722,3384,1741,1643,65907
6,68,3,Lekabeshi Municipality,6,Ward - 6,901,3531,1589,1942,65907
6,68,3,Lekabeshi Municipality,7,Ward - 7,642,2815,1295,1520,65907
6,68,3,Lekabeshi Municipality,8,Ward - 8,549,2214,990,1224,65907
6,68,3,Lekabeshi Municipality,9,Ward - 9,925,3974,1867,2107,65907
6,68,3,Lekabeshi Municipality,10,Ward - 10,846,3750,1810,1940,65907
6,68,4,Gurbhakot Municipality,1,Ward - 1,439,1770,806,964,65906
6,68,4,Gurbhakot Municipality,2,Ward - 2,863,3461,1580,1881,65906
6,68,4,Gurbhakot Municipality,3,Ward - 3,624,2865,1360,1505,65906
6,68,4,Gurbhakot Municipality,4,Ward - 4,1037,4360,2099,2261,65906
6,68,4,Gurbhakot Municipality,5,Ward - 5,712,3215,1533,1682,65906
6,68,4,Gurbhakot Municipality,6,Ward - 6,1155,4552,2040,2512,65906
6,68,4,Gurbhakot Municipality,7,Ward - 7,785,3171,1443,1728,65906
6,68,4,Gurbhakot Municipality,8,Ward - 8,1104,4326,2044,2282,65906
6,68,4,Gurbhakot Municipality,9,Ward - 9,1063,4528,2121,2407,65906
6,68,4,Gurbhakot Municipality,10,Ward - 10,538,2068,908,1160,65906
6,68,4,Gurbhakot Municipality,11,Ward - 11,653,2653,1225,1428,65906
6,68,4,Gurbhakot Municipality,12,Ward - 12,833,3216,1430,1786,65906
6,68,4,Gurbhakot Municipality,13,Ward - 13,1131,4534,1985,2549,65906
6,68,4,Gurbhakot Municipality,14,Ward - 14,861,3497,1609,1888,65906
6,68,5,Bheriganga Municipality,1,Ward - 1,555,2472,1182,1290,65902
6,68,5,Bheriganga Municipality,2,Ward - 2,751,3301,1649,1652,65902
6,68,5,Bheriganga Municipality,3,Ward - 3,481,2133,1009,1124,65902
6,68,5,Bheriganga Municipality,4,Ward - 4,981,4270,2007,2263,65902
6,68,5,Bheriganga Municipality,5,Ward - 5,901,3939,1894,2045,65902
6,68,5,Bheriganga Municipality,6,Ward - 6,896,3542,1594,1948,65902
6,68,5,Bheriganga Municipality,7,Ward - 7,530,1967,867,1100,65902
6,68,5,Bheriganga Municipality,8,Ward - 8,984,3948,1820,2128,65902
6,68,5,Bheriganga Municipality,9,Ward - 9,1026,4217,1941,2276,65902
6,68,5,Bheriganga Municipality,10,Ward - 10,1306,5491,2614,2877,65902
6,68,5,Bheriganga Municipality,11,Ward - 11,1101,4546,2074,2472,65902
6,68,5,Bheriganga Municipality,12,Ward - 12,1082,4347,2040,2307,65902
6,68,5,Bheriganga Municipality,13,Ward - 13,945,4030,1847,2183,65902
6,68,6,Birendranagar Municipality,1,Ward - 1,2388,10208,5004,5204,65903
6,68,6,Birendranagar Municipality,2,Ward - 2,3394,14326,6867,7459,65903
6,68,6,Birendranagar Municipality,3,Ward - 3,4811,19619,9865,9754,65903
6,68,6,Birendranagar Municipality,4,Ward - 4,2608,10227,4978,5249,65903
6,68,6,Birendranagar Municipality,5,Ward - 5,1582,6336,3019,3317,65903
6,68,6,Birendranagar Municipality,6,Ward - 6,1898,7691,3932,3759,65903
6,68,6,Birendranagar Municipality,7,Ward - 7,2559,9397,4683,4714,65903
6,68,6,Birendranagar Municipality,8,Ward - 8,2209,7824,3922,3902,65903
6,68,6,Birendranagar Municipality,9,Ward - 9,2838,11678,5616,6062,65903
6,68,6,Birendranagar Municipality,10,Ward - 10,4614,18091,8780,9311,65903
6,68,6,Birendranagar Municipality,11,Ward - 11,2914,12151,5841,6310,65903
6,68,6,Birendranagar Municipality,12,Ward - 12,3741,14358,6829,7529,65903
6,68,6,Birendranagar Municipality,13,Ward - 13,1372,5982,2895,3087,65903
6,68,6,Birendranagar Municipality,14,Ward - 14,638,2576,1286,1290,65903
6,68,6,Birendranagar Municipality,15,Ward - 15,378,1557,756,801,65903
6,68,6,Birendranagar Municipality,16,Ward - 16,433,1842,856,986,65903
6,68,7,Barahatal Gaunpalika,1,Ward - 1,342,1504,732,772,65901
6,68,7,Barahatal Gaunpalika,2,Ward - 2,717,2875,1372,1503,65901
6,68,7,Barahatal Gaunpalika,3,Ward - 3,286,1342,658,684,65901
6,68,7,Barahatal Gaunpalika,4,Ward - 4,663,2772,1327,1445,65901
6,68,7,Barahatal Gaunpalika,5,Ward - 5,1268,5199,2433,2766,65901
6,68,7,Barahatal Gaunpalika,6,Ward - 6,560,2343,1124,1219,65901
6,68,7,Barahatal Gaunpalika,7,Ward - 7,540,2405,1168,1237,65901
6,68,7,Barahatal Gaunpalika,8,Ward - 8,818,3355,1646,1709,65901
6,68,7,Barahatal Gaunpalika,9,Ward - 9,389,1591,734,857,65901
6,68,7,Barahatal Gaunpalika,10,Ward - 10,586,2557,1271,1286,65901
6,68,8,Panchapuri Municipality,1,Ward - 1,460,2221,1079,1142,65908
6,68,8,Panchapuri Municipality,2,Ward - 2,773,3156,1462,1694,65908
6,68,8,Panchapuri Municipality,3,Ward - 3,838,3754,1775,1979,65908
6,68,8,Panchapuri Municipality,4,Ward - 4,599,2902,1396,1506,65908
6,68,8,Panchapuri Municipality,5,Ward - 5,794,3635,1796,1839,65908
6,68,8,Panchapuri Municipality,6,Ward - 6,839,4148,2013,2135,65908
6,68,8,Panchapuri Municipality,7,Ward - 7,665,3170,1563,1607,65908
6,68,8,Panchapuri Municipality,8,Ward - 8,835,3625,1726,1899,65908
6,68,8,Panchapuri Municipality,9,Ward - 9,776,3456,1658,1798,65908
6,68,8,Panchapuri Municipality,10,Ward - 10,658,3098,1512,1586,65908
6,68,8,Panchapuri Municipality,11,Ward - 11,566,2674,1250,1424,65908
6,68,9,Chaukune Gaunpalika,1,Ward - 1,430,2308,1165,1143,65904
6,68,9,Chaukune Gaunpalika,2,Ward - 2,311,1919,967,952,65904
6,68,9,Chaukune Gaunpalika,3,Ward - 3,579,2910,1436,1474,65904
6,68,9,Chaukune Gaunpalika,4,Ward - 4,640,2696,1256,1440,65904
6,68,9,Chaukune Gaunpalika,5,Ward - 5,500,2423,1158,1265,65904
6,68,9,Chaukune Gaunpalika,6,Ward - 6,475,2356,1149,1207,65904
6,68,9,Chaukune Gaunpalika,7,Ward - 7,724,3798,1860,1938,65904
6,68,9,Chaukune Gaunpalika,8,Ward - 8,585,2650,1311,1339,65904
6,68,9,Chaukune Gaunpalika,9,Ward - 9,477,2330,1122,1208,65904
6,68,9,Chaukune Gaunpalika,10,Ward - 10,615,3560,1812,1748,65904
7,69,1,Himali Gaunpalika,1,Ward - 1,207,1193,628,565,76706
7,69,1,Himali Gaunpalika,2,Ward - 2,213,1234,661,573,76706
7,69,1,Himali Gaunpalika,3,Ward - 3,164,944,456,488,76706
7,69,1,Himali Gaunpalika,4,Ward - 4,252,1285,622,663,76706
7,69,1,Himali Gaunpalika,5,Ward - 5,361,1871,921,950,76706
7,69,1,Himali Gaunpalika,6,Ward - 6,624,3055,1474,1581,76706
7,69,1,Himali Gaunpalika,7,Ward - 7,177,727,333,394,76706
7,69,2,Gaumul Gaunpalika,1,Ward - 1,239,1408,662,746,76705
7,69,2,Gaumul Gaunpalika,2,Ward - 2,329,1683,798,885,76705
7,69,2,Gaumul Gaunpalika,3,Ward - 3,289,1321,627,694,76705
7,69,2,Gaumul Gaunpalika,4,Ward - 4,313,1729,839,890,76705
7,69,2,Gaumul Gaunpalika,5,Ward - 5,231,1286,627,659,76705
7,69,2,Gaumul Gaunpalika,6,Ward - 6,315,1486,751,735,76705
7,69,3,Budhinanda Municipality,1,Ward - 1,626,2772,1335,1437,76703
7,69,3,Budhinanda Municipality,2,Ward - 2,438,1768,868,900,76703
7,69,3,Budhinanda Municipality,3,Ward - 3,561,2805,1392,1413,76703
7,69,3,Budhinanda Municipality,4,Ward - 4,341,2177,1089,1088,76703
7,69,3,Budhinanda Municipality,5,Ward - 5,370,1718,818,900,76703
7,69,3,Budhinanda Municipality,6,Ward - 6,320,1444,687,757,76703
7,69,3,Budhinanda Municipality,7,Ward - 7,469,2306,1120,1186,76703
7,69,3,Budhinanda Municipality,8,Ward - 8,344,1714,853,861,76703
7,69,3,Budhinanda Municipality,9,Ward - 9,327,1727,843,884,76703
7,69,3,Budhinanda Municipality,10,Ward - 10,354,1641,774,867,76703
7,69,4,Swamikartik Khapar Gaunpalika,1,Ward - 1,640,3724,1832,1892,76708
7,69,4,Swamikartik Khapar Gaunpalika,2,Ward - 2,452,2563,1250,1313,76708
7,69,4,Swamikartik Khapar Gaunpalika,3,Ward - 3,592,3047,1517,1530,76708
7,69,4,Swamikartik Khapar Gaunpalika,4,Ward - 4,411,1981,944,1037,76708
7,69,4,Swamikartik Khapar Gaunpalika,5,Ward - 5,267,1261,602,659,76708
7,69,5,Jagannath Gaunpalika,1,Ward - 1,429,2120,1012,1108,76707
7,69,5,Jagannath Gaunpalika,2,Ward - 2,342,1620,761,859,76707
7,69,5,Jagannath Gaunpalika,3,Ward - 3,258,1325,670,655,76707
7,69,5,Jagannath Gaunpalika,4,Ward - 4,349,1910,896,1014,76707
7,69,5,Jagannath Gaunpalika,5,Ward - 5,237,1253,589,664,76707
7,69,5,Jagannath Gaunpalika,6,Ward - 6,324,1930,940,990,76707
7,69,6,Badimalika Municipality,1,Ward - 1,361,1740,863,877,76701
7,69,6,Badimalika Municipality,2,Ward - 2,227,1104,557,547,76701
7,69,6,Badimalika Municipality,3,Ward - 3,198,971,484,487,76701
7,69,6,Badimalika Municipality,4,Ward - 4,180,722,347,375,76701
7,69,6,Badimalika Municipality,5,Ward - 5,223,959,464,495,76701
7,69,6,Badimalika Municipality,6,Ward - 6,509,2595,1270,1325,76701
7,69,6,Badimalika Municipality,7,Ward - 7,457,2341,1156,1185,76701
7,69,6,Badimalika Municipality,8,Ward - 8,1239,5027,2626,2401,76701
7,69,6,Badimalika Municipality,9,Ward - 9,652,2955,1482,1473,76701
7,69,7,Khaptad Chhededaha Gaunpalika,1,Ward - 1,616,3095,1500,1595,76704
7,69,7,Khaptad Chhededaha Gaunpalika,2,Ward - 2,400,2299,1125,1174,76704
7,69,7,Khaptad Chhededaha Gaunpalika,3,Ward - 3,492,2825,1354,1471,76704
7,69,7,Khaptad Chhededaha Gaunpalika,4,Ward - 4,510,2648,1274,1374,76704
7,69,7,Khaptad Chhededaha Gaunpalika,5,Ward - 5,680,3695,1814,1881,76704
7,69,7,Khaptad Chhededaha Gaunpalika,6,Ward - 6,383,2244,1148,1096,76704
7,69,7,Khaptad Chhededaha Gaunpalika,7,Ward - 7,493,2501,1214,1287,76704
7,69,8,Budhiganga Municipality,1,Ward - 1,447,2102,965,1137,76702
7,69,8,Budhiganga Municipality,2,Ward - 2,473,2051,901,1150,76702
7,69,8,Budhiganga Municipality,3,Ward - 3,365,1411,629,782,76702
7,69,8,Budhiganga Municipality,4,Ward - 4,524,2315,1079,1236,76702
7,69,8,Budhiganga Municipality,5,Ward - 5,288,1247,575,672,76702
7,69,8,Budhiganga Municipality,6,Ward - 6,492,2242,1105,1137,76702
7,69,8,Budhiganga Municipality,7,Ward - 7,478,2215,1010,1205,76702
7,69,8,Budhiganga Municipality,8,Ward - 8,417,1735,779,956,76702
7,69,8,Budhiganga Municipality,9,Ward - 9,489,2077,932,1145,76702
7,69,8,Budhiganga Municipality,10,Ward - 10,581,2790,1279,1511,76702
7,69,9,Tribeni Municipality,1,Ward - 1,370,1761,818,943,76709
7,69,9,Tribeni Municipality,2,Ward - 2,351,1639,734,905,76709
7,69,9,Tribeni Municipality,3,Ward - 3,325,1691,785,906,76709
7,69,9,Tribeni Municipality,4,Ward - 4,487,2453,1135,1318,76709
7,69,9,Tribeni Municipality,5,Ward - 5,248,1290,644,646,76709
7,69,9,Tribeni Municipality,6,Ward - 6,711,3361,1560,1801,76709
7,69,9,Tribeni Municipality,7,Ward - 7,373,1789,824,965,76709
7,69,9,Tribeni Municipality,8,Ward - 8,299,1357,621,736,76709
7,69,9,Tribeni Municipality,9,Ward - 9,538,2457,1081,1376,76709
7,70,1,Saipal Gaunpalika,1,Ward - 1,93,580,286,294,76806
7,70,1,Saipal Gaunpalika,2,Ward - 2,65,386,195,191,76806
7,70,1,Saipal Gaunpalika,3,Ward - 3,121,683,316,367,76806
7,70,1,Saipal Gaunpalika,4,Ward - 4,115,676,343,333,76806
7,70,1,Saipal Gaunpalika,5,Ward - 5,53,300,152,148,76806
7,70,2,Bungal Municipality,1,Ward - 1,589,3305,1644,1661,76802
7,70,2,Bungal Municipality,2,Ward - 2,445,2561,1248,1313,76802
7,70,2,Bungal Municipality,3,Ward - 3,769,4142,1929,2213,76802
7,70,2,Bungal Municipality,4,Ward - 4,607,2685,1256,1429,76802
7,70,2,Bungal Municipality,5,Ward - 5,468,2291,1031,1260,76802
7,70,2,Bungal Municipality,6,Ward - 6,822,4119,1973,2146,76802
7,70,2,Bungal Municipality,7,Ward - 7,471,2709,1280,1429,76802
7,70,2,Bungal Municipality,8,Ward - 8,743,4223,2060,2163,76802
7,70,2,Bungal Municipality,9,Ward - 9,560,2680,1217,1463,76802
7,70,2,Bungal Municipality,10,Ward - 10,358,2166,994,1172,76802
7,70,2,Bungal Municipality,11,Ward - 11,540,2931,1405,1526,76802
7,70,3,Surma Gaunpalika,1,Ward - 1,201,1265,659,606,76810
7,70,3,Surma Gaunpalika,2,Ward - 2,491,2796,1368,1428,76810
7,70,3,Surma Gaunpalika,3,Ward - 3,323,2433,1262,1171,76810
7,70,3,Surma Gaunpalika,4,Ward - 4,554,2974,1447,1527,76810
7,70,3,Surma Gaunpalika,5,Ward - 5,254,1614,773,841,76810
7,70,4,Talkot Gaunpalika,1,Ward - 1,407,1903,846,1057,76811
7,70,4,Talkot Gaunpalika,2,Ward - 2,305,1593,726,867,76811
7,70,4,Talkot Gaunpalika,3,Ward - 3,255,1512,737,775,76811
7,70,4,Talkot Gaunpalika,4,Ward - 4,307,1638,783,855,76811
7,70,4,Talkot Gaunpalika,5,Ward - 5,358,1766,826,940,76811
7,70,4,Talkot Gaunpalika,6,Ward - 6,310,1723,786,937,76811
7,70,4,Talkot Gaunpalika,7,Ward - 7,302,1584,758,826,76811
7,70,5,Masta Gaunpalika,1,Ward - 1,594,2628,1188,1440,76809
7,70,5,Masta Gaunpalika,2,Ward - 2,475,2493,1162,1331,76809
7,70,5,Masta Gaunpalika,3,Ward - 3,309,1622,736,886,76809
7,70,5,Masta Gaunpalika,4,Ward - 4,285,1575,752,823,76809
7,70,5,Masta Gaunpalika,5,Ward - 5,285,1500,679,821,76809
7,70,5,Masta Gaunpalika,6,Ward - 6,264,1467,663,804,76809
7,70,5,Masta Gaunpalika,7,Ward - 7,333,1980,935,1045,76809
7,70,6,Jayaprithbi Municipality,1,Ward - 1,360,1756,845,911,76805
7,70,6,Jayaprithbi Municipality,2,Ward - 2,155,706,318,388,76805
7,70,6,Jayaprithbi Municipality,3,Ward - 3,466,2090,964,1126,76805
7,70,6,Jayaprithbi Municipality,4,Ward - 4,217,1023,453,570,76805
7,70,6,Jayaprithbi Municipality,5,Ward - 5,309,1431,630,801,76805
7,70,6,Jayaprithbi Municipality,6,Ward - 6,272,1214,532,682,76805
7,70,6,Jayaprithbi Municipality,7,Ward - 7,673,2616,1135,1481,76805
7,70,6,Jayaprithbi Municipality,8,Ward - 8,294,1413,650,763,76805
7,70,6,Jayaprithbi Municipality,9,Ward - 9,413,1718,879,839,76805
7,70,6,Jayaprithbi Municipality,10,Ward - 10,1183,4706,2497,2209,76805
7,70,6,Jayaprithbi Municipality,11,Ward - 11,660,3260,1540,1720,76805
7,70,7,Chhabis Pathibhara Gaunpalika,1,Ward - 1,459,2008,911,1097,76803
7,70,7,Chhabis Pathibhara Gaunpalika,2,Ward - 2,382,1914,888,1026,76803
7,70,7,Chhabis Pathibhara Gaunpalika,3,Ward - 3,460,2152,995,1157,76803
7,70,7,Chhabis Pathibhara Gaunpalika,4,Ward - 4,319,1317,591,726,76803
7,70,7,Chhabis Pathibhara Gaunpalika,5,Ward - 5,420,2233,1070,1163,76803
7,70,7,Chhabis Pathibhara Gaunpalika,6,Ward - 6,502,2216,1052,1164,76803
7,70,7,Chhabis Pathibhara Gaunpalika,7,Ward - 7,528,2634,1238,1396,76803
7,70,8,Durgathali Gaunpalika,1,Ward - 1,309,1178,532,646,76804
7,70,8,Durgathali Gaunpalika,2,Ward - 2,383,1453,650,803,76804
7,70,8,Durgathali Gaunpalika,3,Ward - 3,373,1564,663,901,76804
7,70,8,Durgathali Gaunpalika,4,Ward - 4,327,1391,613,778,76804
7,70,8,Durgathali Gaunpalika,5,Ward - 5,524,2253,1011,1242,76804
7,70,8,Durgathali Gaunpalika,6,Ward - 6,282,1559,711,848,76804
7,70,8,Durgathali Gaunpalika,7,Ward - 7,394,1920,929,991,76804
7,70,9,Kedarsyun Gaunpalika,1,Ward - 1,681,3028,1430,1598,76807
7,70,9,Kedarsyun Gaunpalika,2,Ward - 2,305,1643,709,934,76807
7,70,9,Kedarsyun Gaunpalika,3,Ward - 3,291,1661,750,911,76807
7,70,9,Kedarsyun Gaunpalika,4,Ward - 4,592,2604,1242,1362,76807
7,70,9,Kedarsyun Gaunpalika,5,Ward - 5,428,2283,1055,1228,76807
7,70,9,Kedarsyun Gaunpalika,6,Ward - 6,480,2777,1317,1460,76807
7,70,9,Kedarsyun Gaunpalika,7,Ward - 7,403,2157,984,1173,76807
7,70,9,Kedarsyun Gaunpalika,8,Ward - 8,532,2563,1207,1356,76807
7,70,9,Kedarsyun Gaunpalika,9,Ward - 9,584,2596,1162,1434,76807
7,70,10,Bitthadchir Gaunpalika,1,Ward - 1,460,2832,1399,1433,76801
7,70,10,Bitthadchir Gaunpalika,2,Ward - 2,303,1874,897,977,76801
7,70,10,Bitthadchir Gaunpalika,3,Ward - 3,208,1210,576,634,76801
7,70,10,Bitthadchir Gaunpalika,4,Ward - 4,469,2471,1173,1298,76801
7,70,10,Bitthadchir Gaunpalika,5,Ward - 5,254,1572,724,848,76801
7,70,10,Bitthadchir Gaunpalika,6,Ward - 6,282,1794,885,909,76801
7,70,10,Bitthadchir Gaunpalika,7,Ward - 7,286,1556,731,825,76801
7,70,10,Bitthadchir Gaunpalika,8,Ward - 8,214,974,437,537,76801
7,70,10,Bitthadchir Gaunpalika,9,Ward - 9,640,3529,1612,1917,76801
7,70,11,Thalara Gaunpalika,1,Ward - 1,367,1681,735,946,76812
7,70,11,Thalara Gaunpalika,2,Ward - 2,480,2441,1065,1376,76812
7,70,11,Thalara Gaunpalika,3,Ward - 3,435,2009,916,1093,76812
7,70,11,Thalara Gaunpalika,4,Ward - 4,400,2040,912,1128,76812
7,70,11,Thalara Gaunpalika,5,Ward - 5,342,1558,694,864,76812
7,70,11,Thalara Gaunpalika,6,Ward - 6,307,1265,556,709,76812
7,70,11,Thalara Gaunpalika,7,Ward - 7,337,1554,685,869,76812
7,70,11,Thalara Gaunpalika,8,Ward - 8,318,1482,657,825,76812
7,70,11,Thalara Gaunpalika,9,Ward - 9,430,1928,881,1047,76812
7,70,12,Khaptad Chhanna Gaunpalika,1,Ward - 1,355,1571,709,862,76808
7,70,12,Khaptad Chhanna Gaunpalika,2,Ward - 2,375,1608,722,886,76808
7,70,12,Khaptad Chhanna Gaunpalika,3,Ward - 3,373,1636,711,925,76808
7,70,12,Khaptad Chhanna Gaunpalika,4,Ward - 4,441,1857,825,1032,76808
7,70,12,Khaptad Chhanna Gaunpalika,5,Ward - 5,526,2165,1020,1145,76808
7,70,12,Khaptad Chhanna Gaunpalika,6,Ward - 6,490,1962,838,1124,76808
7,70,12,Khaptad Chhanna Gaunpalika,7,Ward - 7,542,2620,1204,1416,76808
7,71,1,Byas Gaunpalika,1,Ward - 1,110,237,122,115,77502
7,71,1,Byas Gaunpalika,2,Ward - 2,247,1023,536,487,77502
7,71,1,Byas Gaunpalika,3,Ward - 3,291,1464,703,761,77502
7,71,1,Byas Gaunpalika,4,Ward - 4,576,2631,1190,1441,77502
7,71,1,Byas Gaunpalika,5,Ward - 5,398,1937,887,1050,77502
7,71,1,Byas Gaunpalika,6,Ward - 6,521,2376,1140,1236,77502
7,71,2,Duhun Gaunpalika,1,Ward - 1,397,1686,791,895,77503
7,71,2,Duhun Gaunpalika,2,Ward - 2,599,2586,1203,1383,77503
7,71,2,Duhun Gaunpalika,3,Ward - 3,374,1630,726,904,77503
7,71,2,Duhun Gaunpalika,4,Ward - 4,423,2089,945,1144,77503
7,71,2,Duhun Gaunpalika,5,Ward - 5,403,1851,882,969,77503
7,71,3,Mahakali Municipality,1,Ward - 1,585,2519,1165,1354,77505
7,71,3,Mahakali Municipality,2,Ward - 2,394,1759,812,947,77505
7,71,3,Mahakali Municipality,3,Ward - 3,395,1692,759,933,77505
7,71,3,Mahakali Municipality,4,Ward - 4,1614,6020,2961,3059,77505
7,71,3,Mahakali Municipality,5,Ward - 5,1475,5336,2637,2699,77505
7,71,3,Mahakali Municipality,6,Ward - 6,277,1204,557,647,77505
7,71,3,Mahakali Municipality,7,Ward - 7,325,1443,703,740,77505
7,71,3,Mahakali Municipality,8,Ward - 8,420,2077,929,1148,77505
7,71,3,Mahakali Municipality,9,Ward - 9,497,2031,934,1097,77505
7,71,4,Naugad  Gaunpalika,1,Ward - 1,446,2306,1095,1211,77508
7,71,4,Naugad  Gaunpalika,2,Ward - 2,475,2563,1231,1332,77508
7,71,4,Naugad  Gaunpalika,3,Ward - 3,456,2232,1091,1141,77508
7,71,4,Naugad  Gaunpalika,4,Ward - 4,628,3197,1480,1717,77508
7,71,4,Naugad  Gaunpalika,5,Ward - 5,324,1642,795,847,77508
7,71,4,Naugad  Gaunpalika,6,Ward - 6,646,3588,1806,1782,77508
7,71,5,Apihimal Gaunpalika,1,Ward - 1,111,583,286,297,77501
7,71,5,Apihimal Gaunpalika,2,Ward - 2,178,848,426,422,77501
7,71,5,Apihimal Gaunpalika,3,Ward - 3,338,1676,829,847,77501
7,71,5,Apihimal Gaunpalika,4,Ward - 4,315,1443,711,732,77501
7,71,5,Apihimal Gaunpalika,5,Ward - 5,172,955,480,475,77501
7,71,5,Apihimal Gaunpalika,6,Ward - 6,241,1293,654,639,77501
7,71,6,Marma Gaunpalika,1,Ward - 1,704,3591,1727,1864,77507
7,71,6,Marma Gaunpalika,2,Ward - 2,505,2267,1090,1177,77507
7,71,6,Marma Gaunpalika,3,Ward - 3,474,2360,1149,1211,77507
7,71,6,Marma Gaunpalika,4,Ward - 4,519,2571,1211,1360,77507
7,71,6,Marma Gaunpalika,5,Ward - 5,356,1764,816,948,77507
7,71,6,Marma Gaunpalika,6,Ward - 6,467,2571,1239,1332,77507
7,71,7,Shailyashikhar Municipality,1,Ward - 1,551,2486,1206,1280,77509
7,71,7,Shailyashikhar Municipality,2,Ward - 2,404,2023,970,1053,77509
7,71,7,Shailyashikhar Municipality,3,Ward - 3,342,1661,760,901,77509
7,71,7,Shailyashikhar Municipality,4,Ward - 4,478,2638,1260,1378,77509
7,71,7,Shailyashikhar Municipality,5,Ward - 5,424,2189,1073,1116,77509
7,71,7,Shailyashikhar Municipality,6,Ward - 6,579,2890,1393,1497,77509
7,71,7,Shailyashikhar Municipality,7,Ward - 7,401,1951,938,1013,77509
7,71,7,Shailyashikhar Municipality,8,Ward - 8,417,2046,988,1058,77509
7,71,7,Shailyashikhar Municipality,9,Ward - 9,905,3923,1977,1946,77509
7,71,8,Malikarjun Gaunpalika,1,Ward - 1,222,1176,554,622,77506
7,71,8,Malikarjun Gaunpalika,2,Ward - 2,402,1887,910,977,77506
7,71,8,Malikarjun Gaunpalika,3,Ward - 3,473,2875,1464,1411,77506
7,71,8,Malikarjun Gaunpalika,4,Ward - 4,349,1557,739,818,77506
7,71,8,Malikarjun Gaunpalika,5,Ward - 5,375,1753,848,905,77506
7,71,8,Malikarjun Gaunpalika,6,Ward - 6,391,1764,814,950,77506
7,71,8,Malikarjun Gaunpalika,7,Ward - 7,317,1510,746,764,77506
7,71,8,Malikarjun Gaunpalika,8,Ward - 8,645,3113,1506,1607,77506
7,71,9,Lekam Gaunpalika,1,Ward - 1,524,2342,1092,1250,77504
7,71,9,Lekam Gaunpalika,2,Ward - 2,504,2305,1116,1189,77504
7,71,9,Lekam Gaunpalika,3,Ward - 3,409,1775,878,897,77504
7,71,9,Lekam Gaunpalika,4,Ward - 4,571,2678,1276,1402,77504
7,71,9,Lekam Gaunpalika,5,Ward - 5,564,2540,1238,1302,77504
7,71,9,Lekam Gaunpalika,6,Ward - 6,458,2103,930,1173,77504
7,72,1,Dilasaini Gaunpalika,1,Ward - 1,620,3514,1786,1728,77402
7,72,1,Dilasaini Gaunpalika,2,Ward - 2,618,3135,1536,1599,77402
7,72,1,Dilasaini Gaunpalika,3,Ward - 3,758,3846,1887,1959,77402
7,72,1,Dilasaini Gaunpalika,4,Ward - 4,519,2700,1278,1422,77402
7,72,1,Dilasaini Gaunpalika,5,Ward - 5,672,3714,1756,1958,77402
7,72,1,Dilasaini Gaunpalika,6,Ward - 6,600,2696,1270,1426,77402
7,72,1,Dilasaini Gaunpalika,7,Ward - 7,722,3361,1622,1739,77402
7,72,2,Dogada Kedar Gaunpalika,1,Ward - 1,727,3800,1797,2003,77403
7,72,2,Dogada Kedar Gaunpalika,2,Ward - 2,536,2597,1206,1391,77403
7,72,2,Dogada Kedar Gaunpalika,3,Ward - 3,677,3417,1611,1806,77403
7,72,2,Dogada Kedar Gaunpalika,4,Ward - 4,696,3095,1423,1672,77403
7,72,2,Dogada Kedar Gaunpalika,5,Ward - 5,575,2848,1345,1503,77403
7,72,2,Dogada Kedar Gaunpalika,6,Ward - 6,757,3758,1811,1947,77403
7,72,2,Dogada Kedar Gaunpalika,7,Ward - 7,309,1576,696,880,77403
7,72,2,Dogada Kedar Gaunpalika,8,Ward - 8,395,2013,938,1075,77403
7,72,3,Puchaundi Municipality,1,Ward - 1,440,2197,1067,1130,77407
7,72,3,Puchaundi Municipality,2,Ward - 2,575,3071,1483,1588,77407
7,72,3,Puchaundi Municipality,3,Ward - 3,806,4369,2100,2269,77407
7,72,3,Puchaundi Municipality,4,Ward - 4,696,3850,1877,1973,77407
7,72,3,Puchaundi Municipality,5,Ward - 5,976,5807,2837,2970,77407
7,72,3,Puchaundi Municipality,6,Ward - 6,872,4706,2293,2413,77407
7,72,3,Puchaundi Municipality,7,Ward - 7,682,3402,1611,1791,77407
7,72,3,Puchaundi Municipality,8,Ward - 8,739,3912,1862,2050,77407
7,72,3,Puchaundi Municipality,9,Ward - 9,608,3061,1489,1572,77407
7,72,3,Puchaundi Municipality,10,Ward - 10,751,3906,1811,2095,77407
7,72,4,Surnaya Gaunpalika,1,Ward - 1,215,1077,502,575,77410
7,72,4,Surnaya Gaunpalika,2,Ward - 2,560,2546,1160,1386,77410
7,72,4,Surnaya Gaunpalika,3,Ward - 3,403,2006,920,1086,77410
7,72,4,Surnaya Gaunpalika,4,Ward - 4,677,3156,1428,1728,77410
7,72,4,Surnaya Gaunpalika,5,Ward - 5,568,2526,1165,1361,77410
7,72,4,Surnaya Gaunpalika,6,Ward - 6,383,1830,888,942,77410
7,72,4,Surnaya Gaunpalika,7,Ward - 7,522,2467,1121,1346,77410
7,72,4,Surnaya Gaunpalika,8,Ward - 8,455,2337,1101,1236,77410
7,72,5,Dasharathchand Municipality,1,Ward - 1,844,4223,1947,2276,77401
7,72,5,Dasharathchand Municipality,2,Ward - 2,962,4343,1970,2373,77401
7,72,5,Dasharathchand Municipality,3,Ward - 3,459,1971,917,1054,77401
7,72,5,Dasharathchand Municipality,4,Ward - 4,1305,5213,2517,2696,77401
7,72,5,Dasharathchand Municipality,5,Ward - 5,539,2326,1122,1204,77401
7,72,5,Dasharathchand Municipality,6,Ward - 6,738,3011,1376,1635,77401
7,72,5,Dasharathchand Municipality,7,Ward - 7,342,1475,666,809,77401
7,72,5,Dasharathchand Municipality,8,Ward - 8,449,1795,837,958,77401
7,72,5,Dasharathchand Municipality,9,Ward - 9,799,4021,1844,2177,77401
7,72,5,Dasharathchand Municipality,10,Ward - 10,374,1571,701,870,77401
7,72,5,Dasharathchand Municipality,11,Ward - 11,387,1618,718,900,77401
7,72,6,Pancheshwor Gaunpalika,1,Ward - 1,693,3826,1726,2100,77405
7,72,6,Pancheshwor Gaunpalika,2,Ward - 2,368,2020,931,1089,77405
7,72,6,Pancheshwor Gaunpalika,3,Ward - 3,546,2569,1227,1342,77405
7,72,6,Pancheshwor Gaunpalika,4,Ward - 4,941,4652,2119,2533,77405
7,72,6,Pancheshwor Gaunpalika,5,Ward - 5,611,2887,1306,1581,77405
7,72,6,Pancheshwor Gaunpalika,6,Ward - 6,415,1842,851,991,77405
7,72,7,Shivanath Gaunpalika,1,Ward - 1,689,3843,1741,2102,77408
7,72,7,Shivanath Gaunpalika,2,Ward - 2,822,4516,2136,2380,77408
7,72,7,Shivanath Gaunpalika,3,Ward - 3,338,1976,917,1059,77408
7,72,7,Shivanath Gaunpalika,4,Ward - 4,570,2872,1300,1572,77408
7,72,7,Shivanath Gaunpalika,5,Ward - 5,640,2985,1346,1639,77408
7,72,7,Shivanath Gaunpalika,6,Ward - 6,375,1872,859,1013,77408
7,72,8,Melauli Municipality,1,Ward - 1,791,3822,1755,2067,77404
7,72,8,Melauli Municipality,2,Ward - 2,640,2936,1338,1598,77404
7,72,8,Melauli Municipality,3,Ward - 3,501,1913,838,1075,77404
7,72,8,Melauli Municipality,4,Ward - 4,343,1239,561,678,77404
7,72,8,Melauli Municipality,5,Ward - 5,462,2162,962,1200,77404
7,72,8,Melauli Municipality,6,Ward - 6,377,1727,828,899,77404
7,72,8,Melauli Municipality,7,Ward - 7,699,3240,1495,1745,77404
7,72,8,Melauli Municipality,8,Ward - 8,323,1688,805,883,77404
7,72,8,Melauli Municipality,9,Ward - 9,400,1931,919,1012,77404
7,72,9,Patan Municipality,1,Ward - 1,726,3555,1635,1920,77406
7,72,9,Patan Municipality,2,Ward - 2,503,2458,1171,1287,77406
7,72,9,Patan Municipality,3,Ward - 3,594,2503,1141,1362,77406
7,72,9,Patan Municipality,4,Ward - 4,685,3286,1507,1779,77406
7,72,9,Patan Municipality,5,Ward - 5,571,2441,1066,1375,77406
7,72,9,Patan Municipality,6,Ward - 6,1327,5621,2657,2964,77406
7,72,9,Patan Municipality,7,Ward - 7,399,2051,980,1071,77406
7,72,9,Patan Municipality,8,Ward - 8,670,2853,1350,1503,77406
7,72,9,Patan Municipality,9,Ward - 9,443,2011,904,1107,77406
7,72,9,Patan Municipality,10,Ward - 10,524,2451,1147,1304,77406
7,72,10,Sigas Gaunpalika,1,Ward - 1,505,2589,1166,1423,77409
7,72,10,Sigas Gaunpalika,2,Ward - 2,623,3378,1634,1744,77409
7,72,10,Sigas Gaunpalika,3,Ward - 3,396,2406,1139,1267,77409
7,72,10,Sigas Gaunpalika,4,Ward - 4,284,1785,890,895,77409
7,72,10,Sigas Gaunpalika,5,Ward - 5,372,1825,844,981,77409
7,72,10,Sigas Gaunpalika,6,Ward - 6,583,2829,1335,1494,77409
7,72,10,Sigas Gaunpalika,7,Ward - 7,425,2213,1029,1184,77409
7,72,10,Sigas Gaunpalika,8,Ward - 8,374,2030,970,1060,77409
7,72,10,Sigas Gaunpalika,9,Ward - 9,552,2759,1343,1416,77409
7,73,1,Nawadurga Gaunpalika,1,Ward - 1,1024,4065,1746,2319,77306
7,73,1,Nawadurga Gaunpalika,2,Ward - 2,1047,4351,1835,2516,77306
7,73,1,Nawadurga Gaunpalika,3,Ward - 3,761,3060,1314,1746,77306
7,73,1,Nawadurga Gaunpalika,4,Ward - 4,919,4446,2038,2408,77306
7,73,1,Nawadurga Gaunpalika,5,Ward - 5,567,2750,1263,1487,77306
7,73,2,Amargadhi Municipality,1,Ward - 1,674,2661,1215,1446,77303
7,73,2,Amargadhi Municipality,2,Ward - 2,478,2125,1014,1111,77303
7,73,2,Amargadhi Municipality,3,Ward - 3,384,1755,891,864,77303
7,73,2,Amargadhi Municipality,4,Ward - 4,472,1734,873,861,77303
7,73,2,Amargadhi Municipality,5,Ward - 5,1842,6372,3481,2891,77303
7,73,2,Amargadhi Municipality,6,Ward - 6,340,1553,763,790,77303
7,73,2,Amargadhi Municipality,7,Ward - 7,528,2193,1045,1148,77303
7,73,2,Amargadhi Municipality,8,Ward - 8,434,1912,929,983,77303
7,73,2,Amargadhi Municipality,9,Ward - 9,322,1276,542,734,77303
7,73,2,Amargadhi Municipality,10,Ward - 10,322,1212,531,681,77303
7,73,2,Amargadhi Municipality,11,Ward - 11,386,1356,526,830,77303
7,73,3,Ajayameru Gaunpalika,1,Ward - 1,517,2256,1004,1252,77301
7,73,3,Ajayameru Gaunpalika,2,Ward - 2,799,3490,1600,1890,77301
7,73,3,Ajayameru Gaunpalika,3,Ward - 3,480,1910,882,1028,77301
7,73,3,Ajayameru Gaunpalika,4,Ward - 4,569,2366,1119,1247,77301
7,73,3,Ajayameru Gaunpalika,5,Ward - 5,580,2649,1220,1429,77301
7,73,3,Ajayameru Gaunpalika,6,Ward - 6,508,2490,1196,1294,77301
7,73,4,Bhageshwor Gaunpalika,1,Ward - 1,585,3124,1507,1617,77304
7,73,4,Bhageshwor Gaunpalika,2,Ward - 2,376,1908,943,965,77304
7,73,4,Bhageshwor Gaunpalika,3,Ward - 3,782,3539,1661,1878,77304
7,73,4,Bhageshwor Gaunpalika,4,Ward - 4,690,2899,1367,1532,77304
7,73,4,Bhageshwor Gaunpalika,5,Ward - 5,361,1662,826,836,77304
7,73,5,Parashuram Municipality,1,Ward - 1,524,2601,1162,1439,77307
7,73,5,Parashuram Municipality,2,Ward - 2,227,1104,584,520,77307
7,73,5,Parashuram Municipality,3,Ward - 3,406,2061,982,1079,77307
7,73,5,Parashuram Municipality,4,Ward - 4,967,4633,2189,2444,77307
7,73,5,Parashuram Municipality,5,Ward - 5,703,3183,1475,1708,77307
7,73,5,Parashuram Municipality,6,Ward - 6,515,2289,1092,1197,77307
7,73,5,Parashuram Municipality,7,Ward - 7,636,3163,1561,1602,77307
7,73,5,Parashuram Municipality,8,Ward - 8,391,2038,938,1100,77307
7,73,5,Parashuram Municipality,9,Ward - 9,775,3726,1680,2046,77307
7,73,5,Parashuram Municipality,10,Ward - 10,813,4051,1864,2187,77307
7,73,5,Parashuram Municipality,11,Ward - 11,542,2614,1261,1353,77307
7,73,5,Parashuram Municipality,12,Ward - 12,935,4127,1953,2174,77307
7,73,6,Aalital Gaunpalika,1,Ward - 1,449,2084,1030,1054,77302
7,73,6,Aalital Gaunpalika,2,Ward - 2,330,1468,706,762,77302
7,73,6,Aalital Gaunpalika,3,Ward - 3,606,3016,1461,1555,77302
7,73,6,Aalital Gaunpalika,4,Ward - 4,419,2048,996,1052,77302
7,73,6,Aalital Gaunpalika,5,Ward - 5,373,1902,914,988,77302
7,73,6,Aalital Gaunpalika,6,Ward - 6,483,2312,1087,1225,77302
7,73,6,Aalital Gaunpalika,7,Ward - 7,396,2041,949,1092,77302
7,73,6,Aalital Gaunpalika,8,Ward - 8,654,3241,1613,1628,77302
7,73,7,Ganyapdhura Gaunpalika,1,Ward - 1,686,3125,1493,1632,77305
7,73,7,Ganyapdhura Gaunpalika,2,Ward - 2,795,3150,1398,1752,77305
7,73,7,Ganyapdhura Gaunpalika,3,Ward - 3,847,3365,1377,1988,77305
7,73,7,Ganyapdhura Gaunpalika,4,Ward - 4,476,2069,888,1181,77305
7,73,7,Ganyapdhura Gaunpalika,5,Ward - 5,477,2013,908,1105,77305
7,74,1,Purbichouki Gaunpalika,1,Ward - 1,633,2620,1137,1483,77007
7,74,1,Purbichouki Gaunpalika,2,Ward - 2,807,3461,1510,1951,77007
7,74,1,Purbichouki Gaunpalika,3,Ward - 3,762,3204,1358,1846,77007
7,74,1,Purbichouki Gaunpalika,4,Ward - 4,629,2277,1021,1256,77007
7,74,1,Purbichouki Gaunpalika,5,Ward - 5,842,3563,1512,2051,77007
7,74,1,Purbichouki Gaunpalika,6,Ward - 6,602,2481,1013,1468,77007
7,74,1,Purbichouki Gaunpalika,7,Ward - 7,873,3888,1687,2201,77007
7,74,2,Sayal Gaunpalika,1,Ward - 1,664,3613,1734,1879,77008
7,74,2,Sayal Gaunpalika,2,Ward - 2,553,2619,1186,1433,77008
7,74,2,Sayal Gaunpalika,3,Ward - 3,687,3347,1518,1829,77008
7,74,2,Sayal Gaunpalika,4,Ward - 4,693,3220,1430,1790,77008
7,74,2,Sayal Gaunpalika,5,Ward - 5,589,3063,1432,1631,77008
7,74,2,Sayal Gaunpalika,6,Ward - 6,1021,4594,1906,2688,77008
7,74,3,Aadarsha Gaunpalika,1,Ward - 1,902,3871,1511,2360,77001
7,74,3,Aadarsha Gaunpalika,2,Ward - 2,949,4384,1823,2561,77001
7,74,3,Aadarsha Gaunpalika,3,Ward - 3,625,2983,1282,1701,77001
7,74,3,Aadarsha Gaunpalika,4,Ward - 4,738,3330,1431,1899,77001
7,74,3,Aadarsha Gaunpalika,5,Ward - 5,797,3592,1546,2046,77001
7,74,3,Aadarsha Gaunpalika,6,Ward - 6,870,4121,1819,2302,77001
7,74,3,Aadarsha Gaunpalika,7,Ward - 7,436,2214,988,1226,77001
7,74,4,Shikhar Municipality,1,Ward - 1,901,3786,1538,2248,77009
7,74,4,Shikhar Municipality,2,Ward - 2,536,2116,865,1251,77009
7,74,4,Shikhar Municipality,3,Ward - 3,377,1610,716,894,77009
7,74,4,Shikhar Municipality,4,Ward - 4,637,3078,1467,1611,77009
7,74,4,Shikhar Municipality,5,Ward - 5,441,2261,1112,1149,77009
7,74,4,Shikhar Municipality,6,Ward - 6,683,2831,1242,1589,77009
7,74,4,Shikhar Municipality,7,Ward - 7,556,2179,918,1261,77009
7,74,4,Shikhar Municipality,8,Ward - 8,608,2505,1118,1387,77009
7,74,4,Shikhar Municipality,9,Ward - 9,346,1594,695,899,77009
7,74,4,Shikhar Municipality,10,Ward - 10,1035,4650,2045,2605,77009
7,74,4,Shikhar Municipality,11,Ward - 11,896,3789,1596,2193,77009
7,74,5,Dipayal Silgadhi Municipality,1,Ward - 1,891,3836,1558,2278,77004
7,74,5,Dipayal Silgadhi Municipality,2,Ward - 2,845,3717,1650,2067,77004
7,74,5,Dipayal Silgadhi Municipality,3,Ward - 3,824,3455,1457,1998,77004
7,74,5,Dipayal Silgadhi Municipality,4,Ward - 4,1416,4796,2658,2138,77004
7,74,5,Dipayal Silgadhi Municipality,5,Ward - 5,937,3745,1628,2117,77004
7,74,5,Dipayal Silgadhi Municipality,6,Ward - 6,935,3241,1717,1524,77004
7,74,5,Dipayal Silgadhi Municipality,7,Ward - 7,854,3507,1443,2064,77004
7,74,5,Dipayal Silgadhi Municipality,8,Ward - 8,903,3814,1644,2170,77004
7,74,5,Dipayal Silgadhi Municipality,9,Ward - 9,780,3857,1714,2143,77004
7,74,6,K.I. Singh Gaunpalika,1,Ward - 1,533,2318,999,1319,77006
7,74,6,K.I. Singh Gaunpalika,2,Ward - 2,642,3128,1369,1759,77006
7,74,6,K.I. Singh Gaunpalika,3,Ward - 3,753,3530,1545,1985,77006
7,74,6,K.I. Singh Gaunpalika,4,Ward - 4,1017,4115,1771,2344,77006
7,74,6,K.I. Singh Gaunpalika,5,Ward - 5,656,2996,1252,1744,77006
7,74,6,K.I. Singh Gaunpalika,6,Ward - 6,583,2351,993,1358,77006
7,74,6,K.I. Singh Gaunpalika,7,Ward - 7,496,2298,1061,1237,77006
7,74,7,Bogatan Phudsil Gaunpalika,1,Ward - 1,547,2882,1438,1444,77003
7,74,7,Bogatan Phudsil Gaunpalika,2,Ward - 2,289,1505,713,792,77003
7,74,7,Bogatan Phudsil Gaunpalika,3,Ward - 3,349,1693,775,918,77003
7,74,7,Bogatan Phudsil Gaunpalika,4,Ward - 4,578,2897,1343,1554,77003
7,74,7,Bogatan Phudsil Gaunpalika,5,Ward - 5,355,1816,839,977,77003
7,74,7,Bogatan Phudsil Gaunpalika,6,Ward - 6,556,2439,1040,1399,77003
7,74,7,Bogatan Phudsil Gaunpalika,7,Ward - 7,488,2308,1111,1197,77003
7,74,8,Badi Kedar Gaunpalika,1,Ward - 1,522,2566,1244,1322,77002
7,74,8,Badi Kedar Gaunpalika,2,Ward - 2,505,2520,1255,1265,77002
7,74,8,Badi Kedar Gaunpalika,3,Ward - 3,660,3305,1631,1674,77002
7,74,8,Badi Kedar Gaunpalika,4,Ward - 4,616,3234,1618,1616,77002
7,74,8,Badi Kedar Gaunpalika,5,Ward - 5,602,3277,1629,1648,77002
7,74,9,Jorayal Gaunpalika,1,Ward - 1,618,2925,1453,1472,77005
7,74,9,Jorayal Gaunpalika,2,Ward - 2,883,4148,2038,2110,77005
7,74,9,Jorayal Gaunpalika,3,Ward - 3,642,2750,1318,1432,77005
7,74,9,Jorayal Gaunpalika,4,Ward - 4,1092,4979,2478,2501,77005
7,74,9,Jorayal Gaunpalika,5,Ward - 5,511,2253,1077,1176,77005
7,74,9,Jorayal Gaunpalika,6,Ward - 6,574,2733,1354,1379,77005
7,75,1,Panchdebal Binayak Municipality,1,Ward - 1,313,1356,590,766,76907
7,75,1,Panchdebal Binayak Municipality,2,Ward - 2,554,2628,1178,1450,76907
7,75,1,Panchdebal Binayak Municipality,3,Ward - 3,632,2900,1328,1572,76907
7,75,1,Panchdebal Binayak Municipality,4,Ward - 4,683,3123,1361,1762,76907
7,75,1,Panchdebal Binayak Municipality,5,Ward - 5,537,2435,1070,1365,76907
7,75,1,Panchdebal Binayak Municipality,6,Ward - 6,748,3569,1587,1982,76907
7,75,1,Panchdebal Binayak Municipality,7,Ward - 7,638,3028,1442,1586,76907
7,75,1,Panchdebal Binayak Municipality,8,Ward - 8,705,3780,1802,1978,76907
7,75,1,Panchdebal Binayak Municipality,9,Ward - 9,602,3269,1535,1734,76907
7,75,2,Ramaroshan Gaunpalika,1,Ward - 1,472,2243,1039,1204,76908
7,75,2,Ramaroshan Gaunpalika,2,Ward - 2,259,1214,561,653,76908
7,75,2,Ramaroshan Gaunpalika,3,Ward - 3,599,2728,1296,1432,76908
7,75,2,Ramaroshan Gaunpalika,4,Ward - 4,762,3732,1760,1972,76908
7,75,2,Ramaroshan Gaunpalika,5,Ward - 5,1210,5966,2839,3127,76908
7,75,2,Ramaroshan Gaunpalika,6,Ward - 6,892,4318,1976,2342,76908
7,75,2,Ramaroshan Gaunpalika,7,Ward - 7,638,3399,1614,1785,76908
7,75,3,Mellekh Gaunpalika,1,Ward - 1,532,2340,1062,1278,76906
7,75,3,Mellekh Gaunpalika,2,Ward - 2,457,2220,1067,1153,76906
7,75,3,Mellekh Gaunpalika,3,Ward - 3,506,2500,1176,1324,76906
7,75,3,Mellekh Gaunpalika,4,Ward - 4,814,4267,1926,2341,76906
7,75,3,Mellekh Gaunpalika,5,Ward - 5,684,3090,1413,1677,76906
7,75,3,Mellekh Gaunpalika,6,Ward - 6,718,3416,1603,1813,76906
7,75,3,Mellekh Gaunpalika,7,Ward - 7,683,3457,1535,1922,76906
7,75,3,Mellekh Gaunpalika,8,Ward - 8,328,1495,640,855,76906
7,75,4,Sanphebagar Municipality,1,Ward - 1,283,1088,502,586,76909
7,75,4,Sanphebagar Municipality,2,Ward - 2,433,1666,726,940,76909
7,75,4,Sanphebagar Municipality,3,Ward - 3,847,3111,1508,1603,76909
7,75,4,Sanphebagar Municipality,4,Ward - 4,945,3553,1766,1787,76909
7,75,4,Sanphebagar Municipality,5,Ward - 5,317,1357,579,778,76909
7,75,4,Sanphebagar Municipality,6,Ward - 6,193,753,317,436,76909
7,75,4,Sanphebagar Municipality,7,Ward - 7,353,1363,621,742,76909
7,75,4,Sanphebagar Municipality,8,Ward - 8,367,1409,620,789,76909
7,75,4,Sanphebagar Municipality,9,Ward - 9,403,1725,728,997,76909
7,75,4,Sanphebagar Municipality,10,Ward - 10,521,2263,997,1266,76909
7,75,4,Sanphebagar Municipality,11,Ward - 11,330,1639,737,902,76909
7,75,4,Sanphebagar Municipality,12,Ward - 12,293,1379,679,700,76909
7,75,4,Sanphebagar Municipality,13,Ward - 13,551,2367,1026,1341,76909
7,75,4,Sanphebagar Municipality,14,Ward - 14,475,2218,983,1235,76909
7,75,5,Chaurpati Gaunpalika,1,Ward - 1,1002,4970,2270,2700,76902
7,75,5,Chaurpati Gaunpalika,2,Ward - 2,814,3766,1556,2210,76902
7,75,5,Chaurpati Gaunpalika,3,Ward - 3,581,2792,1222,1570,76902
7,75,5,Chaurpati Gaunpalika,4,Ward - 4,870,3612,1522,2090,76902
7,75,5,Chaurpati Gaunpalika,5,Ward - 5,626,2704,1206,1498,76902
7,75,5,Chaurpati Gaunpalika,6,Ward - 6,491,2133,935,1198,76902
7,75,5,Chaurpati Gaunpalika,7,Ward - 7,427,1704,773,931,76902
7,75,6,Mangalsen Municipality,1,Ward - 1,477,2285,1001,1284,76905
7,75,6,Mangalsen Municipality,2,Ward - 2,95,453,224,229,76905
7,75,6,Mangalsen Municipality,3,Ward - 3,619,2827,1300,1527,76905
7,75,6,Mangalsen Municipality,4,Ward - 4,470,1962,877,1085,76905
7,75,6,Mangalsen Municipality,5,Ward - 5,1193,4384,2257,2127,76905
7,75,6,Mangalsen Municipality,6,Ward - 6,257,1162,514,648,76905
7,75,6,Mangalsen Municipality,7,Ward - 7,333,1544,668,876,76905
7,75,6,Mangalsen Municipality,8,Ward - 8,282,1179,539,640,76905
7,75,6,Mangalsen Municipality,9,Ward - 9,319,1265,549,716,76905
7,75,6,Mangalsen Municipality,10,Ward - 10,262,1169,524,645,76905
7,75,6,Mangalsen Municipality,11,Ward - 11,231,961,410,551,76905
7,75,6,Mangalsen Municipality,12,Ward - 12,548,2437,1068,1369,76905
7,75,6,Mangalsen Municipality,13,Ward - 13,618,2755,1242,1513,76905
7,75,6,Mangalsen Municipality,14,Ward - 14,518,2174,909,1265,76905
7,75,7,Bannigadhi Jayagadh Gaunpalika,1,Ward - 1,296,1151,496,655,76901
7,75,7,Bannigadhi Jayagadh Gaunpalika,2,Ward - 2,335,1383,572,811,76901
7,75,7,Bannigadhi Jayagadh Gaunpalika,3,Ward - 3,849,3994,1759,2235,76901
7,75,7,Bannigadhi Jayagadh Gaunpalika,4,Ward - 4,362,1537,661,876,76901
7,75,7,Bannigadhi Jayagadh Gaunpalika,5,Ward - 5,543,2186,911,1275,76901
7,75,7,Bannigadhi Jayagadh Gaunpalika,6,Ward - 6,749,3268,1420,1848,76901
7,75,8,Kamal bazar Municipality,1,Ward - 1,558,2577,1173,1404,76904
7,75,8,Kamal bazar Municipality,2,Ward - 2,342,1497,739,758,76904
7,75,8,Kamal bazar Municipality,3,Ward - 3,418,1834,789,1045,76904
7,75,8,Kamal bazar Municipality,4,Ward - 4,564,2349,1057,1292,76904
7,75,8,Kamal bazar Municipality,5,Ward - 5,530,2508,1078,1430,76904
7,75,8,Kamal bazar Municipality,6,Ward - 6,549,2623,1215,1408,76904
7,75,8,Kamal bazar Municipality,7,Ward - 7,476,2366,1039,1327,76904
7,75,8,Kamal bazar Municipality,8,Ward - 8,327,1576,724,852,76904
7,75,8,Kamal bazar Municipality,9,Ward - 9,375,1704,773,931,76904
7,75,8,Kamal bazar Municipality,10,Ward - 10,430,1998,867,1131,76904
7,75,9,Dhakari Gaunpalika,1,Ward - 1,838,4314,2132,2182,76903
7,75,9,Dhakari Gaunpalika,2,Ward - 2,452,2062,952,1110,76903
7,75,9,Dhakari Gaunpalika,3,Ward - 3,636,3302,1619,1683,76903
7,75,9,Dhakari Gaunpalika,4,Ward - 4,460,2282,1015,1267,76903
7,75,9,Dhakari Gaunpalika,5,Ward - 5,364,1988,989,999,76903
7,75,9,Dhakari Gaunpalika,6,Ward - 6,637,3279,1569,1710,76903
7,75,9,Dhakari Gaunpalika,7,Ward - 7,513,2733,1361,1372,76903
7,75,9,Dhakari Gaunpalika,8,Ward - 8,405,2038,948,1090,76903
7,75,10,Turmakhand Gaunpalika,1,Ward - 1,774,3588,1688,1900,76910
7,75,10,Turmakhand Gaunpalika,2,Ward - 2,258,1364,700,664,76910
7,75,10,Turmakhand Gaunpalika,3,Ward - 3,994,4739,2286,2453,76910
7,75,10,Turmakhand Gaunpalika,4,Ward - 4,996,4317,2055,2262,76910
7,75,10,Turmakhand Gaunpalika,5,Ward - 5,533,2599,1278,1321,76910
7,75,10,Turmakhand Gaunpalika,6,Ward - 6,565,2664,1246,1418,76910
7,75,10,Turmakhand Gaunpalika,7,Ward - 7,417,2059,983,1076,76910
7,75,10,Turmakhand Gaunpalika,8,Ward - 8,712,3244,1423,1821,76910
7,76,1,Mohanyal Gaunpalika,1,Ward - 1,408,1994,1010,984,77112
7,76,1,Mohanyal Gaunpalika,2,Ward - 2,462,2326,1190,1136,77112
7,76,1,Mohanyal Gaunpalika,3,Ward - 3,987,4901,2382,2519,77112
7,76,1,Mohanyal Gaunpalika,4,Ward - 4,376,1855,938,917,77112
7,76,1,Mohanyal Gaunpalika,5,Ward - 5,549,2891,1419,1472,77112
7,76,1,Mohanyal Gaunpalika,6,Ward - 6,801,3459,1522,1937,77112
7,76,1,Mohanyal Gaunpalika,7,Ward - 7,764,3656,1819,1837,77112
7,76,2,Chure Gaunpalika,1,Ward - 1,979,5086,2567,2519,77103
7,76,2,Chure Gaunpalika,2,Ward - 2,402,2258,1128,1130,77103
7,76,2,Chure Gaunpalika,3,Ward - 3,685,3324,1616,1708,77103
7,76,2,Chure Gaunpalika,4,Ward - 4,808,4133,2070,2063,77103
7,76,2,Chure Gaunpalika,5,Ward - 5,560,2832,1436,1396,77103
7,76,2,Chure Gaunpalika,6,Ward - 6,805,3767,1912,1855,77103
7,76,3,Godawari Municipality,1,Ward - 1,2960,13496,6719,6777,77107
7,76,3,Godawari Municipality,2,Ward - 2,2978,12653,6168,6485,77107
7,76,3,Godawari Municipality,3,Ward - 3,2177,10111,4652,5459,77107
7,76,3,Godawari Municipality,4,Ward - 4,2262,10584,5159,5425,77107
7,76,3,Godawari Municipality,5,Ward - 5,1567,7486,3632,3854,77107
7,76,3,Godawari Municipality,6,Ward - 6,1656,7764,3672,4092,77107
7,76,3,Godawari Municipality,7,Ward - 7,1098,5070,2279,2791,77107
7,76,3,Godawari Municipality,8,Ward - 8,1717,8502,3975,4527,77107
7,76,3,Godawari Municipality,9,Ward - 9,1647,8062,3722,4340,77107
7,76,3,Godawari Municipality,10,Ward - 10,1041,4840,2252,2588,77107
7,76,3,Godawari Municipality,11,Ward - 11,981,4552,1940,2612,77107
7,76,3,Godawari Municipality,12,Ward - 12,1166,5626,2522,3104,77107
7,76,4,Gauriganga Municipality,1,Ward - 1,1794,8607,4112,4495,77105
7,76,4,Gauriganga Municipality,2,Ward - 2,1002,4588,2011,2577,77105
7,76,4,Gauriganga Municipality,3,Ward - 3,1171,5482,2467,3015,77105
7,76,4,Gauriganga Municipality,4,Ward - 4,1724,8208,3834,4374,77105
7,76,4,Gauriganga Municipality,5,Ward - 5,967,4674,2123,2551,77105
7,76,4,Gauriganga Municipality,6,Ward - 6,1460,6638,2928,3710,77105
7,76,4,Gauriganga Municipality,7,Ward - 7,1367,6576,2986,3590,77105
7,76,4,Gauriganga Municipality,8,Ward - 8,1520,6858,3251,3607,77105
7,76,4,Gauriganga Municipality,9,Ward - 9,1116,5094,2394,2700,77105
7,76,4,Gauriganga Municipality,10,Ward - 10,867,4108,1883,2225,77105
7,76,4,Gauriganga Municipality,11,Ward - 11,793,3725,1702,2023,77105
7,76,5,Ghodaghodi Municipality,1,Ward - 1,3026,13125,6256,6869,77106
7,76,5,Ghodaghodi Municipality,2,Ward - 2,1379,6539,3042,3497,77106
7,76,5,Ghodaghodi Municipality,3,Ward - 3,1429,6767,3103,3664,77106
7,76,5,Ghodaghodi Municipality,4,Ward - 4,2109,10077,4708,5369,77106
7,76,5,Ghodaghodi Municipality,5,Ward - 5,1620,7793,3638,4155,77106
7,76,5,Ghodaghodi Municipality,6,Ward - 6,1052,5042,2257,2785,77106
7,76,5,Ghodaghodi Municipality,7,Ward - 7,876,3945,1779,2166,77106
7,76,5,Ghodaghodi Municipality,8,Ward - 8,2139,10500,4980,5520,77106
7,76,5,Ghodaghodi Municipality,9,Ward - 9,1089,5015,2266,2749,77106
7,76,5,Ghodaghodi Municipality,10,Ward - 10,1957,8666,4082,4584,77106
7,76,5,Ghodaghodi Municipality,11,Ward - 11,960,4876,2296,2580,77106
7,76,5,Ghodaghodi Municipality,12,Ward - 12,747,3689,1768,1921,77106
7,76,6,Bardagoriya Gaunpalika,1,Ward - 1,1649,8043,3807,4236,77101
7,76,6,Bardagoriya Gaunpalika,2,Ward - 2,1627,7755,3713,4042,77101
7,76,6,Bardagoriya Gaunpalika,3,Ward - 3,1095,5042,2338,2704,77101
7,76,6,Bardagoriya Gaunpalika,4,Ward - 4,1425,6327,2919,3408,77101
7,76,6,Bardagoriya Gaunpalika,5,Ward - 5,1205,5855,2807,3048,77101
7,76,6,Bardagoriya Gaunpalika,6,Ward - 6,939,4660,2190,2470,77101
7,76,7,Lamki Chuha Municipality,1,Ward - 1,4402,19334,9233,10101,77111
7,76,7,Lamki Chuha Municipality,2,Ward - 2,2051,8847,4108,4739,77111
7,76,7,Lamki Chuha Municipality,3,Ward - 3,1579,6616,3134,3482,77111
7,76,7,Lamki Chuha Municipality,4,Ward - 4,2730,12165,5646,6519,77111
7,76,7,Lamki Chuha Municipality,5,Ward - 5,1349,5807,2626,3181,77111
7,76,7,Lamki Chuha Municipality,6,Ward - 6,2375,10945,5052,5893,77111
7,76,7,Lamki Chuha Municipality,7,Ward - 7,1546,6995,3313,3682,77111
7,76,7,Lamki Chuha Municipality,8,Ward - 8,1463,6757,3054,3703,77111
7,76,7,Lamki Chuha Municipality,9,Ward - 9,1777,7700,3526,4174,77111
7,76,7,Lamki Chuha Municipality,10,Ward - 10,1140,5805,2749,3056,77111
7,76,8,Janaki Gaunpalika,1,Ward - 1,1256,5328,2477,2851,77108
7,76,8,Janaki Gaunpalika,2,Ward - 2,1172,5503,2595,2908,77108
7,76,8,Janaki Gaunpalika,3,Ward - 3,1211,5327,2506,2821,77108
7,76,8,Janaki Gaunpalika,4,Ward - 4,1185,5521,2530,2991,77108
7,76,8,Janaki Gaunpalika,5,Ward - 5,1066,4685,2227,2458,77108
7,76,8,Janaki Gaunpalika,6,Ward - 6,933,4417,2089,2328,77108
7,76,8,Janaki Gaunpalika,7,Ward - 7,1313,6391,3057,3334,77108
7,76,8,Janaki Gaunpalika,8,Ward - 8,1467,6592,2958,3634,77108
7,76,8,Janaki Gaunpalika,9,Ward - 9,1438,6096,2759,3337,77108
7,76,9,Joshipur Gaunpalika,1,Ward - 1,1270,5756,2776,2980,77109
7,76,9,Joshipur Gaunpalika,2,Ward - 2,992,4866,2332,2534,77109
7,76,9,Joshipur Gaunpalika,3,Ward - 3,1429,6423,2992,3431,77109
7,76,9,Joshipur Gaunpalika,4,Ward - 4,978,5076,2432,2644,77109
7,76,9,Joshipur Gaunpalika,5,Ward - 5,1154,5578,2671,2907,77109
7,76,9,Joshipur Gaunpalika,6,Ward - 6,970,4947,2416,2531,77109
7,76,9,Joshipur Gaunpalika,7,Ward - 7,958,4541,2135,2406,77109
7,76,10,Tikapur Municipality,1,Ward - 1,11607,46697,21977,24720,77113
7,76,10,Tikapur Municipality,2,Ward - 2,1687,7553,3473,4080,77113
7,76,10,Tikapur Municipality,3,Ward - 3,1106,5182,2443,2739,77113
7,76,10,Tikapur Municipality,4,Ward - 4,1079,4776,2223,2553,77113
7,76,10,Tikapur Municipality,5,Ward - 5,1085,4933,2369,2564,77113
7,76,10,Tikapur Municipality,6,Ward - 6,1061,4918,2293,2625,77113
7,76,10,Tikapur Municipality,7,Ward - 7,1482,7082,3420,3662,77113
7,76,10,Tikapur Municipality,8,Ward - 8,1099,5068,2350,2718,77113
7,76,10,Tikapur Municipality,9,Ward - 9,724,3626,1746,1880,77113
7,76,11,Bhajani Municipality,1,Ward - 1,1400,6182,2862,3320,77102
7,76,11,Bhajani Municipality,2,Ward - 2,946,4546,2238,2308,77102
7,76,11,Bhajani Municipality,3,Ward - 3,1222,6150,2921,3229,77102
7,76,11,Bhajani Municipality,4,Ward - 4,1339,6388,2940,3448,77102
7,76,11,Bhajani Municipality,5,Ward - 5,1143,5962,2801,3161,77102
7,76,11,Bhajani Municipality,6,Ward - 6,1198,6047,3031,3016,77102
7,76,11,Bhajani Municipality,7,Ward - 7,978,5542,2776,2766,77102
7,76,11,Bhajani Municipality,8,Ward - 8,1277,6166,2989,3177,77102
7,76,11,Bhajani Municipality,9,Ward - 9,1342,6511,3053,3458,77102
7,76,12,Kailari Gaunpalika,1,Ward - 1,1212,6176,2956,3220,77110
7,76,12,Kailari Gaunpalika,2,Ward - 2,1013,5064,2400,2664,77110
7,76,12,Kailari Gaunpalika,3,Ward - 3,939,4426,2150,2276,77110
7,76,12,Kailari Gaunpalika,4,Ward - 4,1005,4919,2361,2558,77110
7,76,12,Kailari Gaunpalika,5,Ward - 5,1256,5631,2725,2906,77110
7,76,12,Kailari Gaunpalika,6,Ward - 6,1215,6071,2920,3151,77110
7,76,12,Kailari Gaunpalika,7,Ward - 7,1496,7234,3535,3699,77110
7,76,12,Kailari Gaunpalika,8,Ward - 8,1041,5379,2610,2769,77110
7,76,12,Kailari Gaunpalika,9,Ward - 9,997,5017,2423,2594,77110
7,76,13,Dhangadhi Sub-Metropolitian City,1,Ward - 1,4611,18819,9437,9382,77104
7,76,13,Dhangadhi Sub-Metropolitian City,2,Ward - 2,4030,16736,8582,8154,77104
7,76,13,Dhangadhi Sub-Metropolitian City,3,Ward - 3,5002,21258,10738,10520,77104
7,76,13,Dhangadhi Sub-Metropolitian City,4,Ward - 4,2827,11840,6147,5693,77104
7,76,13,Dhangadhi Sub-Metropolitian City,5,Ward - 5,4338,17856,9122,8734,77104
7,76,13,Dhangadhi Sub-Metropolitian City,6,Ward - 6,1569,7435,3626,3809,77104
7,76,13,Dhangadhi Sub-Metropolitian City,7,Ward - 7,2957,12806,6388,6418,77104
7,76,13,Dhangadhi Sub-Metropolitian City,8,Ward - 8,2719,11620,5844,5776,77104
7,76,13,Dhangadhi Sub-Metropolitian City,9,Ward - 9,830,4112,1882,2230,77104
7,76,13,Dhangadhi Sub-Metropolitian City,10,Ward - 10,768,4548,2261,2287,77104
7,76,13,Dhangadhi Sub-Metropolitian City,11,Ward - 11,1255,6373,3128,3245,77104
7,76,13,Dhangadhi Sub-Metropolitian City,12,Ward - 12,2691,12319,5724,6595,77104
7,76,13,Dhangadhi Sub-Metropolitian City,13,Ward - 13,2596,12104,6017,6087,77104
7,76,13,Dhangadhi Sub-Metropolitian City,14,Ward - 14,2013,9018,4131,4887,77104
7,76,13,Dhangadhi Sub-Metropolitian City,15,Ward - 15,1088,5742,2809,2933,77104
7,76,13,Dhangadhi Sub-Metropolitian City,16,Ward - 16,1214,5691,2675,3016,77104
7,76,13,Dhangadhi Sub-Metropolitian City,17,Ward - 17,1288,6173,2931,3242,77104
7,76,13,Dhangadhi Sub-Metropolitian City,18,Ward - 18,1273,6176,2904,3272,77104
7,76,13,Dhangadhi Sub-Metropolitian City,19,Ward - 19,1710,8166,3838,4328,77104
7,77,1,Krishnapur Municipality,1,Ward - 1,1996,9240,4271,4969,77205
7,77,1,Krishnapur Municipality,2,Ward - 2,2770,12362,5899,6463,77205
7,77,1,Krishnapur Municipality,3,Ward - 3,708,3466,1644,1822,77205
7,77,1,Krishnapur Municipality,4,Ward - 4,2425,11241,5317,5924,77205
7,77,1,Krishnapur Municipality,5,Ward - 5,2007,9492,4593,4899,77205
7,77,1,Krishnapur Municipality,6,Ward - 6,1283,5978,2749,3229,77205
7,77,1,Krishnapur Municipality,7,Ward - 7,1677,8560,3991,4569,77205
7,77,1,Krishnapur Municipality,8,Ward - 8,912,4438,2184,2254,77205
7,77,1,Krishnapur Municipality,9,Ward - 9,1333,6723,3182,3541,77205
7,77,2,Shuklaphanta Municipality,1,Ward - 1,1251,5559,2478,3081,77209
7,77,2,Shuklaphanta Municipality,2,Ward - 2,512,2189,966,1223,77209
7,77,2,Shuklaphanta Municipality,3,Ward - 3,506,2374,1059,1315,77209
7,77,2,Shuklaphanta Municipality,4,Ward - 4,785,3725,1768,1957,77209
7,77,2,Shuklaphanta Municipality,5,Ward - 5,1227,5575,2474,3101,77209
7,77,2,Shuklaphanta Municipality,6,Ward - 6,492,2191,1010,1181,77209
7,77,2,Shuklaphanta Municipality,7,Ward - 7,1328,5762,2581,3181,77209
7,77,2,Shuklaphanta Municipality,8,Ward - 8,1372,6176,2864,3312,77209
7,77,2,Shuklaphanta Municipality,9,Ward - 9,655,2748,1191,1557,77209
7,77,2,Shuklaphanta Municipality,10,Ward - 10,1183,5118,2422,2696,77209
7,77,2,Shuklaphanta Municipality,11,Ward - 11,1692,7292,3361,3931,77209
7,77,2,Shuklaphanta Municipality,12,Ward - 12,1055,5260,2410,2850,77209
7,77,3,Bedkot Municipality,1,Ward - 1,944,4119,1870,2249,77201
7,77,3,Bedkot Municipality,2,Ward - 2,995,4516,2107,2409,77201
7,77,3,Bedkot Municipality,3,Ward - 3,1575,7712,3654,4058,77201
7,77,3,Bedkot Municipality,4,Ward - 4,1184,5399,2475,2924,77201
7,77,3,Bedkot Municipality,5,Ward - 5,1339,6190,2937,3253,77201
7,77,3,Bedkot Municipality,6,Ward - 6,1004,4774,2305,2469,77201
7,77,3,Bedkot Municipality,7,Ward - 7,1885,8385,3944,4441,77201
7,77,3,Bedkot Municipality,8,Ward - 8,898,4140,1946,2194,77201
7,77,3,Bedkot Municipality,9,Ward - 9,1121,4973,2337,2636,77201
7,77,3,Bedkot Municipality,10,Ward - 10,1650,7472,3458,4014,77201
7,77,4,Bhimdatta Municipality,1,Ward - 1,935,3965,1888,2077,77204
7,77,4,Bhimdatta Municipality,2,Ward - 2,1778,7982,3827,4155,77204
7,77,4,Bhimdatta Municipality,3,Ward - 3,1820,7484,3612,3872,77204
7,77,4,Bhimdatta Municipality,4,Ward - 4,1501,6282,3139,3143,77204
7,77,4,Bhimdatta Municipality,5,Ward - 5,1255,5594,2679,2915,77204
7,77,4,Bhimdatta Municipality,6,Ward - 6,2238,10263,5045,5218,77204
7,77,4,Bhimdatta Municipality,7,Ward - 7,1255,5551,2575,2976,77204
7,77,4,Bhimdatta Municipality,8,Ward - 8,1116,5228,2452,2776,77204
7,77,4,Bhimdatta Municipality,9,Ward - 9,1738,8198,3809,4389,77204
7,77,4,Bhimdatta Municipality,10,Ward - 10,2550,11202,5170,6032,77204
7,77,4,Bhimdatta Municipality,11,Ward - 11,845,4250,2063,2187,77204
7,77,4,Bhimdatta Municipality,12,Ward - 12,765,3580,1673,1907,77204
7,77,4,Bhimdatta Municipality,13,Ward - 13,1177,5391,2399,2992,77204
7,77,4,Bhimdatta Municipality,14,Ward - 14,678,3133,1400,1733,77204
7,77,4,Bhimdatta Municipality,15,Ward - 15,1010,4635,2171,2464,77204
7,77,4,Bhimdatta Municipality,16,Ward - 16,735,3228,1530,1698,77204
7,77,4,Bhimdatta Municipality,17,Ward - 17,462,2184,1041,1143,77204
7,77,4,Bhimdatta Municipality,18,Ward - 18,4624,19169,9441,9728,77204
7,77,4,Bhimdatta Municipality,19,Ward - 19,1088,5001,2318,2683,77204
7,77,5,Mahakali Municipality,1,Ward - 1,1078,5118,2333,2785,77207
7,77,5,Mahakali Municipality,2,Ward - 2,935,4174,1876,2298,77207
7,77,5,Mahakali Municipality,3,Ward - 3,1200,5054,2131,2923,77207
7,77,5,Mahakali Municipality,4,Ward - 4,1091,4718,2136,2582,77207
7,77,5,Mahakali Municipality,5,Ward - 5,571,2530,1133,1397,77207
7,77,5,Mahakali Municipality,6,Ward - 6,880,3973,1712,2261,77207
7,77,5,Mahakali Municipality,7,Ward - 7,1290,5749,2469,3280,77207
7,77,5,Mahakali Municipality,8,Ward - 8,771,3559,1603,1956,77207
7,77,5,Mahakali Municipality,9,Ward - 9,883,3985,1766,2219,77207
7,77,5,Mahakali Municipality,10,Ward - 10,911,4114,1769,2345,77207
7,77,6,Laljhadi Gaunpalika,1,Ward - 1,842,5036,2490,2546,77206
7,77,6,Laljhadi Gaunpalika,2,Ward - 2,653,3786,1847,1939,77206
7,77,6,Laljhadi Gaunpalika,3,Ward - 3,710,4060,2011,2049,77206
7,77,6,Laljhadi Gaunpalika,4,Ward - 4,1114,5781,2839,2942,77206
7,77,6,Laljhadi Gaunpalika,5,Ward - 5,703,3237,1475,1762,77206
7,77,6,Laljhadi Gaunpalika,6,Ward - 6,723,3137,1482,1655,77206
7,77,7,Punarbas Municipality,1,Ward - 1,1659,7623,3551,4072,77208
7,77,7,Punarbas Municipality,2,Ward - 2,1464,6643,3069,3574,77208
7,77,7,Punarbas Municipality,3,Ward - 3,567,2338,1103,1235,77208
7,77,7,Punarbas Municipality,4,Ward - 4,1031,4439,1982,2457,77208
7,77,7,Punarbas Municipality,5,Ward - 5,1478,7048,3181,3867,77208
7,77,7,Punarbas Municipality,6,Ward - 6,1345,5484,2518,2966,77208
7,77,7,Punarbas Municipality,7,Ward - 7,658,3304,1545,1759,77208
7,77,7,Punarbas Municipality,8,Ward - 8,1107,4923,2222,2701,77208
7,77,7,Punarbas Municipality,9,Ward - 9,1601,7289,3137,4152,77208
7,77,7,Punarbas Municipality,10,Ward - 10,1356,6527,3021,3506,77208
7,77,7,Punarbas Municipality,11,Ward - 11,1360,6130,2826,3304,77208
7,77,8,Belouri Municipality,1,Ward - 1,663,3125,1431,1694,77202
7,77,8,Belouri Municipality,2,Ward - 2,1054,5628,2684,2944,77202
7,77,8,Belouri Municipality,3,Ward - 3,968,4501,2072,2429,77202
7,77,8,Belouri Municipality,4,Ward - 4,1293,5570,2677,2893,77202
7,77,8,Belouri Municipality,5,Ward - 5,1169,6215,2991,3224,77202
7,77,8,Belouri Municipality,6,Ward - 6,1430,6794,3237,3557,77202
7,77,8,Belouri Municipality,7,Ward - 7,718,3565,1703,1862,77202
7,77,8,Belouri Municipality,8,Ward - 8,1171,5927,2773,3154,77202
7,77,8,Belouri Municipality,9,Ward - 9,1256,5823,2632,3191,77202
7,77,8,Belouri Municipality,10,Ward - 10,1429,6762,3175,3587,77202
7,77,9,Beldandi Gaunpalika,1,Ward - 1,1026,4699,2063,2636,77203
7,77,9,Beldandi Gaunpalika,2,Ward - 2,1496,6802,3065,3737,77203
7,77,9,Beldandi Gaunpalika,3,Ward - 3,966,4609,2092,2517,77203
7,77,9,Beldandi Gaunpalika,4,Ward - 4,382,1880,881,999,77203
7,77,9,Beldandi Gaunpalika,5,Ward - 5,831,3898,1758,2140,77203
