province,district,local_level,ward_number,postal_code,local_level_code
कोशी,ताप्लेजुङ,फक्ताङ्लुङ्ग गाउँपालिका,1,1010101,10105
कोशी,ताप्लेजुङ,फक्ताङ्लुङ्ग गाउँपालिका,2,1010102,10105
कोशी,ताप्लेजुङ,फक्ताङ्लुङ्ग गाउँपालिका,3,1010103,10105
कोशी,ताप्लेजुङ,फक्ताङ्लुङ्ग गाउँपालिका,4,1010104,10105
कोशी,ताप्लेजुङ,फक्ताङ्लुङ्ग गाउँपालिका,5,1010105,10105
कोशी,ताप्लेजुङ,फक्ताङ्लुङ्ग गाउँपालिका,6,1010106,10105
कोशी,ताप्लेजुङ,फक्ताङ्लुङ्ग गाउँपालिका,7,1010107,10105
कोशी,ताप्लेजुङ,मिक्वाखोला गाउँपालिका,1,1010201,10102
कोशी,ताप्लेजुङ,मिक्वाखोला गाउँपालिका,2,1010202,10102
कोशी,ताप्लेजुङ,मिक्वाखोला गाउँपालिका,3,1010203,10102
कोशी,ताप्लेजुङ,मिक्वाखोला गाउँपालिका,4,1010204,10102
कोशी,ताप्लेजुङ,मिक्वाखोला गाउँपालिका,5,1010205,10102
कोशी,ताप्लेजुङ,मेरिङ्गदेन गाउँपालिका,1,1010301,10103
कोशी,ताप्लेजुङ,मेरिङ्गदेन गाउँपालिका,2,1010302,10103
कोशी,ताप्लेजुङ,मेरिङ्गदेन गाउँपालिका,3,1010303,10103
कोशी,ताप्लेजुङ,मेरिङ्गदेन गाउँपालिका,4,1010304,10103
कोशी,ताप्लेजुङ,मेरिङ्गदेन गाउँपालिका,5,1010305,10103
कोशी,ताप्लेजुङ,मेरिङ्गदेन गाउँपालिका,6,1010306,10103
कोशी,ताप्लेजुङ,मैवाखोला गाउँपालिका,1,1010401,10102
कोशी,ताप्लेजुङ,मैवाखोला गाउँपालिका,2,1010402,10102
कोशी,ताप्लेजुङ,मैवाखोला गाउँपालिका,3,1010403,10102
कोशी,ताप्लेजुङ,मैवाखोला गाउँपालिका,4,1010404,10102
कोशी,ताप्लेजुङ,मैवाखोला गाउँपालिका,5,1010405,10102
कोशी,ताप्लेजुङ,मैवाखोला गाउँपालिका,6,1010406,10102
कोशी,ताप्लेजुङ,आठराई त्रिवेणी गाउँपालिका,1,1010501,10101
कोशी,ताप्लेजुङ,आठराई त्रिवेणी गाउँपालिका,2,1010502,10101
कोशी,ताप्लेजुङ,आठराई त्रिवेणी गाउँपालिका,3,1010503,10101
कोशी,ताप्लेजुङ,आठराई त्रिवेणी गाउँपालिका,4,1010504,10101
कोशी,ताप्लेजुङ,आठराई त्रिवेणी गाउँपालिका,5,1010505,10101
कोशी,ताप्लेजुङ,फुङलिङ्ग नगरपालिका,1,1010601,10106
कोशी,ताप्लेजुङ,फुङलिङ्ग नगरपालिका,2,1010602,10106
कोशी,ताप्लेजुङ,फुङलिङ्ग नगरपालिका,3,1010603,10106
कोशी,ताप्लेजुङ,फुङलिङ्ग नगरपालिका,4,1010604,10106
कोशी,ताप्लेजुङ,फुङलिङ्ग नगरपालिका,5,1010605,10106
कोशी,ताप्लेजुङ,फुङलिङ्ग नगरपालिका,6,1010606,10106
कोशी,ताप्लेजुङ,फुङलिङ्ग नगरपालिका,7,1010607,10106
कोशी,ताप्लेजुङ,फुङलिङ्ग नगरपालिका,8,1010608,10106
कोशी,ताप्लेजुङ,फुङलिङ्ग नगरपालिका,9,1010609,10106
कोशी,ताप्लेजुङ,फुङलिङ्ग नगरपालिका,10,1010610,10106
कोशी,ताप्लेजुङ,फुङलिङ्ग नगरपालिका,11,1010611,10106
कोशी,ताप्लेजुङ,पाथिभरा याङ्वराक गाउँपालिका,1,1010701,10109
कोशी,ताप्लेजुङ,पाथिभरा याङ्वराक गाउँपालिका,2,1010702,10109
कोशी,ताप्लेजुङ,पाथिभरा याङ्वराक गाउँपालिका,3,1010703,10109
कोशी,ताप्लेजुङ,पाथिभरा याङ्वराक गाउँपालिका,4,1010704,10109
कोशी,ताप्लेजुङ,पाथिभरा याङ्वराक गाउँपालिका,5,1010705,10109
कोशी,ताप्लेजुङ,पाथिभरा याङ्वराक गाउँपालिका,6,1010706,10109
कोशी,ताप्लेजुङ,सिरीजङ्गा गाउँपालिका,1,1010801,10108
कोशी,ताप्लेजुङ,सिरीजङ्गा गाउँपालिका,2,1010802,10108
कोशी,ताप्लेजुङ,सिरीजङ्गा गाउँपालिका,3,1010803,10108
कोशी,ताप्लेजुङ,सिरीजङ्गा गाउँपालिका,4,1010804,10108
कोशी,ताप्लेजुङ,सिरीजङ्गा गाउँपालिका,5,1010805,10108
कोशी,ताप्लेजुङ,सिरीजङ्गा गाउँपालिका,6,1010806,10108
कोशी,ताप्लेजुङ,सिरीजङ्गा गाउँपालिका,7,1010807,10108
कोशी,ताप्लेजुङ,सिरीजङ्गा गाउँपालिका,8,1010808,10108
कोशी,ताप्लेजुङ,सिदिङ्गवा गाउँपालिका,1,1010901,10107
कोशी,ताप्लेजुङ,सिदिङ्गवा गाउँपालिका,2,1010902,10107
कोशी,ताप्लेजुङ,सिदिङ्गवा गाउँपालिका,3,1010903,10107
कोशी,ताप्लेजुङ,सिदिङ्गवा गाउँपालिका,4,1010904,10107
कोशी,ताप्लेजुङ,सिदिङ्गवा गाउँपालिका,5,1010905,10107
कोशी,ताप्लेजुङ,सिदिङ्गवा गाउँपालिका,6,1010906,10107
कोशी,ताप्लेजुङ,सिदिङ्गवा गाउँपालिका,7,1010907,10107
कोशी,संखुवासभा,भोटखोला गाउँपालिका,1,1020101,10901
कोशी,संखुवासभा,भोटखोला गाउँपालिका,2,1020102,10901
कोशी,संखुवासभा,भोटखोला गाउँपालिका,3,1020103,10901
कोशी,संखुवासभा,भोटखोला गाउँपालिका,4,1020104,10901
कोशी,संखुवासभा,भोटखोला गाउँपालिका,5,1020105,10901
कोशी,संखुवासभा,मकालु गाउँपालिका,1,1020201,10907
कोशी,संखुवासभा,मकालु गाउँपालिका,2,1020202,10907
कोशी,संखुवासभा,मकालु गाउँपालिका,3,1020203,10907
कोशी,संखुवासभा,मकालु गाउँपालिका,4,1020204,10907
कोशी,संखुवासभा,मकालु गाउँपालिका,5,1020205,10907
कोशी,संखुवासभा,मकालु गाउँपालिका,6,1020206,10907
कोशी,संखुवासभा,सिलीचोङ गाउँपालिका,1,1020301,10910
कोशी,संखुवासभा,सिलीचोङ गाउँपालिका,2,1020302,10910
कोशी,संखुवासभा,सिलीचोङ गाउँपालिका,3,1020303,10910
कोशी,संखुवासभा,सिलीचोङ गाउँपालिका,4,1020304,10910
कोशी,संखुवासभा,सिलीचोङ गाउँपालिका,5,1020305,10910
कोशी,संखुवासभा,चिचिला गाउँपालिका,1,1020401,10903
कोशी,संखुवासभा,चिचिला गाउँपालिका,2,1020402,10903
कोशी,संखुवासभा,चिचिला गाउँपालिका,3,1020403,10903
कोशी,संखुवासभा,चिचिला गाउँपालिका,4,1020404,10903
कोशी,संखुवासभा,चिचिला गाउँपालिका,5,1020405,10903
कोशी,संखुवासभा,सभापोखरी गाउँपालिका,1,1020501,10909
कोशी,संखुवासभा,सभापोखरी गाउँपालिका,2,1020502,10909
कोशी,संखुवासभा,सभापोखरी गाउँपालिका,3,1020503,10909
कोशी,संखुवासभा,सभापोखरी गाउँपालिका,4,1020504,10909
कोशी,संखुवासभा,सभापोखरी गाउँपालिका,5,1020505,10909
कोशी,संखुवासभा,सभापोखरी गाउँपालिका,6,1020506,10909
कोशी,संखुवासभा,खाँदबारी नगरपालिका,1,1020601,10905
कोशी,संखुवासभा,खाँदबारी नगरपालिका,2,1020602,10905
कोशी,संखुवासभा,खाँदबारी नगरपालिका,3,1020603,10905
कोशी,संखुवासभा,खाँदबारी नगरपालिका,4,1020604,10905
कोशी,संखुवासभा,खाँदबारी नगरपालिका,5,1020605,10905
कोशी,संखुवासभा,खाँदबारी नगरपालिका,6,1020606,10905
कोशी,संखुवासभा,खाँदबारी नगरपालिका,7,1020607,10905
कोशी,संखुवासभा,खाँदबारी नगरपालिका,8,1020608,10905
कोशी,संखुवासभा,खाँदबारी नगरपालिका,9,1020609,10905
कोशी,संखुवासभा,खाँदबारी नगरपालिका,10,1020610,10905
कोशी,संखुवासभा,खाँदबारी नगरपालिका,11,1020611,10905
कोशी,संखुवासभा,पाँचखपन नगरपालिका,1,1020701,10908
कोशी,संखुवासभा,पाँचखपन नगरपालिका,2,1020702,10908
कोशी,संखुवासभा,पाँचखपन नगरपालिका,3,1020703,10908
कोशी,संखुवासभा,पाँचखपन नगरपालिका,4,1020704,10908
कोशी,संखुवासभा,पाँचखपन नगरपालिका,5,1020705,10908
कोशी,संखुवासभा,पाँचखपन नगरपालिका,6,1020706,10908
कोशी,संखुवासभा,पाँचखपन नगरपालिका,7,1020707,10908
कोशी,संखुवासभा,पाँचखपन नगरपालिका,8,1020708,10908
कोशी,संखुवासभा,पाँचखपन नगरपालिका,9,1020709,10908
कोशी,संखुवासभा,चैनपुर नगरपालिका,1,1020801,10902
कोशी,संखुवासभा,चैनपुर नगरपालिका,2,1020802,10902
कोशी,संखुवासभा,चैनपुर नगरपालिका,3,1020803,10902
कोशी,संखुवासभा,चैनपुर नगरपालिका,4,1020804,10902
कोशी,संखुवासभा,चैनपुर नगरपालिका,5,1020805,10902
कोशी,संखुवासभा,चैनपुर नगरपालिका,6,1020806,10902
कोशी,संखुवासभा,चैनपुर नगरपालिका,7,1020807,10902
कोशी,संखुवासभा,चैनपुर नगरपालिका,8,1020808,10902
कोशी,संखुवासभा,चैनपुर नगरपालिका,9,1020809,10902
कोशी,संखुवासभा,चैनपुर नगरपालिका,10,1020810,10902
कोशी,संखुवासभा,चैनपुर नगरपालिका,11,1020811,10902
कोशी,संखुवासभा,मादी नगरपालिका,1,1020901,10906
कोशी,संखुवासभा,मादी नगरपालिका,2,1020902,10906
कोशी,संखुवासभा,मादी नगरपालिका,3,1020903,10906
कोशी,संखुवासभा,मादी नगरपालिका,4,1020904,10906
कोशी,संखुवासभा,मादी नगरपालिका,5,1020905,10906
कोशी,संखुवासभा,मादी नगरपालिका,6,1020906,10906
कोशी,संखुवासभा,मादी नगरपालिका,7,1020907,10906
कोशी,संखुवासभा,मादी नगरपालिका,8,1020908,10906
कोशी,संखुवासभा,मादी नगरपालिका,9,1020909,10906
कोशी,संखुवासभा,धर्मदेवी नगरपालिका,1,1021001,10904
कोशी,संखुवासभा,धर्मदेवी नगरपालिका,2,1021002,10904
कोशी,संखुवासभा,धर्मदेवी नगरपालिका,3,1021003,10904
कोशी,संखुवासभा,धर्मदेवी नगरपालिका,4,1021004,10904
कोशी,संखुवासभा,धर्मदेवी नगरपालिका,5,1021005,10904
कोशी,संखुवासभा,धर्मदेवी नगरपालिका,6,1021006,10904
कोशी,संखुवासभा,धर्मदेवी नगरपालिका,7,1021007,10904
कोशी,संखुवासभा,धर्मदेवी नगरपालिका,8,1021008,10904
कोशी,संखुवासभा,धर्मदेवी नगरपालिका,9,1021009,10904
कोशी,सोलुखुम्बु,खुम्बु पासाङल्हामु गाउँपालिका,1,1030101,11103
कोशी,सोलुखुम्बु,खुम्बु पासाङल्हामु गाउँपालिका,2,1030102,11103
कोशी,सोलुखुम्बु,खुम्बु पासाङल्हामु गाउँपालिका,3,1030103,11103
कोशी,सोलुखुम्बु,खुम्बु पासाङल्हामु गाउँपालिका,4,1030104,11103
कोशी,सोलुखुम्बु,खुम्बु पासाङल्हामु गाउँपालिका,5,1030105,11103
कोशी,सोलुखुम्बु,माहाकुलुङ गाउँपालिका,1,1030201,11105
कोशी,सोलुखुम्बु,माहाकुलुङ गाउँपालिका,2,1030202,11105
कोशी,सोलुखुम्बु,माहाकुलुङ गाउँपालिका,3,1030203,11105
कोशी,सोलुखुम्बु,माहाकुलुङ गाउँपालिका,4,1030204,11105
कोशी,सोलुखुम्बु,माहाकुलुङ गाउँपालिका,5,1030205,11105
कोशी,सोलुखुम्बु,सोताङ गाउँपालिका,1,1030301,11108
कोशी,सोलुखुम्बु,सोताङ गाउँपालिका,2,1030302,11108
कोशी,सोलुखुम्बु,सोताङ गाउँपालिका,3,1030303,11108
कोशी,सोलुखुम्बु,सोताङ गाउँपालिका,4,1030304,11108
कोशी,सोलुखुम्बु,सोताङ गाउँपालिका,5,1030305,11108
कोशी,सोलुखुम्बु,माप्य दुधकोशी गाउँपालिका,1,1030401,11102
कोशी,सोलुखुम्बु,माप्य दुधकोशी गाउँपालिका,2,1030402,11102
कोशी,सोलुखुम्बु,माप्य दुधकोशी गाउँपालिका,3,1030403,11102
कोशी,सोलुखुम्बु,माप्य दुधकोशी गाउँपालिका,4,1030404,11102
कोशी,सोलुखुम्बु,माप्य दुधकोशी गाउँपालिका,5,1030405,11102
कोशी,सोलुखुम्बु,माप्य दुधकोशी गाउँपालिका,6,1030406,11102
कोशी,सोलुखुम्बु,माप्य दुधकोशी गाउँपालिका,7,1030407,11102
कोशी,सोलुखुम्बु,थुलुङ दुधकोशी गाउँपालिका,1,1030501,11101
कोशी,सोलुखुम्बु,थुलुङ दुधकोशी गाउँपालिका,2,1030502,11101
कोशी,सोलुखुम्बु,थुलुङ दुधकोशी गाउँपालिका,3,1030503,11101
कोशी,सोलुखुम्बु,थुलुङ दुधकोशी गाउँपालिका,4,1030504,11101
कोशी,सोलुखुम्बु,थुलुङ दुधकोशी गाउँपालिका,5,1030505,11101
कोशी,सोलुखुम्बु,थुलुङ दुधकोशी गाउँपालिका,6,1030506,11101
कोशी,सोलुखुम्बु,थुलुङ दुधकोशी गाउँपालिका,7,1030507,11101
कोशी,सोलुखुम्बु,थुलुङ दुधकोशी गाउँपालिका,8,1030508,11101
कोशी,सोलुखुम्बु,थुलुङ दुधकोशी गाउँपालिका,9,1030509,11101
कोशी,सोलुखुम्बु,नेचासल्यान गाउँपालिका,1,1030601,11106
कोशी,सोलुखुम्बु,नेचासल्यान गाउँपालिका,2,1030602,11106
कोशी,सोलुखुम्बु,नेचासल्यान गाउँपालिका,3,1030603,11106
कोशी,सोलुखुम्बु,नेचासल्यान गाउँपालिका,4,1030604,11106
कोशी,सोलुखुम्बु,नेचासल्यान गाउँपालिका,5,1030605,11106
कोशी,सोलुखुम्बु,सोलुदुधकुण्ड नगरपालिका,1,1030701,11107
कोशी,सोलुखुम्बु,सोलुदुधकुण्ड नगरपालिका,2,1030702,11107
कोशी,सोलुखुम्बु,सोलुदुधकुण्ड नगरपालिका,3,1030703,11107
कोशी,सोलुखुम्बु,सोलुदुधकुण्ड नगरपालिका,4,1030704,11107
कोशी,सोलुखुम्बु,सोलुदुधकुण्ड नगरपालिका,5,1030705,11107
कोशी,सोलुखुम्बु,सोलुदुधकुण्ड नगरपालिका,6,1030706,11107
कोशी,सोलुखुम्बु,सोलुदुधकुण्ड नगरपालिका,7,1030707,11107
कोशी,सोलुखुम्बु,सोलुदुधकुण्ड नगरपालिका,8,1030708,11107
कोशी,सोलुखुम्बु,सोलुदुधकुण्ड नगरपालिका,9,1030709,11107
कोशी,सोलुखुम्बु,सोलुदुधकुण्ड नगरपालिका,10,1030710,11107
कोशी,सोलुखुम्बु,सोलुदुधकुण्ड नगरपालिका,11,1030711,11107
कोशी,सोलुखुम्बु,लिखु पिके गाउँपालिका,1,1030801,11104
कोशी,सोलुखुम्बु,लिखु पिके गाउँपालिका,2,1030802,11104
कोशी,सोलुखुम्बु,लिखु पिके गाउँपालिका,3,1030803,11104
कोशी,सोलुखुम्बु,लिखु पिके गाउँपालिका,4,1030804,11104
कोशी,सोलुखुम्बु,लिखु पिके गाउँपालिका,5,1030805,11104
कोशी,ओखलढुङ्गा,चिशंखुगढी गाउँपालिका,1,1040101,11202
कोशी,ओखलढुङ्गा,चिशंखुगढी गाउँपालिका,2,1040102,11202
कोशी,ओखलढुङ्गा,चिशंखुगढी गाउँपालिका,3,1040103,11202
कोशी,ओखलढुङ्गा,चिशंखुगढी गाउँपालिका,4,1040104,11202
कोशी,ओखलढुङ्गा,चिशंखुगढी गाउँपालिका,5,1040105,11202
कोशी,ओखलढुङ्गा,चिशंखुगढी गाउँपालिका,6,1040106,11202
कोशी,ओखलढुङ्गा,चिशंखुगढी गाउँपालिका,7,1040107,11202
कोशी,ओखलढुङ्गा,चिशंखुगढी गाउँपालिका,8,1040108,11202
कोशी,ओखलढुङ्गा,सिद्धिचरण नगरपालिका,1,1040201,11207
कोशी,ओखलढुङ्गा,सिद्धिचरण नगरपालिका,2,1040202,11207
कोशी,ओखलढुङ्गा,सिद्धिचरण नगरपालिका,3,1040203,11207
कोशी,ओखलढुङ्गा,सिद्धिचरण नगरपालिका,4,1040204,11207
कोशी,ओखलढुङ्गा,सिद्धिचरण नगरपालिका,5,1040205,11207
कोशी,ओखलढुङ्गा,सिद्धिचरण नगरपालिका,6,1040206,11207
कोशी,ओखलढुङ्गा,सिद्धिचरण नगरपालिका,7,1040207,11207
कोशी,ओखलढुङ्गा,सिद्धिचरण नगरपालिका,8,1040208,11207
कोशी,ओखलढुङ्गा,सिद्धिचरण नगरपालिका,9,1040209,11207
कोशी,ओखलढुङ्गा,सिद्धिचरण नगरपालिका,10,1040210,11207
कोशी,ओखलढुङ्गा,सिद्धिचरण नगरपालिका,11,1040211,11207
कोशी,ओखलढुङ्गा,सिद्धिचरण नगरपालिका,12,1040212,11207
कोशी,ओखलढुङ्गा,मोलुङ्ग गाउँपालिका,1,1040301,11206
कोशी,ओखलढुङ्गा,मोलुङ्ग गाउँपालिका,2,1040302,11206
कोशी,ओखलढुङ्गा,मोलुङ्ग गाउँपालिका,3,1040303,11206
कोशी,ओखलढुङ्गा,मोलुङ्ग गाउँपालिका,4,1040304,11206
कोशी,ओखलढुङ्गा,मोलुङ्ग गाउँपालिका,5,1040305,11206
कोशी,ओखलढुङ्गा,मोलुङ्ग गाउँपालिका,6,1040306,11206
कोशी,ओखलढुङ्गा,मोलुङ्ग गाउँपालिका,7,1040307,11206
कोशी,ओखलढुङ्गा,मोलुङ्ग गाउँपालिका,8,1040308,11206
कोशी,ओखलढुङ्गा,खिजीदेम्बा गाउँपालिका,1,1040401,11203
कोशी,ओखलढुङ्गा,खिजीदेम्बा गाउँपालिका,2,1040402,11203
कोशी,ओखलढुङ्गा,खिजीदेम्बा गाउँपालिका,3,1040403,11203
कोशी,ओखलढुङ्गा,खिजीदेम्बा गाउँपालिका,4,1040404,11203
कोशी,ओखलढुङ्गा,खिजीदेम्बा गाउँपालिका,5,1040405,11203
कोशी,ओखलढुङ्गा,खिजीदेम्बा गाउँपालिका,6,1040406,11203
कोशी,ओखलढुङ्गा,खिजीदेम्बा गाउँपालिका,7,1040407,11203
कोशी,ओखलढुङ्गा,खिजीदेम्बा गाउँपालिका,8,1040408,11203
कोशी,ओखलढुङ्गा,खिजीदेम्बा गाउँपालिका,9,1040409,11203
कोशी,ओखलढुङ्गा,लिखु गाउँपालिका,1,1040501,11204
कोशी,ओखलढुङ्गा,लिखु गाउँपालिका,2,1040502,11204
कोशी,ओखलढुङ्गा,लिखु गाउँपालिका,3,1040503,11204
कोशी,ओखलढुङ्गा,लिखु गाउँपालिका,4,1040504,11204
कोशी,ओखलढुङ्गा,लिखु गाउँपालिका,5,1040505,11204
कोशी,ओखलढुङ्गा,लिखु गाउँपालिका,6,1040506,11204
कोशी,ओखलढुङ्गा,लिखु गाउँपालिका,7,1040507,11204
कोशी,ओखलढुङ्गा,लिखु गाउँपालिका,8,1040508,11204
कोशी,ओखलढुङ्गा,लिखु गाउँपालिका,9,1040509,11204
कोशी,ओखलढुङ्गा,चम्पादेवी गाउँपालिका,1,1040601,11201
कोशी,ओखलढुङ्गा,चम्पादेवी गाउँपालिका,2,1040602,11201
कोशी,ओखलढुङ्गा,चम्पादेवी गाउँपालिका,3,1040603,11201
कोशी,ओखलढुङ्गा,चम्पादेवी गाउँपालिका,4,1040604,11201
कोशी,ओखलढुङ्गा,चम्पादेवी गाउँपालिका,5,1040605,11201
कोशी,ओखलढुङ्गा,चम्पादेवी गाउँपालिका,6,1040606,11201
कोशी,ओखलढुङ्गा,चम्पादेवी गाउँपालिका,7,1040607,11201
कोशी,ओखलढुङ्गा,चम्पादेवी गाउँपालिका,8,1040608,11201
कोशी,ओखलढुङ्गा,चम्पादेवी गाउँपालिका,9,1040609,11201
कोशी,ओखलढुङ्गा,चम्पादेवी गाउँपालिका,10,1040610,11201
कोशी,ओखलढुङ्गा,सुनकोशी गाउँपालिका,1,1040701,11208
कोशी,ओखलढुङ्गा,सुनकोशी गाउँपालिका,2,1040702,11208
कोशी,ओखलढुङ्गा,सुनकोशी गाउँपालिका,3,1040703,11208
कोशी,ओखलढुङ्गा,सुनकोशी गाउँपालिका,4,1040704,11208
कोशी,ओखलढुङ्गा,सुनकोशी गाउँपालिका,5,1040705,11208
कोशी,ओखलढुङ्गा,सुनकोशी गाउँपालिका,6,1040706,11208
कोशी,ओखलढुङ्गा,सुनकोशी गाउँपालिका,7,1040707,11208
कोशी,ओखलढुङ्गा,सुनकोशी गाउँपालिका,8,1040708,11208
कोशी,ओखलढुङ्गा,सुनकोशी गाउँपालिका,9,1040709,11208
कोशी,ओखलढुङ्गा,सुनकोशी गाउँपालिका,10,1040710,11208
कोशी,ओखलढुङ्गा,मानेभन्ज्याङ्ग गाउँपालिका,1,1040801,11205
कोशी,ओखलढुङ्गा,मानेभन्ज्याङ्ग गाउँपालिका,2,1040802,11205
कोशी,ओखलढुङ्गा,मानेभन्ज्याङ्ग गाउँपालिका,3,1040803,11205
कोशी,ओखलढुङ्गा,मानेभन्ज्याङ्ग गाउँपालिका,4,1040804,11205
कोशी,ओखलढुङ्गा,मानेभन्ज्याङ्ग गाउँपालिका,5,1040805,11205
कोशी,ओखलढुङ्गा,मानेभन्ज्याङ्ग गाउँपालिका,6,1040806,11205
कोशी,ओखलढुङ्गा,मानेभन्ज्याङ्ग गाउँपालिका,7,1040807,11205
कोशी,ओखलढुङ्गा,मानेभन्ज्याङ्ग गाउँपालिका,8,1040808,11205
कोशी,ओखलढुङ्गा,मानेभन्ज्याङ्ग गाउँपालिका,9,1040809,11205
कोशी,खोटाङ,केपिलासगढी गाउँपालिका,1,1050101,11306
कोशी,खोटाङ,केपिलासगढी गाउँपालिका,2,1050102,11306
कोशी,खोटाङ,केपिलासगढी गाउँपालिका,3,1050103,11306
कोशी,खोटाङ,केपिलासगढी गाउँपालिका,4,1050104,11306
कोशी,खोटाङ,केपिलासगढी गाउँपालिका,5,1050105,11306
कोशी,खोटाङ,केपिलासगढी गाउँपालिका,6,1050106,11306
कोशी,खोटाङ,केपिलासगढी गाउँपालिका,7,1050107,11306
कोशी,खोटाङ,ऐसेलुखर्क गाउँपालिका,1,1050201,11301
कोशी,खोटाङ,ऐसेलुखर्क गाउँपालिका,2,1050202,11301
कोशी,खोटाङ,ऐसेलुखर्क गाउँपालिका,3,1050203,11301
कोशी,खोटाङ,ऐसेलुखर्क गाउँपालिका,4,1050204,11301
कोशी,खोटाङ,ऐसेलुखर्क गाउँपालिका,5,1050205,11301
कोशी,खोटाङ,ऐसेलुखर्क गाउँपालिका,6,1050206,11301
कोशी,खोटाङ,ऐसेलुखर्क गाउँपालिका,7,1050207,11301
कोशी,खोटाङ,रावा बेसी गाउँपालिका,1,1050301,11308
कोशी,खोटाङ,रावा बेसी गाउँपालिका,2,1050302,11308
कोशी,खोटाङ,रावा बेसी गाउँपालिका,3,1050303,11308
कोशी,खोटाङ,रावा बेसी गाउँपालिका,4,1050304,11308
कोशी,खोटाङ,रावा बेसी गाउँपालिका,5,1050305,11308
कोशी,खोटाङ,रावा बेसी गाउँपालिका,6,1050306,11308
कोशी,खोटाङ,हलेसी तुवाचुङ नगरपालिका,1,1050401,11304
कोशी,खोटाङ,हलेसी तुवाचुङ नगरपालिका,2,1050402,11304
कोशी,खोटाङ,हलेसी तुवाचुङ नगरपालिका,3,1050403,11304
कोशी,खोटाङ,हलेसी तुवाचुङ नगरपालिका,4,1050404,11304
कोशी,खोटाङ,हलेसी तुवाचुङ नगरपालिका,5,1050405,11304
कोशी,खोटाङ,हलेसी तुवाचुङ नगरपालिका,6,1050406,11304
कोशी,खोटाङ,हलेसी तुवाचुङ नगरपालिका,7,1050407,11304
कोशी,खोटाङ,हलेसी तुवाचुङ नगरपालिका,8,1050408,11304
कोशी,खोटाङ,हलेसी तुवाचुङ नगरपालिका,9,1050409,11304
कोशी,खोटाङ,हलेसी तुवाचुङ नगरपालिका,10,1050410,11304
कोशी,खोटाङ,हलेसी तुवाचुङ नगरपालिका,11,1050411,11304
कोशी,खोटाङ,दिक्तेल रुपाकोट मझुवागढी नगरपालिका,1,1050501,11309
कोशी,खोटाङ,दिक्तेल रुपाकोट मझुवागढी नगरपालिका,2,1050502,11309
कोशी,खोटाङ,दिक्तेल रुपाकोट मझुवागढी नगरपालिका,3,1050503,11309
कोशी,खोटाङ,दिक्तेल रुपाकोट मझुवागढी नगरपालिका,4,1050504,11309
कोशी,खोटाङ,दिक्तेल रुपाकोट मझुवागढी नगरपालिका,5,1050505,11309
कोशी,खोटाङ,दिक्तेल रुपाकोट मझुवागढी नगरपालिका,6,1050506,11309
कोशी,खोटाङ,दिक्तेल रुपाकोट मझुवागढी नगरपालिका,7,1050507,11309
कोशी,खोटाङ,दिक्तेल रुपाकोट मझुवागढी नगरपालिका,8,1050508,11309
कोशी,खोटाङ,दिक्तेल रुपाकोट मझुवागढी नगरपालिका,9,1050509,11309
कोशी,खोटाङ,दिक्तेल रुपाकोट मझुवागढी नगरपालिका,10,1050510,11309
कोशी,खोटाङ,दिक्तेल रुपाकोट मझुवागढी नगरपालिका,11,1050511,11309
कोशी,खोटाङ,दिक्तेल रुपाकोट मझुवागढी नगरपालिका,12,1050512,11309
कोशी,खोटाङ,दिक्तेल रुपाकोट मझुवागढी नगरपालिका,13,1050513,11309
कोशी,खोटाङ,दिक्तेल रुपाकोट मझुवागढी नगरपालिका,14,1050514,11309
कोशी,खोटाङ,दिक्तेल रुपाकोट मझुवागढी नगरपालिका,15,1050515,11309
कोशी,खोटाङ,साकेला गाउँपालिका,1,1050601,11310
कोशी,खोटाङ,साकेला गाउँपालिका,2,1050602,11310
कोशी,खोटाङ,साकेला गाउँपालिका,3,1050603,11310
कोशी,खोटाङ,साकेला गाउँपालिका,4,1050604,11310
कोशी,खोटाङ,साकेला गाउँपालिका,5,1050605,11310
कोशी,खोटाङ,दिप्रुङ चुइचुम्मा गाउँपालिका,1,1050701,11303
कोशी,खोटाङ,दिप्रुङ चुइचुम्मा गाउँपालिका,2,1050702,11303
कोशी,खोटाङ,दिप्रुङ चुइचुम्मा गाउँपालिका,3,1050703,11303
कोशी,खोटाङ,दिप्रुङ चुइचुम्मा गाउँपालिका,4,1050704,11303
कोशी,खोटाङ,दिप्रुङ चुइचुम्मा गाउँपालिका,5,1050705,11303
कोशी,खोटाङ,दिप्रुङ चुइचुम्मा गाउँपालिका,6,1050706,11303
कोशी,खोटाङ,दिप्रुङ चुइचुम्मा गाउँपालिका,7,1050707,11303
कोशी,खोटाङ,खोटेहाङ गाउँपालिका,1,1050801,11307
कोशी,खोटाङ,खोटेहाङ गाउँपालिका,2,1050802,11307
कोशी,खोटाङ,खोटेहाङ गाउँपालिका,3,1050803,11307
कोशी,खोटाङ,खोटेहाङ गाउँपालिका,4,1050804,11307
कोशी,खोटाङ,खोटेहाङ गाउँपालिका,5,1050805,11307
कोशी,खोटाङ,खोटेहाङ गाउँपालिका,6,1050806,11307
कोशी,खोटाङ,खोटेहाङ गाउँपालिका,7,1050807,11307
कोशी,खोटाङ,खोटेहाङ गाउँपालिका,8,1050808,11307
कोशी,खोटाङ,खोटेहाङ गाउँपालिका,9,1050809,11307
कोशी,खोटाङ,जन्तेढुङ्गा गाउँपालिका,1,1050901,11305
कोशी,खोटाङ,जन्तेढुङ्गा गाउँपालिका,2,1050902,11305
कोशी,खोटाङ,जन्तेढुङ्गा गाउँपालिका,3,1050903,11305
कोशी,खोटाङ,जन्तेढुङ्गा गाउँपालिका,4,1050904,11305
कोशी,खोटाङ,जन्तेढुङ्गा गाउँपालिका,5,1050905,11305
कोशी,खोटाङ,जन्तेढुङ्गा गाउँपालिका,6,1050906,11305
कोशी,खोटाङ,बराहपोखरी गाउँपालिका,1,1051001,11302
कोशी,खोटाङ,बराहपोखरी गाउँपालिका,2,1051002,11302
कोशी,खोटाङ,बराहपोखरी गाउँपालिका,3,1051003,11302
कोशी,खोटाङ,बराहपोखरी गाउँपालिका,4,1051004,11302
कोशी,खोटाङ,बराहपोखरी गाउँपालिका,5,1051005,11302
कोशी,खोटाङ,बराहपोखरी गाउँपालिका,6,1051006,11302
कोशी,भोजपुर,षडानन्द नगरपालिका,1,1060101,11008
कोशी,भोजपुर,षडानन्द नगरपालिका,2,1060102,11008
कोशी,भोजपुर,षडानन्द नगरपालिका,3,1060103,11008
कोशी,भोजपुर,षडानन्द नगरपालिका,4,1060104,11008
कोशी,भोजपुर,षडानन्द नगरपालिका,5,1060105,11008
कोशी,भोजपुर,षडानन्द नगरपालिका,6,1060106,11008
कोशी,भोजपुर,षडानन्द नगरपालिका,7,1060107,11008
कोशी,भोजपुर,षडानन्द नगरपालिका,8,1060108,11008
कोशी,भोजपुर,षडानन्द नगरपालिका,9,1060109,11008
कोशी,भोजपुर,षडानन्द नगरपालिका,10,1060110,11008
कोशी,भोजपुर,षडानन्द नगरपालिका,11,1060111,11008
कोशी,भोजपुर,षडानन्द नगरपालिका,12,1060112,11008
कोशी,भोजपुर,षडानन्द नगरपालिका,13,1060113,11008
कोशी,भोजपुर,षडानन्द नगरपालिका,14,1060114,11008
कोशी,भोजपुर,साल्पासिलिछो गाउँपालिका,1,1060201,11007
कोशी,भोजपुर,साल्पासिलिछो गाउँपालिका,2,1060202,11007
कोशी,भोजपुर,साल्पासिलिछो गाउँपालिका,3,1060203,11007
कोशी,भोजपुर,साल्पासिलिछो गाउँपालिका,4,1060204,11007
कोशी,भोजपुर,साल्पासिलिछो गाउँपालिका,5,1060205,11007
कोशी,भोजपुर,साल्पासिलिछो गाउँपालिका,6,1060206,11007
कोशी,भोजपुर,टेम्केमैयुङ गाउँपालिका,1,1060301,11009
कोशी,भोजपुर,टेम्केमैयुङ गाउँपालिका,2,1060302,11009
कोशी,भोजपुर,टेम्केमैयुङ गाउँपालिका,3,1060303,11009
कोशी,भोजपुर,टेम्केमैयुङ गाउँपालिका,4,1060304,11009
कोशी,भोजपुर,टेम्केमैयुङ गाउँपालिका,5,1060305,11009
कोशी,भोजपुर,टेम्केमैयुङ गाउँपालिका,6,1060306,11009
कोशी,भोजपुर,टेम्केमैयुङ गाउँपालिका,7,1060307,11009
कोशी,भोजपुर,टेम्केमैयुङ गाउँपालिका,8,1060308,11009
कोशी,भोजपुर,टेम्केमैयुङ गाउँपालिका,9,1060309,11009
कोशी,भोजपुर,भोजपुर नगरपालिका,1,1060401,11003
कोशी,भोजपुर,भोजपुर नगरपालिका,2,1060402,11003
कोशी,भोजपुर,भोजपुर नगरपालिका,3,1060403,11003
कोशी,भोजपुर,भोजपुर नगरपालिका,4,1060404,11003
कोशी,भोजपुर,भोजपुर नगरपालिका,5,1060405,11003
कोशी,भोजपुर,भोजपुर नगरपालिका,6,1060406,11003
कोशी,भोजपुर,भोजपुर नगरपालिका,7,1060407,11003
कोशी,भोजपुर,भोजपुर नगरपालिका,8,1060408,11003
कोशी,भोजपुर,भोजपुर नगरपालिका,9,1060409,11003
कोशी,भोजपुर,भोजपुर नगरपालिका,10,1060410,11003
कोशी,भोजपुर,भोजपुर नगरपालिका,11,1060411,11003
कोशी,भोजपुर,भोजपुर नगरपालिका,12,1060412,11003
कोशी,भोजपुर,अरुण गाउँपालिका,1,1060501,11002
कोशी,भोजपुर,अरुण गाउँपालिका,2,1060502,11002
कोशी,भोजपुर,अरुण गाउँपालिका,3,1060503,11002
कोशी,भोजपुर,अरुण गाउँपालिका,4,1060504,11002
कोशी,भोजपुर,अरुण गाउँपालिका,5,1060505,11002
कोशी,भोजपुर,अरुण गाउँपालिका,6,1060506,11002
कोशी,भोजपुर,अरुण गाउँपालिका,7,1060507,11002
कोशी,भोजपुर,पौवा दुङ्मा गाउँपालिका,1,1060601,11005
कोशी,भोजपुर,पौवा दुङ्मा गाउँपालिका,2,1060602,11005
कोशी,भोजपुर,पौवा दुङ्मा गाउँपालिका,3,1060603,11005
कोशी,भोजपुर,पौवा दुङ्मा गाउँपालिका,4,1060604,11005
कोशी,भोजपुर,पौवा दुङ्मा गाउँपालिका,5,1060605,11005
कोशी,भोजपुर,पौवा दुङ्मा गाउँपालिका,6,1060606,11005
कोशी,भोजपुर,रामप्रसाद राई गाउँपालिका,1,1060701,11006
कोशी,भोजपुर,रामप्रसाद राई गाउँपालिका,2,1060702,11006
कोशी,भोजपुर,रामप्रसाद राई गाउँपालिका,3,1060703,11006
कोशी,भोजपुर,रामप्रसाद राई गाउँपालिका,4,1060704,11006
कोशी,भोजपुर,रामप्रसाद राई गाउँपालिका,5,1060705,11006
कोशी,भोजपुर,रामप्रसाद राई गाउँपालिका,6,1060706,11006
कोशी,भोजपुर,रामप्रसाद राई गाउँपालिका,7,1060707,11006
कोशी,भोजपुर,रामप्रसाद राई गाउँपालिका,8,1060708,11006
कोशी,भोजपुर,हतुवागढी गाउँपालिका,1,1060801,11004
कोशी,भोजपुर,हतुवागढी गाउँपालिका,2,1060802,11004
कोशी,भोजपुर,हतुवागढी गाउँपालिका,3,1060803,11004
कोशी,भोजपुर,हतुवागढी गाउँपालिका,4,1060804,11004
कोशी,भोजपुर,हतुवागढी गाउँपालिका,5,1060805,11004
कोशी,भोजपुर,हतुवागढी गाउँपालिका,6,1060806,11004
कोशी,भोजपुर,हतुवागढी गाउँपालिका,7,1060807,11004
कोशी,भोजपुर,हतुवागढी गाउँपालिका,8,1060808,11004
कोशी,भोजपुर,हतुवागढी गाउँपालिका,9,1060809,11004
कोशी,भोजपुर,आमचोक गाउँपालिका,1,1060901,11001
कोशी,भोजपुर,आमचोक गाउँपालिका,2,1060902,11001
कोशी,भोजपुर,आमचोक गाउँपालिका,3,1060903,11001
कोशी,भोजपुर,आमचोक गाउँपालिका,4,1060904,11001
कोशी,भोजपुर,आमचोक गाउँपालिका,5,1060905,11001
कोशी,भोजपुर,आमचोक गाउँपालिका,6,1060906,11001
कोशी,भोजपुर,आमचोक गाउँपालिका,7,1060907,11001
कोशी,भोजपुर,आमचोक गाउँपालिका,8,1060908,11001
कोशी,भोजपुर,आमचोक गाउँपालिका,9,1060909,11001
कोशी,भोजपुर,आमचोक गाउँपालिका,10,1060910,11001
कोशी,धनकुटा,महालक्ष्मी नगरपालिका,1,1070101,10705
कोशी,धनकुटा,महालक्ष्मी नगरपालिका,2,1070102,10705
कोशी,धनकुटा,महालक्ष्मी नगरपालिका,3,1070103,10705
कोशी,धनकुटा,महालक्ष्मी नगरपालिका,4,1070104,10705
कोशी,धनकुटा,महालक्ष्मी नगरपालिका,5,1070105,10705
कोशी,धनकुटा,महालक्ष्मी नगरपालिका,6,1070106,10705
कोशी,धनकुटा,महालक्ष्मी नगरपालिका,7,1070107,10705
कोशी,धनकुटा,महालक्ष्मी नगरपालिका,8,1070108,10705
कोशी,धनकुटा,महालक्ष्मी नगरपालिका,9,1070109,10705
कोशी,धनकुटा,पाख्रिबास नगरपालिका,1,1070201,10706
कोशी,धनकुटा,पाख्रिबास नगरपालिका,2,1070202,10706
कोशी,धनकुटा,पाख्रिबास नगरपालिका,3,1070203,10706
कोशी,धनकुटा,पाख्रिबास नगरपालिका,4,1070204,10706
कोशी,धनकुटा,पाख्रिबास नगरपालिका,5,1070205,10706
कोशी,धनकुटा,पाख्रिबास नगरपालिका,6,1070206,10706
कोशी,धनकुटा,पाख्रिबास नगरपालिका,7,1070207,10706
कोशी,धनकुटा,पाख्रिबास नगरपालिका,8,1070208,10706
कोशी,धनकुटा,पाख्रिबास नगरपालिका,9,1070209,10706
कोशी,धनकुटा,पाख्रिबास नगरपालिका,10,1070210,10706
कोशी,धनकुटा,छथर जोरपाटी गाउँपालिका,1,1070301,10702
कोशी,धनकुटा,छथर जोरपाटी गाउँपालिका,2,1070302,10702
कोशी,धनकुटा,छथर जोरपाटी गाउँपालिका,3,1070303,10702
कोशी,धनकुटा,छथर जोरपाटी गाउँपालिका,4,1070304,10702
कोशी,धनकुटा,छथर जोरपाटी गाउँपालिका,5,1070305,10702
कोशी,धनकुटा,छथर जोरपाटी गाउँपालिका,6,1070306,10702
कोशी,धनकुटा,धनकुटा नगरपालिका,1,1070401,10703
कोशी,धनकुटा,धनकुटा नगरपालिका,2,1070402,10703
कोशी,धनकुटा,धनकुटा नगरपालिका,3,1070403,10703
कोशी,धनकुटा,धनकुटा नगरपालिका,4,1070404,10703
कोशी,धनकुटा,धनकुटा नगरपालिका,5,1070405,10703
कोशी,धनकुटा,धनकुटा नगरपालिका,6,1070406,10703
कोशी,धनकुटा,धनकुटा नगरपालिका,7,1070407,10703
कोशी,धनकुटा,धनकुटा नगरपालिका,8,1070408,10703
कोशी,धनकुटा,धनकुटा नगरपालिका,9,1070409,10703
कोशी,धनकुटा,धनकुटा नगरपालिका,10,1070410,10703
कोशी,धनकुटा,सहिदभुमी गाउँपालिका,1,1070501,10707
कोशी,धनकुटा,सहिदभुमी गाउँपालिका,2,1070502,10707
कोशी,धनकुटा,सहिदभुमी गाउँपालिका,3,1070503,10707
कोशी,धनकुटा,सहिदभुमी गाउँपालिका,4,1070504,10707
कोशी,धनकुटा,सहिदभुमी गाउँपालिका,5,1070505,10707
कोशी,धनकुटा,सहिदभुमी गाउँपालिका,6,1070506,10707
कोशी,धनकुटा,सहिदभुमी गाउँपालिका,7,1070507,10707
कोशी,धनकुटा,साँगुरीगढी गाउँपालिका,1,1070601,10707
कोशी,धनकुटा,साँगुरीगढी गाउँपालिका,2,1070602,10707
कोशी,धनकुटा,साँगुरीगढी गाउँपालिका,3,1070603,10707
कोशी,धनकुटा,साँगुरीगढी गाउँपालिका,4,1070604,10707
कोशी,धनकुटा,साँगुरीगढी गाउँपालिका,5,1070605,10707
कोशी,धनकुटा,साँगुरीगढी गाउँपालिका,6,1070606,10707
कोशी,धनकुटा,साँगुरीगढी गाउँपालिका,7,1070607,10707
कोशी,धनकुटा,साँगुरीगढी गाउँपालिका,8,1070608,10707
कोशी,धनकुटा,साँगुरीगढी गाउँपालिका,9,1070609,10707
कोशी,धनकुटा,साँगुरीगढी गाउँपालिका,10,1070610,10707
कोशी,धनकुटा,चौविसे गाउँपालिका,1,1070701,10701
कोशी,धनकुटा,चौविसे गाउँपालिका,2,1070702,10701
कोशी,धनकुटा,चौविसे गाउँपालिका,3,1070703,10701
कोशी,धनकुटा,चौविसे गाउँपालिका,4,1070704,10701
कोशी,धनकुटा,चौविसे गाउँपालिका,5,1070705,10701
कोशी,धनकुटा,चौविसे गाउँपालिका,6,1070706,10701
कोशी,धनकुटा,चौविसे गाउँपालिका,7,1070707,10701
कोशी,धनकुटा,चौविसे गाउँपालिका,8,1070708,10701
कोशी,तेह्रथुम,आठराई गाउँपालिका,1,1080101,10801
कोशी,तेह्रथुम,आठराई गाउँपालिका,2,1080102,10801
कोशी,तेह्रथुम,आठराई गाउँपालिका,3,1080103,10801
कोशी,तेह्रथुम,आठराई गाउँपालिका,4,1080104,10801
कोशी,तेह्रथुम,आठराई गाउँपालिका,5,1080105,10801
कोशी,तेह्रथुम,आठराई गाउँपालिका,6,1080106,10801
कोशी,तेह्रथुम,आठराई गाउँपालिका,7,1080107,10801
कोशी,तेह्रथुम,फेदाप गाउँपालिका,1,1080201,10806
कोशी,तेह्रथुम,फेदाप गाउँपालिका,2,1080202,10806
कोशी,तेह्रथुम,फेदाप गाउँपालिका,3,1080203,10806
कोशी,तेह्रथुम,फेदाप गाउँपालिका,4,1080204,10806
कोशी,तेह्रथुम,फेदाप गाउँपालिका,5,1080205,10806
कोशी,तेह्रथुम,मेन्छयायेम गाउँपालिका,1,1080301,10804
कोशी,तेह्रथुम,मेन्छयायेम गाउँपालिका,2,1080302,10804
कोशी,तेह्रथुम,मेन्छयायेम गाउँपालिका,3,1080303,10804
कोशी,तेह्रथुम,मेन्छयायेम गाउँपालिका,4,1080304,10804
कोशी,तेह्रथुम,मेन्छयायेम गाउँपालिका,5,1080305,10804
कोशी,तेह्रथुम,मेन्छयायेम गाउँपालिका,6,1080306,10804
कोशी,तेह्रथुम,म्याङ्गलुङ्ग नगरपालिका,1,1080401,10805
कोशी,तेह्रथुम,म्याङ्गलुङ्ग नगरपालिका,2,1080402,10805
कोशी,तेह्रथुम,म्याङ्गलुङ्ग नगरपालिका,3,1080403,10805
कोशी,तेह्रथुम,म्याङ्गलुङ्ग नगरपालिका,4,1080404,10805
कोशी,तेह्रथुम,म्याङ्गलुङ्ग नगरपालिका,5,1080405,10805
कोशी,तेह्रथुम,म्याङ्गलुङ्ग नगरपालिका,6,1080406,10805
कोशी,तेह्रथुम,म्याङ्गलुङ्ग नगरपालिका,7,1080407,10805
कोशी,तेह्रथुम,म्याङ्गलुङ्ग नगरपालिका,8,1080408,10805
कोशी,तेह्रथुम,म्याङ्गलुङ्ग नगरपालिका,9,1080409,10805
कोशी,तेह्रथुम,म्याङ्गलुङ्ग नगरपालिका,10,1080410,10805
कोशी,तेह्रथुम,लालीगुराँस नगरपालिका,1,1080501,10803
कोशी,तेह्रथुम,लालीगुराँस नगरपालिका,2,1080502,10803
कोशी,तेह्रथुम,लालीगुराँस नगरपालिका,3,1080503,10803
कोशी,तेह्रथुम,लालीगुराँस नगरपालिका,4,1080504,10803
कोशी,तेह्रथुम,लालीगुराँस नगरपालिका,5,1080505,10803
कोशी,तेह्रथुम,लालीगुराँस नगरपालिका,6,1080506,10803
कोशी,तेह्रथुम,लालीगुराँस नगरपालिका,7,1080507,10803
कोशी,तेह्रथुम,लालीगुराँस नगरपालिका,8,1080508,10803
कोशी,तेह्रथुम,लालीगुराँस नगरपालिका,9,1080509,10803
कोशी,तेह्रथुम,छथर गाउँपालिका,1,1080601,10802
कोशी,तेह्रथुम,छथर गाउँपालिका,2,1080602,10802
कोशी,तेह्रथुम,छथर गाउँपालिका,3,1080603,10802
कोशी,तेह्रथुम,छथर गाउँपालिका,4,1080604,10802
कोशी,तेह्रथुम,छथर गाउँपालिका,5,1080605,10802
कोशी,तेह्रथुम,छथर गाउँपालिका,6,1080606,10802
कोशी,पाँचथर,याङवरक गाउँपालिका,1,1090101,10208
कोशी,पाँचथर,याङवरक गाउँपालिका,2,1090102,10208
कोशी,पाँचथर,याङवरक गाउँपालिका,3,1090103,10208
कोशी,पाँचथर,याङवरक गाउँपालिका,4,1090104,10208
कोशी,पाँचथर,याङवरक गाउँपालिका,5,1090105,10208
कोशी,पाँचथर,याङवरक गाउँपालिका,6,1090106,10208
कोशी,पाँचथर,हिलिहाङ्ग गाउँपालिका,1,1090201,10203
कोशी,पाँचथर,हिलिहाङ्ग गाउँपालिका,2,1090202,10203
कोशी,पाँचथर,हिलिहाङ्ग गाउँपालिका,3,1090203,10203
कोशी,पाँचथर,हिलिहाङ्ग गाउँपालिका,4,1090204,10203
कोशी,पाँचथर,हिलिहाङ्ग गाउँपालिका,5,1090205,10203
कोशी,पाँचथर,हिलिहाङ्ग गाउँपालिका,6,1090206,10203
कोशी,पाँचथर,हिलिहाङ्ग गाउँपालिका,7,1090207,10203
कोशी,पाँचथर,फालेलुङ्ग गाउँपालिका,1,1090301,10201
कोशी,पाँचथर,फालेलुङ्ग गाउँपालिका,2,1090302,10201
कोशी,पाँचथर,फालेलुङ्ग गाउँपालिका,3,1090303,10201
कोशी,पाँचथर,फालेलुङ्ग गाउँपालिका,4,1090304,10201
कोशी,पाँचथर,फालेलुङ्ग गाउँपालिका,5,1090305,10201
कोशी,पाँचथर,फालेलुङ्ग गाउँपालिका,6,1090306,10201
कोशी,पाँचथर,फालेलुङ्ग गाउँपालिका,7,1090307,10201
कोशी,पाँचथर,फालेलुङ्ग गाउँपालिका,8,1090308,10201
कोशी,पाँचथर,फिदिम नगरपालिका,1,1090401,10206
कोशी,पाँचथर,फिदिम नगरपालिका,2,1090402,10206
कोशी,पाँचथर,फिदिम नगरपालिका,3,1090403,10206
कोशी,पाँचथर,फिदिम नगरपालिका,4,1090404,10206
कोशी,पाँचथर,फिदिम नगरपालिका,5,1090405,10206
कोशी,पाँचथर,फिदिम नगरपालिका,6,1090406,10206
कोशी,पाँचथर,फिदिम नगरपालिका,7,1090407,10206
कोशी,पाँचथर,फिदिम नगरपालिका,8,1090408,10206
कोशी,पाँचथर,फिदिम नगरपालिका,9,1090409,10206
कोशी,पाँचथर,फिदिम नगरपालिका,10,1090410,10206
कोशी,पाँचथर,फिदिम नगरपालिका,11,1090411,10206
कोशी,पाँचथर,फिदिम नगरपालिका,12,1090412,10206
कोशी,पाँचथर,फिदिम नगरपालिका,13,1090413,10206
कोशी,पाँचथर,फिदिम नगरपालिका,14,1090414,10206
कोशी,पाँचथर,फाल्गुनन्द गाउँपालिका,1,1090501,10202
कोशी,पाँचथर,फाल्गुनन्द गाउँपालिका,2,1090502,10202
कोशी,पाँचथर,फाल्गुनन्द गाउँपालिका,3,1090503,10202
कोशी,पाँचथर,फाल्गुनन्द गाउँपालिका,4,1090504,10202
कोशी,पाँचथर,फाल्गुनन्द गाउँपालिका,5,1090505,10202
कोशी,पाँचथर,फाल्गुनन्द गाउँपालिका,6,1090506,10202
कोशी,पाँचथर,फाल्गुनन्द गाउँपालिका,7,1090507,10202
कोशी,पाँचथर,कुम्मायक गाउँपालिका,1,1090601,10204
कोशी,पाँचथर,कुम्मायक गाउँपालिका,2,1090602,10204
कोशी,पाँचथर,कुम्मायक गाउँपालिका,3,1090603,10204
कोशी,पाँचथर,कुम्मायक गाउँपालिका,4,1090604,10204
कोशी,पाँचथर,कुम्मायक गाउँपालिका,5,1090605,10204
कोशी,पाँचथर,तुम्बेवा गाउँपालिका,1,1090701,10207
कोशी,पाँचथर,तुम्बेवा गाउँपालिका,2,1090702,10207
कोशी,पाँचथर,तुम्बेवा गाउँपालिका,3,1090703,10207
कोशी,पाँचथर,तुम्बेवा गाउँपालिका,4,1090704,10207
कोशी,पाँचथर,तुम्बेवा गाउँपालिका,5,1090705,10207
कोशी,पाँचथर,मिक्लाजुङ गाउँपालिका,1,1090801,10205
कोशी,पाँचथर,मिक्लाजुङ गाउँपालिका,2,1090802,10205
कोशी,पाँचथर,मिक्लाजुङ गाउँपालिका,3,1090803,10205
कोशी,पाँचथर,मिक्लाजुङ गाउँपालिका,4,1090804,10205
कोशी,पाँचथर,मिक्लाजुङ गाउँपालिका,5,1090805,10205
कोशी,पाँचथर,मिक्लाजुङ गाउँपालिका,6,1090806,10205
कोशी,पाँचथर,मिक्लाजुङ गाउँपालिका,7,1090807,10205
कोशी,पाँचथर,मिक्लाजुङ गाउँपालिका,8,1090808,10205
कोशी,इलाम,माई जोगमाई गाउँपालिका,1,1100101,10306
कोशी,इलाम,माई जोगमाई गाउँपालिका,2,1100102,10306
कोशी,इलाम,माई जोगमाई गाउँपालिका,3,1100103,10306
कोशी,इलाम,माई जोगमाई गाउँपालिका,4,1100104,10306
कोशी,इलाम,माई जोगमाई गाउँपालिका,5,1100105,10306
कोशी,इलाम,माई जोगमाई गाउँपालिका,6,1100106,10306
कोशी,इलाम,सन्दकपुर गाउँपालिका,1,1100201,10309
कोशी,इलाम,सन्दकपुर गाउँपालिका,2,1100202,10309
कोशी,इलाम,सन्दकपुर गाउँपालिका,3,1100203,10309
कोशी,इलाम,सन्दकपुर गाउँपालिका,4,1100204,10309
कोशी,इलाम,सन्दकपुर गाउँपालिका,5,1100205,10309
कोशी,इलाम,ईलाम नगरपालिका,1,1100301,10304
कोशी,इलाम,ईलाम नगरपालिका,2,1100302,10304
कोशी,इलाम,ईलाम नगरपालिका,3,1100303,10304
कोशी,इलाम,ईलाम नगरपालिका,4,1100304,10304
कोशी,इलाम,ईलाम नगरपालिका,5,1100305,10304
कोशी,इलाम,ईलाम नगरपालिका,6,1100306,10304
कोशी,इलाम,ईलाम नगरपालिका,7,1100307,10304
कोशी,इलाम,ईलाम नगरपालिका,8,1100308,10304
कोशी,इलाम,ईलाम नगरपालिका,9,1100309,10304
कोशी,इलाम,ईलाम नगरपालिका,10,1100310,10304
कोशी,इलाम,ईलाम नगरपालिका,11,1100311,10304
कोशी,इलाम,ईलाम नगरपालिका,12,1100312,10304
कोशी,इलाम,देउमाई नगरपालिका,1,1100401,10302
कोशी,इलाम,देउमाई नगरपालिका,2,1100402,10302
कोशी,इलाम,देउमाई नगरपालिका,3,1100403,10302
कोशी,इलाम,देउमाई नगरपालिका,4,1100404,10302
कोशी,इलाम,देउमाई नगरपालिका,5,1100405,10302
कोशी,इलाम,देउमाई नगरपालिका,6,1100406,10302
कोशी,इलाम,देउमाई नगरपालिका,7,1100407,10302
कोशी,इलाम,देउमाई नगरपालिका,8,1100408,10302
कोशी,इलाम,देउमाई नगरपालिका,9,1100409,10302
कोशी,इलाम,फाकफोकथुम गाउँपालिका,1,1100501,10303
कोशी,इलाम,फाकफोकथुम गाउँपालिका,2,1100502,10303
कोशी,इलाम,फाकफोकथुम गाउँपालिका,3,1100503,10303
कोशी,इलाम,फाकफोकथुम गाउँपालिका,4,1100504,10303
कोशी,इलाम,फाकफोकथुम गाउँपालिका,5,1100505,10303
कोशी,इलाम,फाकफोकथुम गाउँपालिका,6,1100506,10303
कोशी,इलाम,फाकफोकथुम गाउँपालिका,7,1100507,10303
कोशी,इलाम,माङसेबुङ गाउापालिका,1,1100601,10307
कोशी,इलाम,माङसेबुङ गाउापालिका,2,1100602,10307
कोशी,इलाम,माङसेबुङ गाउापालिका,3,1100603,10307
कोशी,इलाम,माङसेबुङ गाउापालिका,4,1100604,10307
कोशी,इलाम,माङसेबुङ गाउापालिका,5,1100605,10307
कोशी,इलाम,माङसेबुङ गाउापालिका,6,1100606,10307
कोशी,इलाम,चुलाचुली गाउँपालिका,1,1100701,10301
कोशी,इलाम,चुलाचुली गाउँपालिका,2,1100702,10301
कोशी,इलाम,चुलाचुली गाउँपालिका,3,1100703,10301
कोशी,इलाम,चुलाचुली गाउँपालिका,4,1100704,10301
कोशी,इलाम,चुलाचुली गाउँपालिका,5,1100705,10301
कोशी,इलाम,चुलाचुली गाउँपालिका,6,1100706,10301
कोशी,इलाम,माई नगरपालिका,1,1100801,10305
कोशी,इलाम,माई नगरपालिका,2,1100802,10305
कोशी,इलाम,माई नगरपालिका,3,1100803,10305
कोशी,इलाम,माई नगरपालिका,4,1100804,10305
कोशी,इलाम,माई नगरपालिका,5,1100805,10305
कोशी,इलाम,माई नगरपालिका,6,1100806,10305
कोशी,इलाम,माई नगरपालिका,7,1100807,10305
कोशी,इलाम,माई नगरपालिका,8,1100808,10305
कोशी,इलाम,माई नगरपालिका,9,1100809,10305
कोशी,इलाम,माई नगरपालिका,10,1100810,10305
कोशी,इलाम,सूर्योदय नगरपालिका,1,1100901,10310
कोशी,इलाम,सूर्योदय नगरपालिका,2,1100902,10310
कोशी,इलाम,सूर्योदय नगरपालिका,3,1100903,10310
कोशी,इलाम,सूर्योदय नगरपालिका,4,1100904,10310
कोशी,इलाम,सूर्योदय नगरपालिका,5,1100905,10310
कोशी,इलाम,सूर्योदय नगरपालिका,6,1100906,10310
कोशी,इलाम,सूर्योदय नगरपालिका,7,1100907,10310
कोशी,इलाम,सूर्योदय नगरपालिका,8,1100908,10310
कोशी,इलाम,सूर्योदय नगरपालिका,9,1100909,10310
कोशी,इलाम,सूर्योदय नगरपालिका,10,1100910,10310
कोशी,इलाम,सूर्योदय नगरपालिका,11,1100911,10310
कोशी,इलाम,सूर्योदय नगरपालिका,12,1100912,10310
कोशी,इलाम,सूर्योदय नगरपालिका,13,1100913,10310
कोशी,इलाम,सूर्योदय नगरपालिका,14,1100914,10310
कोशी,इलाम,रोङ गाउँपालिका,1,1101001,10308
कोशी,इलाम,रोङ गाउँपालिका,2,1101002,10308
कोशी,इलाम,रोङ गाउँपालिका,3,1101003,10308
कोशी,इलाम,रोङ गाउँपालिका,4,1101004,10308
कोशी,इलाम,रोङ गाउँपालिका,5,1101005,10308
कोशी,इलाम,रोङ गाउँपालिका,6,1101006,10308
कोशी,झापा,मेचीनगर नगरपालिका,1,1110101,10414
कोशी,झापा,मेचीनगर नगरपालिका,2,1110102,10414
कोशी,झापा,मेचीनगर नगरपालिका,3,1110103,10414
कोशी,झापा,मेचीनगर नगरपालिका,4,1110104,10414
कोशी,झापा,मेचीनगर नगरपालिका,5,1110105,10414
कोशी,झापा,मेचीनगर नगरपालिका,6,1110106,10414
कोशी,झापा,मेचीनगर नगरपालिका,7,1110107,10414
कोशी,झापा,मेचीनगर नगरपालिका,8,1110108,10414
कोशी,झापा,मेचीनगर नगरपालिका,9,1110109,10414
कोशी,झापा,मेचीनगर नगरपालिका,10,1110110,10414
कोशी,झापा,मेचीनगर नगरपालिका,11,1110111,10414
कोशी,झापा,मेचीनगर नगरपालिका,12,1110112,10414
कोशी,झापा,मेचीनगर नगरपालिका,13,1110113,10414
कोशी,झापा,मेचीनगर नगरपालिका,14,1110114,10414
कोशी,झापा,मेचीनगर नगरपालिका,15,1110115,10414
कोशी,झापा,बुद्धशान्ति गाउँपालिका,1,1110201,10405
कोशी,झापा,बुद्धशान्ति गाउँपालिका,2,1110202,10405
कोशी,झापा,बुद्धशान्ति गाउँपालिका,3,1110203,10405
कोशी,झापा,बुद्धशान्ति गाउँपालिका,4,1110204,10405
कोशी,झापा,बुद्धशान्ति गाउँपालिका,5,1110205,10405
कोशी,झापा,बुद्धशान्ति गाउँपालिका,6,1110206,10405
कोशी,झापा,बुद्धशान्ति गाउँपालिका,7,1110207,10405
कोशी,झापा,अर्जुनधारा नगरपालिका,1,1110301,10401
कोशी,झापा,अर्जुनधारा नगरपालिका,2,1110302,10401
कोशी,झापा,अर्जुनधारा नगरपालिका,3,1110303,10401
कोशी,झापा,अर्जुनधारा नगरपालिका,4,1110304,10401
कोशी,झापा,अर्जुनधारा नगरपालिका,5,1110305,10401
कोशी,झापा,अर्जुनधारा नगरपालिका,6,1110306,10401
कोशी,झापा,अर्जुनधारा नगरपालिका,7,1110307,10401
कोशी,झापा,अर्जुनधारा नगरपालिका,8,1110308,10401
कोशी,झापा,अर्जुनधारा नगरपालिका,9,1110309,10401
कोशी,झापा,अर्जुनधारा नगरपालिका,10,1110310,10401
कोशी,झापा,अर्जुनधारा नगरपालिका,11,1110311,10401
कोशी,झापा,कन्काई नगरपालिका,1,1110401,10413
कोशी,झापा,कन्काई नगरपालिका,2,1110402,10413
कोशी,झापा,कन्काई नगरपालिका,3,1110403,10413
कोशी,झापा,कन्काई नगरपालिका,4,1110404,10413
कोशी,झापा,कन्काई नगरपालिका,5,1110405,10413
कोशी,झापा,कन्काई नगरपालिका,6,1110406,10413
कोशी,झापा,कन्काई नगरपालिका,7,1110407,10413
कोशी,झापा,कन्काई नगरपालिका,8,1110408,10413
कोशी,झापा,कन्काई नगरपालिका,9,1110409,10413
कोशी,झापा,शिवसताक्षी नगरपालिका,1,1110501,10415
कोशी,झापा,शिवसताक्षी नगरपालिका,2,1110502,10415
कोशी,झापा,शिवसताक्षी नगरपालिका,3,1110503,10415
कोशी,झापा,शिवसताक्षी नगरपालिका,4,1110504,10415
कोशी,झापा,शिवसताक्षी नगरपालिका,5,1110505,10415
कोशी,झापा,शिवसताक्षी नगरपालिका,6,1110506,10415
कोशी,झापा,शिवसताक्षी नगरपालिका,7,1110507,10415
कोशी,झापा,शिवसताक्षी नगरपालिका,8,1110508,10415
कोशी,झापा,शिवसताक्षी नगरपालिका,9,1110509,10415
कोशी,झापा,शिवसताक्षी नगरपालिका,10,1110510,10415
कोशी,झापा,शिवसताक्षी नगरपालिका,11,1110511,10415
कोशी,झापा,कमल गाउँपालिका,1,1110601,10412
कोशी,झापा,कमल गाउँपालिका,2,1110602,10412
कोशी,झापा,कमल गाउँपालिका,3,1110603,10412
कोशी,झापा,कमल गाउँपालिका,4,1110604,10412
कोशी,झापा,कमल गाउँपालिका,5,1110605,10412
कोशी,झापा,कमल गाउँपालिका,6,1110606,10412
कोशी,झापा,कमल गाउँपालिका,7,1110607,10412
कोशी,झापा,दमक नगरपालिका,1,1110701,10406
कोशी,झापा,दमक नगरपालिका,2,1110702,10406
कोशी,झापा,दमक नगरपालिका,3,1110703,10406
कोशी,झापा,दमक नगरपालिका,4,1110704,10406
कोशी,झापा,दमक नगरपालिका,5,1110705,10406
कोशी,झापा,दमक नगरपालिका,6,1110706,10406
कोशी,झापा,दमक नगरपालिका,7,1110707,10406
कोशी,झापा,दमक नगरपालिका,8,1110708,10406
कोशी,झापा,दमक नगरपालिका,9,1110709,10406
कोशी,झापा,दमक नगरपालिका,10,1110710,10406
कोशी,झापा,गौरादह नगरपालिका,1,1110801,10407
कोशी,झापा,गौरादह नगरपालिका,2,1110802,10407
कोशी,झापा,गौरादह नगरपालिका,3,1110803,10407
कोशी,झापा,गौरादह नगरपालिका,4,1110804,10407
कोशी,झापा,गौरादह नगरपालिका,5,1110805,10407
कोशी,झापा,गौरादह नगरपालिका,6,1110806,10407
कोशी,झापा,गौरादह नगरपालिका,7,1110807,10407
कोशी,झापा,गौरादह नगरपालिका,8,1110808,10407
कोशी,झापा,गौरादह नगरपालिका,9,1110809,10407
कोशी,झापा,गौरिगञ्ज गाउँपालिका,1,1110901,10408
कोशी,झापा,गौरिगञ्ज गाउँपालिका,2,1110902,10408
कोशी,झापा,गौरिगञ्ज गाउँपालिका,3,1110903,10408
कोशी,झापा,गौरिगञ्ज गाउँपालिका,4,1110904,10408
कोशी,झापा,गौरिगञ्ज गाउँपालिका,5,1110905,10408
कोशी,झापा,गौरिगञ्ज गाउँपालिका,6,1110906,10408
कोशी,झापा,झापा गाउँपालिका,1,1111001,10410
कोशी,झापा,झापा गाउँपालिका,2,1111002,10410
कोशी,झापा,झापा गाउँपालिका,3,1111003,10410
कोशी,झापा,झापा गाउँपालिका,4,1111004,10410
कोशी,झापा,झापा गाउँपालिका,5,1111005,10410
कोशी,झापा,झापा गाउँपालिका,6,1111006,10410
कोशी,झापा,झापा गाउँपालिका,7,1111007,10410
कोशी,झापा,बाह्रदशी गाउँपालिका,1,1111101,10402
कोशी,झापा,बाह्रदशी गाउँपालिका,2,1111102,10402
कोशी,झापा,बाह्रदशी गाउँपालिका,3,1111103,10402
कोशी,झापा,बाह्रदशी गाउँपालिका,4,1111104,10402
कोशी,झापा,बाह्रदशी गाउँपालिका,5,1111105,10402
कोशी,झापा,बाह्रदशी गाउँपालिका,6,1111106,10402
कोशी,झापा,बाह्रदशी गाउँपालिका,7,1111107,10402
कोशी,झापा,बिर्तामोड नगरपालिका,1,1111201,10404
कोशी,झापा,बिर्तामोड नगरपालिका,2,1111202,10404
कोशी,झापा,बिर्तामोड नगरपालिका,3,1111203,10404
कोशी,झापा,बिर्तामोड नगरपालिका,4,1111204,10404
कोशी,झापा,बिर्तामोड नगरपालिका,5,1111205,10404
कोशी,झापा,बिर्तामोड नगरपालिका,6,1111206,10404
कोशी,झापा,बिर्तामोड नगरपालिका,7,1111207,10404
कोशी,झापा,बिर्तामोड नगरपालिका,8,1111208,10404
कोशी,झापा,बिर्तामोड नगरपालिका,9,1111209,10404
कोशी,झापा,बिर्तामोड नगरपालिका,10,1111210,10404
कोशी,झापा,हल्दीबारी गाउँपालिका,1,1111301,10409
कोशी,झापा,हल्दीबारी गाउँपालिका,2,1111302,10409
कोशी,झापा,हल्दीबारी गाउँपालिका,3,1111303,10409
कोशी,झापा,हल्दीबारी गाउँपालिका,4,1111304,10409
कोशी,झापा,हल्दीबारी गाउँपालिका,5,1111305,10409
कोशी,झापा,भद्रपुर नगरपालिका,1,1111401,10403
कोशी,झापा,भद्रपुर नगरपालिका,2,1111402,10403
कोशी,झापा,भद्रपुर नगरपालिका,3,1111403,10403
कोशी,झापा,भद्रपुर नगरपालिका,4,1111404,10403
कोशी,झापा,भद्रपुर नगरपालिका,5,1111405,10403
कोशी,झापा,भद्रपुर नगरपालिका,6,1111406,10403
कोशी,झापा,भद्रपुर नगरपालिका,7,1111407,10403
कोशी,झापा,भद्रपुर नगरपालिका,8,1111408,10403
कोशी,झापा,भद्रपुर नगरपालिका,9,1111409,10403
कोशी,झापा,भद्रपुर नगरपालिका,10,1111410,10403
कोशी,झापा,कचनकवल गाउँपालिका,1,1111501,10411
कोशी,झापा,कचनकवल गाउँपालिका,2,1111502,10411
कोशी,झापा,कचनकवल गाउँपालिका,3,1111503,10411
कोशी,झापा,कचनकवल गाउँपालिका,4,1111504,10411
कोशी,झापा,कचनकवल गाउँपालिका,5,1111505,10411
कोशी,झापा,कचनकवल गाउँपालिका,6,1111506,10411
कोशी,झापा,कचनकवल गाउँपालिका,7,1111507,10411
कोशी,मोरङ,मिक्लाजुङ्ग गाउँपालिका,1,1120101,10511
कोशी,मोरङ,मिक्लाजुङ्ग गाउँपालिका,2,1120102,10511
कोशी,मोरङ,मिक्लाजुङ्ग गाउँपालिका,3,1120103,10511
कोशी,मोरङ,मिक्लाजुङ्ग गाउँपालिका,4,1120104,10511
कोशी,मोरङ,मिक्लाजुङ्ग गाउँपालिका,5,1120105,10511
कोशी,मोरङ,मिक्लाजुङ्ग गाउँपालिका,6,1120106,10511
कोशी,मोरङ,मिक्लाजुङ्ग गाउँपालिका,7,1120107,10511
कोशी,मोरङ,मिक्लाजुङ्ग गाउँपालिका,8,1120108,10511
कोशी,मोरङ,मिक्लाजुङ्ग गाउँपालिका,9,1120109,10511
कोशी,मोरङ,लेटाङ नगरपालिका,1,1120201,10510
कोशी,मोरङ,लेटाङ नगरपालिका,2,1120202,10510
कोशी,मोरङ,लेटाङ नगरपालिका,3,1120203,10510
कोशी,मोरङ,लेटाङ नगरपालिका,4,1120204,10510
कोशी,मोरङ,लेटाङ नगरपालिका,5,1120205,10510
कोशी,मोरङ,लेटाङ नगरपालिका,6,1120206,10510
कोशी,मोरङ,लेटाङ नगरपालिका,7,1120207,10510
कोशी,मोरङ,लेटाङ नगरपालिका,8,1120208,10510
कोशी,मोरङ,लेटाङ नगरपालिका,9,1120209,10510
कोशी,मोरङ,केराबारी गाउँपालिका,1,1120301,10509
कोशी,मोरङ,केराबारी गाउँपालिका,2,1120302,10509
कोशी,मोरङ,केराबारी गाउँपालिका,3,1120303,10509
कोशी,मोरङ,केराबारी गाउँपालिका,4,1120304,10509
कोशी,मोरङ,केराबारी गाउँपालिका,5,1120305,10509
कोशी,मोरङ,केराबारी गाउँपालिका,6,1120306,10509
कोशी,मोरङ,केराबारी गाउँपालिका,7,1120307,10509
कोशी,मोरङ,केराबारी गाउँपालिका,8,1120308,10509
कोशी,मोरङ,केराबारी गाउँपालिका,9,1120309,10509
कोशी,मोरङ,केराबारी गाउँपालिका,10,1120310,10509
कोशी,मोरङ,सुन्दरहरैंचा नगरपालिका,1,1120401,10515
कोशी,मोरङ,सुन्दरहरैंचा नगरपालिका,2,1120402,10515
कोशी,मोरङ,सुन्दरहरैंचा नगरपालिका,3,1120403,10515
कोशी,मोरङ,सुन्दरहरैंचा नगरपालिका,4,1120404,10515
कोशी,मोरङ,सुन्दरहरैंचा नगरपालिका,5,1120405,10515
कोशी,मोरङ,सुन्दरहरैंचा नगरपालिका,6,1120406,10515
कोशी,मोरङ,सुन्दरहरैंचा नगरपालिका,7,1120407,10515
कोशी,मोरङ,सुन्दरहरैंचा नगरपालिका,8,1120408,10515
कोशी,मोरङ,सुन्दरहरैंचा नगरपालिका,9,1120409,10515
कोशी,मोरङ,सुन्दरहरैंचा नगरपालिका,10,1120410,10515
कोशी,मोरङ,सुन्दरहरैंचा नगरपालिका,11,1120411,10515
कोशी,मोरङ,सुन्दरहरैंचा नगरपालिका,12,1120412,10515
कोशी,मोरङ,बेलबारी नगरपालिका,1,1120501,10501
कोशी,मोरङ,बेलबारी नगरपालिका,2,1120502,10501
कोशी,मोरङ,बेलबारी नगरपालिका,3,1120503,10501
कोशी,मोरङ,बेलबारी नगरपालिका,4,1120504,10501
कोशी,मोरङ,बेलबारी नगरपालिका,5,1120505,10501
कोशी,मोरङ,बेलबारी नगरपालिका,6,1120506,10501
कोशी,मोरङ,बेलबारी नगरपालिका,7,1120507,10501
कोशी,मोरङ,बेलबारी नगरपालिका,8,1120508,10501
कोशी,मोरङ,बेलबारी नगरपालिका,9,1120509,10501
कोशी,मोरङ,बेलबारी नगरपालिका,10,1120510,10501
कोशी,मोरङ,बेलबारी नगरपालिका,11,1120511,10501
कोशी,मोरङ,कानेपोखरी गाउँपालिका,1,1120601,10507
कोशी,मोरङ,कानेपोखरी गाउँपालिका,2,1120602,10507
कोशी,मोरङ,कानेपोखरी गाउँपालिका,3,1120603,10507
कोशी,मोरङ,कानेपोखरी गाउँपालिका,4,1120604,10507
कोशी,मोरङ,कानेपोखरी गाउँपालिका,5,1120605,10507
कोशी,मोरङ,कानेपोखरी गाउँपालिका,6,1120606,10507
कोशी,मोरङ,कानेपोखरी गाउँपालिका,7,1120607,10507
कोशी,मोरङ,पथरी शनिश्चरे नगरपालिका,1,1120701,10512
कोशी,मोरङ,पथरी शनिश्चरे नगरपालिका,2,1120702,10512
कोशी,मोरङ,पथरी शनिश्चरे नगरपालिका,3,1120703,10512
कोशी,मोरङ,पथरी शनिश्चरे नगरपालिका,4,1120704,10512
कोशी,मोरङ,पथरी शनिश्चरे नगरपालिका,5,1120705,10512
कोशी,मोरङ,पथरी शनिश्चरे नगरपालिका,6,1120706,10512
कोशी,मोरङ,पथरी शनिश्चरे नगरपालिका,7,1120707,10512
कोशी,मोरङ,पथरी शनिश्चरे नगरपालिका,8,1120708,10512
कोशी,मोरङ,पथरी शनिश्चरे नगरपालिका,9,1120709,10512
कोशी,मोरङ,पथरी शनिश्चरे नगरपालिका,10,1120710,10512
कोशी,मोरङ,उर्लाबारी नगरपालिका,1,1120801,10517
कोशी,मोरङ,उर्लाबारी नगरपालिका,2,1120802,10517
कोशी,मोरङ,उर्लाबारी नगरपालिका,3,1120803,10517
कोशी,मोरङ,उर्लाबारी नगरपालिका,4,1120804,10517
कोशी,मोरङ,उर्लाबारी नगरपालिका,5,1120805,10517
कोशी,मोरङ,उर्लाबारी नगरपालिका,6,1120806,10517
कोशी,मोरङ,उर्लाबारी नगरपालिका,7,1120807,10517
कोशी,मोरङ,उर्लाबारी नगरपालिका,8,1120808,10517
कोशी,मोरङ,उर्लाबारी नगरपालिका,9,1120809,10517
कोशी,मोरङ,रतुवामाई नगरपालिका,1,1120901,10514
कोशी,मोरङ,रतुवामाई नगरपालिका,2,1120902,10514
कोशी,मोरङ,रतुवामाई नगरपालिका,3,1120903,10514
कोशी,मोरङ,रतुवामाई नगरपालिका,4,1120904,10514
कोशी,मोरङ,रतुवामाई नगरपालिका,5,1120905,10514
कोशी,मोरङ,रतुवामाई नगरपालिका,6,1120906,10514
कोशी,मोरङ,रतुवामाई नगरपालिका,7,1120907,10514
कोशी,मोरङ,रतुवामाई नगरपालिका,8,1120908,10514
कोशी,मोरङ,रतुवामाई नगरपालिका,9,1120909,10514
कोशी,मोरङ,रतुवामाई नगरपालिका,10,1120910,10514
कोशी,मोरङ,सुनवर्षी नगरपालिका,1,1121001,10516
कोशी,मोरङ,सुनवर्षी नगरपालिका,2,1121002,10516
कोशी,मोरङ,सुनवर्षी नगरपालिका,3,1121003,10516
कोशी,मोरङ,सुनवर्षी नगरपालिका,4,1121004,10516
कोशी,मोरङ,सुनवर्षी नगरपालिका,5,1121005,10516
कोशी,मोरङ,सुनवर्षी नगरपालिका,6,1121006,10516
कोशी,मोरङ,सुनवर्षी नगरपालिका,7,1121007,10516
कोशी,मोरङ,सुनवर्षी नगरपालिका,8,1121008,10516
कोशी,मोरङ,सुनवर्षी नगरपालिका,9,1121009,10516
कोशी,मोरङ,रंगेली नगरपालिका,1,1121101,10513
कोशी,मोरङ,रंगेली नगरपालिका,2,1121102,10513
कोशी,मोरङ,रंगेली नगरपालिका,3,1121103,10513
कोशी,मोरङ,रंगेली नगरपालिका,4,1121104,10513
कोशी,मोरङ,रंगेली नगरपालिका,5,1121105,10513
कोशी,मोरङ,रंगेली नगरपालिका,6,1121106,10513
कोशी,मोरङ,रंगेली नगरपालिका,7,1121107,10513
कोशी,मोरङ,रंगेली नगरपालिका,8,1121108,10513
कोशी,मोरङ,रंगेली नगरपालिका,9,1121109,10513
कोशी,मोरङ,ग्रामथान गाउँपालिका,1,1121201,10505
कोशी,मोरङ,ग्रामथान गाउँपालिका,2,1121202,10505
कोशी,मोरङ,ग्रामथान गाउँपालिका,3,1121203,10505
कोशी,मोरङ,ग्रामथान गाउँपालिका,4,1121204,10505
कोशी,मोरङ,ग्रामथान गाउँपालिका,5,1121205,10505
कोशी,मोरङ,ग्रामथान गाउँपालिका,6,1121206,10505
कोशी,मोरङ,ग्रामथान गाउँपालिका,7,1121207,10505
कोशी,मोरङ,बुढीगंगा गाउँपालिका,1,1121301,10503
कोशी,मोरङ,बुढीगंगा गाउँपालिका,2,1121302,10503
कोशी,मोरङ,बुढीगंगा गाउँपालिका,3,1121303,10503
कोशी,मोरङ,बुढीगंगा गाउँपालिका,4,1121304,10503
कोशी,मोरङ,बुढीगंगा गाउँपालिका,5,1121305,10503
कोशी,मोरङ,बुढीगंगा गाउँपालिका,6,1121306,10503
कोशी,मोरङ,बुढीगंगा गाउँपालिका,7,1121307,10503
कोशी,मोरङ,विराटनगर महानगरपालिका,1,1121401,10502
कोशी,मोरङ,विराटनगर महानगरपालिका,2,1121402,10502
कोशी,मोरङ,विराटनगर महानगरपालिका,3,1121403,10502
कोशी,मोरङ,विराटनगर महानगरपालिका,4,1121404,10502
कोशी,मोरङ,विराटनगर महानगरपालिका,5,1121405,10502
कोशी,मोरङ,विराटनगर महानगरपालिका,6,1121406,10502
कोशी,मोरङ,विराटनगर महानगरपालिका,7,1121407,10502
कोशी,मोरङ,विराटनगर महानगरपालिका,8,1121408,10502
कोशी,मोरङ,विराटनगर महानगरपालिका,9,1121409,10502
कोशी,मोरङ,विराटनगर महानगरपालिका,10,1121410,10502
कोशी,मोरङ,विराटनगर महानगरपालिका,11,1121411,10502
कोशी,मोरङ,विराटनगर महानगरपालिका,12,1121412,10502
कोशी,मोरङ,विराटनगर महानगरपालिका,13,1121413,10502
कोशी,मोरङ,विराटनगर महानगरपालिका,14,1121414,10502
कोशी,मोरङ,विराटनगर महानगरपालिका,15,1121415,10502
कोशी,मोरङ,विराटनगर महानगरपालिका,16,1121416,10502
कोशी,मोरङ,विराटनगर महानगरपालिका,17,1121417,10502
कोशी,मोरङ,विराटनगर महानगरपालिका,18,1121418,10502
कोशी,मोरङ,विराटनगर महानगरपालिका,19,1121419,10502
कोशी,मोरङ,कटहरी गाउँपालिका,1,1121501,10508
कोशी,मोरङ,कटहरी गाउँपालिका,2,1121502,10508
कोशी,मोरङ,कटहरी गाउँपालिका,3,1121503,10508
कोशी,मोरङ,कटहरी गाउँपालिका,4,1121504,10508
कोशी,मोरङ,कटहरी गाउँपालिका,5,1121505,10508
कोशी,मोरङ,कटहरी गाउँपालिका,6,1121506,10508
कोशी,मोरङ,कटहरी गाउँपालिका,7,1121507,10508
कोशी,मोरङ,धनपालथान गाउँपालिका,1,1121601,10504
कोशी,मोरङ,धनपालथान गाउँपालिका,2,1121602,10504
कोशी,मोरङ,धनपालथान गाउँपालिका,3,1121603,10504
कोशी,मोरङ,धनपालथान गाउँपालिका,4,1121604,10504
कोशी,मोरङ,धनपालथान गाउँपालिका,5,1121605,10504
कोशी,मोरङ,धनपालथान गाउँपालिका,6,1121606,10504
कोशी,मोरङ,धनपालथान गाउँपालिका,7,1121607,10504
कोशी,मोरङ,जहदा गाउँपालिका,1,1121701,10506
कोशी,मोरङ,जहदा गाउँपालिका,2,1121702,10506
कोशी,मोरङ,जहदा गाउँपालिका,3,1121703,10506
कोशी,मोरङ,जहदा गाउँपालिका,4,1121704,10506
कोशी,मोरङ,जहदा गाउँपालिका,5,1121705,10506
कोशी,मोरङ,जहदा गाउँपालिका,6,1121706,10506
कोशी,मोरङ,जहदा गाउँपालिका,7,1121707,10506
कोशी,सुनसरी,धरान उपमहानगरपालिका,1,1130101,10605
कोशी,सुनसरी,धरान उपमहानगरपालिका,2,1130102,10605
कोशी,सुनसरी,धरान उपमहानगरपालिका,3,1130103,10605
कोशी,सुनसरी,धरान उपमहानगरपालिका,4,1130104,10605
कोशी,सुनसरी,धरान उपमहानगरपालिका,5,1130105,10605
कोशी,सुनसरी,धरान उपमहानगरपालिका,6,1130106,10605
कोशी,सुनसरी,धरान उपमहानगरपालिका,7,1130107,10605
कोशी,सुनसरी,धरान उपमहानगरपालिका,8,1130108,10605
कोशी,सुनसरी,धरान उपमहानगरपालिका,9,1130109,10605
कोशी,सुनसरी,धरान उपमहानगरपालिका,10,1130110,10605
कोशी,सुनसरी,धरान उपमहानगरपालिका,11,1130111,10605
कोशी,सुनसरी,धरान उपमहानगरपालिका,12,1130112,10605
कोशी,सुनसरी,धरान उपमहानगरपालिका,13,1130113,10605
कोशी,सुनसरी,धरान उपमहानगरपालिका,14,1130114,10605
कोशी,सुनसरी,धरान उपमहानगरपालिका,15,1130115,10605
कोशी,सुनसरी,धरान उपमहानगरपालिका,16,1130116,10605
कोशी,सुनसरी,धरान उपमहानगरपालिका,17,1130117,10605
कोशी,सुनसरी,धरान उपमहानगरपालिका,18,1130118,10605
कोशी,सुनसरी,धरान उपमहानगरपालिका,19,1130119,10605
कोशी,सुनसरी,धरान उपमहानगरपालिका,20,1130120,10605
कोशी,सुनसरी,बराहक्षेत्र नगरपालिका,1,1130201,10601
कोशी,सुनसरी,बराहक्षेत्र नगरपालिका,2,1130202,10601
कोशी,सुनसरी,बराहक्षेत्र नगरपालिका,3,1130203,10601
कोशी,सुनसरी,बराहक्षेत्र नगरपालिका,4,1130204,10601
कोशी,सुनसरी,बराहक्षेत्र नगरपालिका,5,1130205,10601
कोशी,सुनसरी,बराहक्षेत्र नगरपालिका,6,1130206,10601
कोशी,सुनसरी,बराहक्षेत्र नगरपालिका,7,1130207,10601
कोशी,सुनसरी,बराहक्षेत्र नगरपालिका,8,1130208,10601
कोशी,सुनसरी,बराहक्षेत्र नगरपालिका,9,1130209,10601
कोशी,सुनसरी,बराहक्षेत्र नगरपालिका,10,1130210,10601
कोशी,सुनसरी,बराहक्षेत्र नगरपालिका,11,1130211,10601
कोशी,सुनसरी,कोशी गाउँपालिका,1,1130301,10611
कोशी,सुनसरी,कोशी गाउँपालिका,2,1130302,10611
कोशी,सुनसरी,कोशी गाउँपालिका,3,1130303,10611
कोशी,सुनसरी,कोशी गाउँपालिका,4,1130304,10611
कोशी,सुनसरी,कोशी गाउँपालिका,5,1130305,10611
कोशी,सुनसरी,कोशी गाउँपालिका,6,1130306,10611
कोशी,सुनसरी,कोशी गाउँपालिका,7,1130307,10611
कोशी,सुनसरी,कोशी गाउँपालिका,8,1130308,10611
कोशी,सुनसरी,भोक्राहा नरसिंह गाउँपालिका,1,1130401,10603
कोशी,सुनसरी,भोक्राहा नरसिंह गाउँपालिका,2,1130402,10603
कोशी,सुनसरी,भोक्राहा नरसिंह गाउँपालिका,3,1130403,10603
कोशी,सुनसरी,भोक्राहा नरसिंह गाउँपालिका,4,1130404,10603
कोशी,सुनसरी,भोक्राहा नरसिंह गाउँपालिका,5,1130405,10603
कोशी,सुनसरी,भोक्राहा नरसिंह गाउँपालिका,6,1130406,10603
कोशी,सुनसरी,भोक्राहा नरसिंह गाउँपालिका,7,1130407,10603
कोशी,सुनसरी,भोक्राहा नरसिंह गाउँपालिका,8,1130408,10603
कोशी,सुनसरी,रामधुनी नगरपालिका,1,1130501,10612
कोशी,सुनसरी,रामधुनी नगरपालिका,2,1130502,10612
कोशी,सुनसरी,रामधुनी नगरपालिका,3,1130503,10612
कोशी,सुनसरी,रामधुनी नगरपालिका,4,1130504,10612
कोशी,सुनसरी,रामधुनी नगरपालिका,5,1130505,10612
कोशी,सुनसरी,रामधुनी नगरपालिका,6,1130506,10612
कोशी,सुनसरी,रामधुनी नगरपालिका,7,1130507,10612
कोशी,सुनसरी,रामधुनी नगरपालिका,8,1130508,10612
कोशी,सुनसरी,रामधुनी नगरपालिका,9,1130509,10612
कोशी,सुनसरी,ईटहरी उपमहानगरपालिका,1,1130601,10610
कोशी,सुनसरी,ईटहरी उपमहानगरपालिका,2,1130602,10610
कोशी,सुनसरी,ईटहरी उपमहानगरपालिका,3,1130603,10610
कोशी,सुनसरी,ईटहरी उपमहानगरपालिका,4,1130604,10610
कोशी,सुनसरी,ईटहरी उपमहानगरपालिका,5,1130605,10610
कोशी,सुनसरी,ईटहरी उपमहानगरपालिका,6,1130606,10610
कोशी,सुनसरी,ईटहरी उपमहानगरपालिका,7,1130607,10610
कोशी,सुनसरी,ईटहरी उपमहानगरपालिका,8,1130608,10610
कोशी,सुनसरी,ईटहरी उपमहानगरपालिका,9,1130609,10610
कोशी,सुनसरी,ईटहरी उपमहानगरपालिका,10,1130610,10610
कोशी,सुनसरी,ईटहरी उपमहानगरपालिका,11,1130611,10610
कोशी,सुनसरी,ईटहरी उपमहानगरपालिका,12,1130612,10610
कोशी,सुनसरी,ईटहरी उपमहानगरपालिका,13,1130613,10610
कोशी,सुनसरी,ईटहरी उपमहानगरपालिका,14,1130614,10610
कोशी,सुनसरी,ईटहरी उपमहानगरपालिका,15,1130615,10610
कोशी,सुनसरी,ईटहरी उपमहानगरपालिका,16,1130616,10610
कोशी,सुनसरी,ईटहरी उपमहानगरपालिका,17,1130617,10610
कोशी,सुनसरी,ईटहरी उपमहानगरपालिका,18,1130618,10610
कोशी,सुनसरी,ईटहरी उपमहानगरपालिका,19,1130619,10610
कोशी,सुनसरी,ईटहरी उपमहानगरपालिका,20,1130620,10610
कोशी,सुनसरी,दुहबी नगरपालिका,1,1130701,10606
कोशी,सुनसरी,दुहबी नगरपालिका,2,1130702,10606
कोशी,सुनसरी,दुहबी नगरपालिका,3,1130703,10606
कोशी,सुनसरी,दुहबी नगरपालिका,4,1130704,10606
कोशी,सुनसरी,दुहबी नगरपालिका,5,1130705,10606
कोशी,सुनसरी,दुहबी नगरपालिका,6,1130706,10606
कोशी,सुनसरी,दुहबी नगरपालिका,7,1130707,10606
कोशी,सुनसरी,दुहबी नगरपालिका,8,1130708,10606
कोशी,सुनसरी,दुहबी नगरपालिका,9,1130709,10606
कोशी,सुनसरी,दुहबी नगरपालिका,10,1130710,10606
कोशी,सुनसरी,दुहबी नगरपालिका,11,1130711,10606
कोशी,सुनसरी,दुहबी नगरपालिका,12,1130712,10606
कोशी,सुनसरी,गढी गाउँपालिका,1,1130801,10607
कोशी,सुनसरी,गढी गाउँपालिका,2,1130802,10607
कोशी,सुनसरी,गढी गाउँपालिका,3,1130803,10607
कोशी,सुनसरी,गढी गाउँपालिका,4,1130804,10607
कोशी,सुनसरी,गढी गाउँपालिका,5,1130805,10607
कोशी,सुनसरी,गढी गाउँपालिका,6,1130806,10607
कोशी,सुनसरी,इनरुवा नगरपालिका,1,1130901,10609
कोशी,सुनसरी,इनरुवा नगरपालिका,2,1130902,10609
कोशी,सुनसरी,इनरुवा नगरपालिका,3,1130903,10609
कोशी,सुनसरी,इनरुवा नगरपालिका,4,1130904,10609
कोशी,सुनसरी,इनरुवा नगरपालिका,5,1130905,10609
कोशी,सुनसरी,इनरुवा नगरपालिका,6,1130906,10609
कोशी,सुनसरी,इनरुवा नगरपालिका,7,1130907,10609
कोशी,सुनसरी,इनरुवा नगरपालिका,8,1130908,10609
कोशी,सुनसरी,इनरुवा नगरपालिका,9,1130909,10609
कोशी,सुनसरी,इनरुवा नगरपालिका,10,1130910,10609
कोशी,सुनसरी,हरिनगर गाउँपालिका,1,1131001,10608
कोशी,सुनसरी,हरिनगर गाउँपालिका,2,1131002,10608
कोशी,सुनसरी,हरिनगर गाउँपालिका,3,1131003,10608
कोशी,सुनसरी,हरिनगर गाउँपालिका,4,1131004,10608
कोशी,सुनसरी,हरिनगर गाउँपालिका,5,1131005,10608
कोशी,सुनसरी,हरिनगर गाउँपालिका,6,1131006,10608
कोशी,सुनसरी,हरिनगर गाउँपालिका,7,1131007,10608
कोशी,सुनसरी,देवानगन्ज गाउँपालिका,1,1131101,10604
कोशी,सुनसरी,देवानगन्ज गाउँपालिका,2,1131102,10604
कोशी,सुनसरी,देवानगन्ज गाउँपालिका,3,1131103,10604
कोशी,सुनसरी,देवानगन्ज गाउँपालिका,4,1131104,10604
कोशी,सुनसरी,देवानगन्ज गाउँपालिका,5,1131105,10604
कोशी,सुनसरी,देवानगन्ज गाउँपालिका,6,1131106,10604
कोशी,सुनसरी,देवानगन्ज गाउँपालिका,7,1131107,10604
कोशी,सुनसरी,बर्जु गाउँपालिका,1,1131201,10602
कोशी,सुनसरी,बर्जु गाउँपालिका,2,1131202,10602
कोशी,सुनसरी,बर्जु गाउँपालिका,3,1131203,10602
कोशी,सुनसरी,बर्जु गाउँपालिका,4,1131204,10602
कोशी,सुनसरी,बर्जु गाउँपालिका,5,1131205,10602
कोशी,सुनसरी,बर्जु गाउँपालिका,6,1131206,10602
कोशी,उदयपुर,बेलका नगरपालिका,1,1140101,11401
कोशी,उदयपुर,बेलका नगरपालिका,2,1140102,11401
कोशी,उदयपुर,बेलका नगरपालिका,3,1140103,11401
कोशी,उदयपुर,बेलका नगरपालिका,4,1140104,11401
कोशी,उदयपुर,बेलका नगरपालिका,5,1140105,11401
कोशी,उदयपुर,बेलका नगरपालिका,6,1140106,11401
कोशी,उदयपुर,बेलका नगरपालिका,7,1140107,11401
कोशी,उदयपुर,बेलका नगरपालिका,8,1140108,11401
कोशी,उदयपुर,बेलका नगरपालिका,9,1140109,11401
कोशी,उदयपुर,चौदण्डीगढी नगरपालिका,1,1140201,11402
कोशी,उदयपुर,चौदण्डीगढी नगरपालिका,2,1140202,11402
कोशी,उदयपुर,चौदण्डीगढी नगरपालिका,3,1140203,11402
कोशी,उदयपुर,चौदण्डीगढी नगरपालिका,4,1140204,11402
कोशी,उदयपुर,चौदण्डीगढी नगरपालिका,5,1140205,11402
कोशी,उदयपुर,चौदण्डीगढी नगरपालिका,6,1140206,11402
कोशी,उदयपुर,चौदण्डीगढी नगरपालिका,7,1140207,11402
कोशी,उदयपुर,चौदण्डीगढी नगरपालिका,8,1140208,11402
कोशी,उदयपुर,चौदण्डीगढी नगरपालिका,9,1140209,11402
कोशी,उदयपुर,चौदण्डीगढी नगरपालिका,10,1140210,11402
कोशी,उदयपुर,त्रियुगा नगरपालिका,1,1140301,11407
कोशी,उदयपुर,त्रियुगा नगरपालिका,2,1140302,11407
कोशी,उदयपुर,त्रियुगा नगरपालिका,3,1140303,11407
कोशी,उदयपुर,त्रियुगा नगरपालिका,4,1140304,11407
कोशी,उदयपुर,त्रियुगा नगरपालिका,5,1140305,11407
कोशी,उदयपुर,त्रियुगा नगरपालिका,6,1140306,11407
कोशी,उदयपुर,त्रियुगा नगरपालिका,7,1140307,11407
कोशी,उदयपुर,त्रियुगा नगरपालिका,8,1140308,11407
कोशी,उदयपुर,त्रियुगा नगरपालिका,9,1140309,11407
कोशी,उदयपुर,त्रियुगा नगरपालिका,10,1140310,11407
कोशी,उदयपुर,त्रियुगा नगरपालिका,11,1140311,11407
कोशी,उदयपुर,त्रियुगा नगरपालिका,12,1140312,11407
कोशी,उदयपुर,त्रियुगा नगरपालिका,13,1140313,11407
कोशी,उदयपुर,त्रियुगा नगरपालिका,14,1140314,11407
कोशी,उदयपुर,त्रियुगा नगरपालिका,15,1140315,11407
कोशी,उदयपुर,त्रियुगा नगरपालिका,16,1140316,11407
कोशी,उदयपुर,रौतामाई गाउँपालिका,1,1140401,11404
कोशी,उदयपुर,रौतामाई गाउँपालिका,2,1140402,11404
कोशी,उदयपुर,रौतामाई गाउँपालिका,3,1140403,11404
कोशी,उदयपुर,रौतामाई गाउँपालिका,4,1140404,11404
कोशी,उदयपुर,रौतामाई गाउँपालिका,5,1140405,11404
कोशी,उदयपुर,रौतामाई गाउँपालिका,6,1140406,11404
कोशी,उदयपुर,रौतामाई गाउँपालिका,7,1140407,11404
कोशी,उदयपुर,रौतामाई गाउँपालिका,8,1140408,11404
कोशी,उदयपुर,लिम्चुङ्बुङ गाउँपालिका,1,1140501,11406
कोशी,उदयपुर,लिम्चुङ्बुङ गाउँपालिका,2,1140502,11406
कोशी,उदयपुर,लिम्चुङ्बुङ गाउँपालिका,3,1140503,11406
कोशी,उदयपुर,लिम्चुङ्बुङ गाउँपालिका,4,1140504,11406
कोशी,उदयपुर,लिम्चुङ्बुङ गाउँपालिका,5,1140505,11406
कोशी,उदयपुर,ताप्ली गाउँपालिका,1,1140601,11406
कोशी,उदयपुर,ताप्ली गाउँपालिका,2,1140602,11406
कोशी,उदयपुर,ताप्ली गाउँपालिका,3,1140603,11406
कोशी,उदयपुर,ताप्ली गाउँपालिका,4,1140604,11406
कोशी,उदयपुर,ताप्ली गाउँपालिका,5,1140605,11406
कोशी,उदयपुर,कटारी नगरपालिका,1,1140701,11403
कोशी,उदयपुर,कटारी नगरपालिका,2,1140702,11403
कोशी,उदयपुर,कटारी नगरपालिका,3,1140703,11403
कोशी,उदयपुर,कटारी नगरपालिका,4,1140704,11403
कोशी,उदयपुर,कटारी नगरपालिका,5,1140705,11403
कोशी,उदयपुर,कटारी नगरपालिका,6,1140706,11403
कोशी,उदयपुर,कटारी नगरपालिका,7,1140707,11403
कोशी,उदयपुर,कटारी नगरपालिका,8,1140708,11403
कोशी,उदयपुर,कटारी नगरपालिका,9,1140709,11403
कोशी,उदयपुर,कटारी नगरपालिका,10,1140710,11403
कोशी,उदयपुर,कटारी नगरपालिका,11,1140711,11403
कोशी,उदयपुर,कटारी नगरपालिका,12,1140712,11403
कोशी,उदयपुर,कटारी नगरपालिका,13,1140713,11403
कोशी,उदयपुर,कटारी नगरपालिका,14,1140714,11403
कोशी,उदयपुर,उदयपुरगढी गाउँपालिका,1,1140801,11408
कोशी,उदयपुर,उदयपुरगढी गाउँपालिका,2,1140802,11408
कोशी,उदयपुर,उदयपुरगढी गाउँपालिका,3,1140803,11408
कोशी,उदयपुर,उदयपुरगढी गाउँपालिका,4,1140804,11408
कोशी,उदयपुर,उदयपुरगढी गाउँपालिका,5,1140805,11408
कोशी,उदयपुर,उदयपुरगढी गाउँपालिका,6,1140806,11408
कोशी,उदयपुर,उदयपुरगढी गाउँपालिका,7,1140807,11408
कोशी,उदयपुर,उदयपुरगढी गाउँपालिका,8,1140808,11408
मधेश,सप्तरी,सप्तकोशी नगरपालिका,1,2010101,21514
मधेश,सप्तरी,सप्तकोशी नगरपालिका,2,2010102,21514
मधेश,सप्तरी,सप्तकोशी नगरपालिका,3,2010103,21514
मधेश,सप्तरी,सप्तकोशी नगरपालिका,4,2010104,21514
मधेश,सप्तरी,सप्तकोशी नगरपालिका,5,2010105,21514
मधेश,सप्तरी,सप्तकोशी नगरपालिका,6,2010106,21514
मधेश,सप्तरी,सप्तकोशी नगरपालिका,7,2010107,21514
मधेश,सप्तरी,सप्तकोशी नगरपालिका,8,2010108,21514
मधेश,सप्तरी,सप्तकोशी नगरपालिका,9,2010109,21514
मधेश,सप्तरी,सप्तकोशी नगरपालिका,10,2010110,21514
मधेश,सप्तरी,सप्तकोशी नगरपालिका,11,2010111,21514
मधेश,सप्तरी,कन्चनरुप नगरपालिका,1,2010201,21509
मधेश,सप्तरी,कन्चनरुप नगरपालिका,2,2010202,21509
मधेश,सप्तरी,कन्चनरुप नगरपालिका,3,2010203,21509
मधेश,सप्तरी,कन्चनरुप नगरपालिका,4,2010204,21509
मधेश,सप्तरी,कन्चनरुप नगरपालिका,5,2010205,21509
मधेश,सप्तरी,कन्चनरुप नगरपालिका,6,2010206,21509
मधेश,सप्तरी,कन्चनरुप नगरपालिका,7,2010207,21509
मधेश,सप्तरी,कन्चनरुप नगरपालिका,8,2010208,21509
मधेश,सप्तरी,कन्चनरुप नगरपालिका,9,2010209,21509
मधेश,सप्तरी,कन्चनरुप नगरपालिका,10,2010210,21509
मधेश,सप्तरी,कन्चनरुप नगरपालिका,11,2010211,21509
मधेश,सप्तरी,कन्चनरुप नगरपालिका,12,2010212,21509
मधेश,सप्तरी,अग्मीसयर कृष्ण सवरन गाउँपालिका,1,2010301,21501
मधेश,सप्तरी,अग्मीसयर कृष्ण सवरन गाउँपालिका,2,2010302,21501
मधेश,सप्तरी,अग्मीसयर कृष्ण सवरन गाउँपालिका,3,2010303,21501
मधेश,सप्तरी,अग्मीसयर कृष्ण सवरन गाउँपालिका,4,2010304,21501
मधेश,सप्तरी,अग्मीसयर कृष्ण सवरन गाउँपालिका,5,2010305,21501
मधेश,सप्तरी,अग्मीसयर कृष्ण सवरन गाउँपालिका,6,2010306,21501
मधेश,सप्तरी,रुपनी गाउँपालिका,1,2010401,21513
मधेश,सप्तरी,रुपनी गाउँपालिका,2,2010402,21513
मधेश,सप्तरी,रुपनी गाउँपालिका,3,2010403,21513
मधेश,सप्तरी,रुपनी गाउँपालिका,4,2010404,21513
मधेश,सप्तरी,रुपनी गाउँपालिका,5,2010405,21513
मधेश,सप्तरी,रुपनी गाउँपालिका,6,2010406,21513
मधेश,सप्तरी,शम्भुनाथ नगरपालिका,1,2010501,21515
मधेश,सप्तरी,शम्भुनाथ नगरपालिका,2,2010502,21515
मधेश,सप्तरी,शम्भुनाथ नगरपालिका,3,2010503,21515
मधेश,सप्तरी,शम्भुनाथ नगरपालिका,4,2010504,21515
मधेश,सप्तरी,शम्भुनाथ नगरपालिका,5,2010505,21515
मधेश,सप्तरी,शम्भुनाथ नगरपालिका,6,2010506,21515
मधेश,सप्तरी,शम्भुनाथ नगरपालिका,7,2010507,21515
मधेश,सप्तरी,शम्भुनाथ नगरपालिका,8,2010508,21515
मधेश,सप्तरी,शम्भुनाथ नगरपालिका,9,2010509,21515
मधेश,सप्तरी,शम्भुनाथ नगरपालिका,10,2010510,21515
मधेश,सप्तरी,शम्भुनाथ नगरपालिका,11,2010511,21515
मधेश,सप्तरी,शम्भुनाथ नगरपालिका,12,2010512,21515
मधेश,सप्तरी,खडक नगरपालिका,1,2010601,21510
मधेश,सप्तरी,खडक नगरपालिका,2,2010602,21510
मधेश,सप्तरी,खडक नगरपालिका,3,2010603,21510
मधेश,सप्तरी,खडक नगरपालिका,4,2010604,21510
मधेश,सप्तरी,खडक नगरपालिका,5,2010605,21510
मधेश,सप्तरी,खडक नगरपालिका,6,2010606,21510
मधेश,सप्तरी,खडक नगरपालिका,7,2010607,21510
मधेश,सप्तरी,खडक नगरपालिका,8,2010608,21510
मधेश,सप्तरी,खडक नगरपालिका,9,2010609,21510
मधेश,सप्तरी,खडक नगरपालिका,10,2010610,21510
मधेश,सप्तरी,खडक नगरपालिका,11,2010611,21510
मधेश,सप्तरी,सुरुङ्गा नगरपालिका,1,2010701,21516
मधेश,सप्तरी,सुरुङ्गा नगरपालिका,2,2010702,21516
मधेश,सप्तरी,सुरुङ्गा नगरपालिका,3,2010703,21516
मधेश,सप्तरी,सुरुङ्गा नगरपालिका,4,2010704,21516
मधेश,सप्तरी,सुरुङ्गा नगरपालिका,5,2010705,21516
मधेश,सप्तरी,सुरुङ्गा नगरपालिका,6,2010706,21516
मधेश,सप्तरी,सुरुङ्गा नगरपालिका,7,2010707,21516
मधेश,सप्तरी,सुरुङ्गा नगरपालिका,8,2010708,21516
मधेश,सप्तरी,सुरुङ्गा नगरपालिका,9,2010709,21516
मधेश,सप्तरी,सुरुङ्गा नगरपालिका,10,2010710,21516
मधेश,सप्तरी,सुरुङ्गा नगरपालिका,11,2010711,21516
मधेश,सप्तरी,बलान बिहुल गाउँपालिका,1,2010801,21502
मधेश,सप्तरी,बलान बिहुल गाउँपालिका,2,2010802,21502
मधेश,सप्तरी,बलान बिहुल गाउँपालिका,3,2010803,21502
मधेश,सप्तरी,बलान बिहुल गाउँपालिका,4,2010804,21502
मधेश,सप्तरी,बलान बिहुल गाउँपालिका,5,2010805,21502
मधेश,सप्तरी,बलान बिहुल गाउँपालिका,6,2010806,21502
मधेश,सप्तरी,बोदेबरसाईन नगरपालिका,1,2010901,21505
मधेश,सप्तरी,बोदेबरसाईन नगरपालिका,2,2010902,21505
मधेश,सप्तरी,बोदेबरसाईन नगरपालिका,3,2010903,21505
मधेश,सप्तरी,बोदेबरसाईन नगरपालिका,4,2010904,21505
मधेश,सप्तरी,बोदेबरसाईन नगरपालिका,5,2010905,21505
मधेश,सप्तरी,बोदेबरसाईन नगरपालिका,6,2010906,21505
मधेश,सप्तरी,बोदेबरसाईन नगरपालिका,7,2010907,21505
मधेश,सप्तरी,बोदेबरसाईन नगरपालिका,8,2010908,21505
मधेश,सप्तरी,बोदेबरसाईन नगरपालिका,9,2010909,21505
मधेश,सप्तरी,बोदेबरसाईन नगरपालिका,10,2010910,21505
मधेश,सप्तरी,डाक्नेश्वरी नगरपालिका,1,2011001,21507
मधेश,सप्तरी,डाक्नेश्वरी नगरपालिका,2,2011002,21507
मधेश,सप्तरी,डाक्नेश्वरी नगरपालिका,3,2011003,21507
मधेश,सप्तरी,डाक्नेश्वरी नगरपालिका,4,2011004,21507
मधेश,सप्तरी,डाक्नेश्वरी नगरपालिका,5,2011005,21507
मधेश,सप्तरी,डाक्नेश्वरी नगरपालिका,6,2011006,21507
मधेश,सप्तरी,डाक्नेश्वरी नगरपालिका,7,2011007,21507
मधेश,सप्तरी,डाक्नेश्वरी नगरपालिका,8,2011008,21507
मधेश,सप्तरी,डाक्नेश्वरी नगरपालिका,9,2011009,21507
मधेश,सप्तरी,डाक्नेश्वरी नगरपालिका,10,2011010,21507
मधेश,सप्तरी,राजगढ गाउँपालिका,1,2011101,21503
मधेश,सप्तरी,राजगढ गाउँपालिका,2,2011102,21503
मधेश,सप्तरी,राजगढ गाउँपालिका,3,2011103,21503
मधेश,सप्तरी,राजगढ गाउँपालिका,4,2011104,21503
मधेश,सप्तरी,राजगढ गाउँपालिका,5,2011105,21503
मधेश,सप्तरी,राजगढ गाउँपालिका,6,2011106,21503
मधेश,सप्तरी,बिष्णुपुर गाउँपालिका,1,2011201,21504
मधेश,सप्तरी,बिष्णुपुर गाउँपालिका,2,2011202,21504
मधेश,सप्तरी,बिष्णुपुर गाउँपालिका,3,2011203,21504
मधेश,सप्तरी,बिष्णुपुर गाउँपालिका,4,2011204,21504
मधेश,सप्तरी,बिष्णुपुर गाउँपालिका,5,2011205,21504
मधेश,सप्तरी,बिष्णुपुर गाउँपालिका,6,2011206,21504
मधेश,सप्तरी,बिष्णुपुर गाउँपालिका,7,2011207,21504
मधेश,सप्तरी,राजविराज नगरपालिका,1,2011301,21512
मधेश,सप्तरी,राजविराज नगरपालिका,2,2011302,21512
मधेश,सप्तरी,राजविराज नगरपालिका,3,2011303,21512
मधेश,सप्तरी,राजविराज नगरपालिका,4,2011304,21512
मधेश,सप्तरी,राजविराज नगरपालिका,5,2011305,21512
मधेश,सप्तरी,राजविराज नगरपालिका,6,2011306,21512
मधेश,सप्तरी,राजविराज नगरपालिका,7,2011307,21512
मधेश,सप्तरी,राजविराज नगरपालिका,8,2011308,21512
मधेश,सप्तरी,राजविराज नगरपालिका,9,2011309,21512
मधेश,सप्तरी,राजविराज नगरपालिका,10,2011310,21512
मधेश,सप्तरी,राजविराज नगरपालिका,11,2011311,21512
मधेश,सप्तरी,राजविराज नगरपालिका,12,2011312,21512
मधेश,सप्तरी,राजविराज नगरपालिका,13,2011313,21512
मधेश,सप्तरी,राजविराज नगरपालिका,14,2011314,21512
मधेश,सप्तरी,राजविराज नगरपालिका,15,2011315,21512
मधेश,सप्तरी,राजविराज नगरपालिका,16,2011316,21512
मधेश,सप्तरी,महादेवा गाउँपालिका,1,2011401,21511
मधेश,सप्तरी,महादेवा गाउँपालिका,2,2011402,21511
मधेश,सप्तरी,महादेवा गाउँपालिका,3,2011403,21511
मधेश,सप्तरी,महादेवा गाउँपालिका,4,2011404,21511
मधेश,सप्तरी,महादेवा गाउँपालिका,5,2011405,21511
मधेश,सप्तरी,महादेवा गाउँपालिका,6,2011406,21511
मधेश,सप्तरी,तिरहुत गाउँपालिका,1,2011501,21518
मधेश,सप्तरी,तिरहुत गाउँपालिका,2,2011502,21518
मधेश,सप्तरी,तिरहुत गाउँपालिका,3,2011503,21518
मधेश,सप्तरी,तिरहुत गाउँपालिका,4,2011504,21518
मधेश,सप्तरी,तिरहुत गाउँपालिका,5,2011505,21518
मधेश,सप्तरी,हनुमाननगर कङ्कालिनी नगरपालिका,1,2011601,21508
मधेश,सप्तरी,हनुमाननगर कङ्कालिनी नगरपालिका,2,2011602,21508
मधेश,सप्तरी,हनुमाननगर कङ्कालिनी नगरपालिका,3,2011603,21508
मधेश,सप्तरी,हनुमाननगर कङ्कालिनी नगरपालिका,4,2011604,21508
मधेश,सप्तरी,हनुमाननगर कङ्कालिनी नगरपालिका,5,2011605,21508
मधेश,सप्तरी,हनुमाननगर कङ्कालिनी नगरपालिका,6,2011606,21508
मधेश,सप्तरी,हनुमाननगर कङ्कालिनी नगरपालिका,7,2011607,21508
मधेश,सप्तरी,हनुमाननगर कङ्कालिनी नगरपालिका,8,2011608,21508
मधेश,सप्तरी,हनुमाननगर कङ्कालिनी नगरपालिका,9,2011609,21508
मधेश,सप्तरी,हनुमाननगर कङ्कालिनी नगरपालिका,10,2011610,21508
मधेश,सप्तरी,हनुमाननगर कङ्कालिनी नगरपालिका,11,2011611,21508
मधेश,सप्तरी,हनुमाननगर कङ्कालिनी नगरपालिका,12,2011612,21508
मधेश,सप्तरी,हनुमाननगर कङ्कालिनी नगरपालिका,13,2011613,21508
मधेश,सप्तरी,हनुमाननगर कङ्कालिनी नगरपालिका,14,2011614,21508
मधेश,सप्तरी,तिलाठी कोईलाडी गाउँपालिका,1,2011701,21517
मधेश,सप्तरी,तिलाठी कोईलाडी गाउँपालिका,2,2011702,21517
मधेश,सप्तरी,तिलाठी कोईलाडी गाउँपालिका,3,2011703,21517
मधेश,सप्तरी,तिलाठी कोईलाडी गाउँपालिका,4,2011704,21517
मधेश,सप्तरी,तिलाठी कोईलाडी गाउँपालिका,5,2011705,21517
मधेश,सप्तरी,तिलाठी कोईलाडी गाउँपालिका,6,2011706,21517
मधेश,सप्तरी,तिलाठी कोईलाडी गाउँपालिका,7,2011707,21517
मधेश,सप्तरी,तिलाठी कोईलाडी गाउँपालिका,8,2011708,21517
मधेश,सप्तरी,छिन्नमस्ता गाउँपालिका,1,2011801,21506
मधेश,सप्तरी,छिन्नमस्ता गाउँपालिका,2,2011802,21506
मधेश,सप्तरी,छिन्नमस्ता गाउँपालिका,3,2011803,21506
मधेश,सप्तरी,छिन्नमस्ता गाउँपालिका,4,2011804,21506
मधेश,सप्तरी,छिन्नमस्ता गाउँपालिका,5,2011805,21506
मधेश,सप्तरी,छिन्नमस्ता गाउँपालिका,6,2011806,21506
मधेश,सप्तरी,छिन्नमस्ता गाउँपालिका,7,2011807,21506
मधेश,सिरहा,लहान नगरपालिका,1,2020101,21610
मधेश,सिरहा,लहान नगरपालिका,2,2020102,21610
मधेश,सिरहा,लहान नगरपालिका,3,2020103,21610
मधेश,सिरहा,लहान नगरपालिका,4,2020104,21610
मधेश,सिरहा,लहान नगरपालिका,5,2020105,21610
मधेश,सिरहा,लहान नगरपालिका,6,2020106,21610
मधेश,सिरहा,लहान नगरपालिका,7,2020107,21610
मधेश,सिरहा,लहान नगरपालिका,8,2020108,21610
मधेश,सिरहा,लहान नगरपालिका,9,2020109,21610
मधेश,सिरहा,लहान नगरपालिका,10,2020110,21610
मधेश,सिरहा,लहान नगरपालिका,11,2020111,21610
मधेश,सिरहा,लहान नगरपालिका,12,2020112,21610
मधेश,सिरहा,लहान नगरपालिका,13,2020113,21610
मधेश,सिरहा,लहान नगरपालिका,14,2020114,21610
मधेश,सिरहा,लहान नगरपालिका,15,2020115,21610
मधेश,सिरहा,लहान नगरपालिका,16,2020116,21610
मधेश,सिरहा,लहान नगरपालिका,17,2020117,21610
मधेश,सिरहा,लहान नगरपालिका,18,2020118,21610
मधेश,सिरहा,लहान नगरपालिका,19,2020119,21610
मधेश,सिरहा,लहान नगरपालिका,20,2020120,21610
मधेश,सिरहा,लहान नगरपालिका,21,2020121,21610
मधेश,सिरहा,लहान नगरपालिका,22,2020122,21610
मधेश,सिरहा,लहान नगरपालिका,23,2020123,21610
मधेश,सिरहा,लहान नगरपालिका,24,2020124,21610
मधेश,सिरहा,धनगढीमाई नगरपालिका,1,2020201,21606
मधेश,सिरहा,धनगढीमाई नगरपालिका,2,2020202,21606
मधेश,सिरहा,धनगढीमाई नगरपालिका,3,2020203,21606
मधेश,सिरहा,धनगढीमाई नगरपालिका,4,2020204,21606
मधेश,सिरहा,धनगढीमाई नगरपालिका,5,2020205,21606
मधेश,सिरहा,धनगढीमाई नगरपालिका,6,2020206,21606
मधेश,सिरहा,धनगढीमाई नगरपालिका,7,2020207,21606
मधेश,सिरहा,धनगढीमाई नगरपालिका,8,2020208,21606
मधेश,सिरहा,धनगढीमाई नगरपालिका,9,2020209,21606
मधेश,सिरहा,धनगढीमाई नगरपालिका,10,2020210,21606
मधेश,सिरहा,धनगढीमाई नगरपालिका,11,2020211,21606
मधेश,सिरहा,धनगढीमाई नगरपालिका,12,2020212,21606
मधेश,सिरहा,धनगढीमाई नगरपालिका,13,2020213,21606
मधेश,सिरहा,धनगढीमाई नगरपालिका,14,2020214,21606
मधेश,सिरहा,गोलबजार नगरपालिका,1,2020301,21607
मधेश,सिरहा,गोलबजार नगरपालिका,2,2020302,21607
मधेश,सिरहा,गोलबजार नगरपालिका,3,2020303,21607
मधेश,सिरहा,गोलबजार नगरपालिका,4,2020304,21607
मधेश,सिरहा,गोलबजार नगरपालिका,5,2020305,21607
मधेश,सिरहा,गोलबजार नगरपालिका,6,2020306,21607
मधेश,सिरहा,गोलबजार नगरपालिका,7,2020307,21607
मधेश,सिरहा,गोलबजार नगरपालिका,8,2020308,21607
मधेश,सिरहा,गोलबजार नगरपालिका,9,2020309,21607
मधेश,सिरहा,गोलबजार नगरपालिका,10,2020310,21607
मधेश,सिरहा,गोलबजार नगरपालिका,11,2020311,21607
मधेश,सिरहा,गोलबजार नगरपालिका,12,2020312,21607
मधेश,सिरहा,गोलबजार नगरपालिका,13,2020313,21607
मधेश,सिरहा,मिर्चेया नगरपालिका,1,2020401,21612
मधेश,सिरहा,मिर्चेया नगरपालिका,2,2020402,21612
मधेश,सिरहा,मिर्चेया नगरपालिका,3,2020403,21612
मधेश,सिरहा,मिर्चेया नगरपालिका,4,2020404,21612
मधेश,सिरहा,मिर्चेया नगरपालिका,5,2020405,21612
मधेश,सिरहा,मिर्चेया नगरपालिका,6,2020406,21612
मधेश,सिरहा,मिर्चेया नगरपालिका,7,2020407,21612
मधेश,सिरहा,मिर्चेया नगरपालिका,8,2020408,21612
मधेश,सिरहा,मिर्चेया नगरपालिका,9,2020409,21612
मधेश,सिरहा,मिर्चेया नगरपालिका,10,2020410,21612
मधेश,सिरहा,मिर्चेया नगरपालिका,11,2020411,21612
मधेश,सिरहा,मिर्चेया नगरपालिका,12,2020412,21612
मधेश,सिरहा,कर्जन्हा नगरपालिका,1,2020501,21609
मधेश,सिरहा,कर्जन्हा नगरपालिका,2,2020502,21609
मधेश,सिरहा,कर्जन्हा नगरपालिका,3,2020503,21609
मधेश,सिरहा,कर्जन्हा नगरपालिका,4,2020504,21609
मधेश,सिरहा,कर्जन्हा नगरपालिका,5,2020505,21609
मधेश,सिरहा,कर्जन्हा नगरपालिका,6,2020506,21609
मधेश,सिरहा,कर्जन्हा नगरपालिका,7,2020507,21609
मधेश,सिरहा,कर्जन्हा नगरपालिका,8,2020508,21609
मधेश,सिरहा,कर्जन्हा नगरपालिका,9,2020509,21609
मधेश,सिरहा,कर्जन्हा नगरपालिका,10,2020510,21609
मधेश,सिरहा,कर्जन्हा नगरपालिका,11,2020511,21609
मधेश,सिरहा,कल्याणपुर नगरपालिका,1,2020601,21608
मधेश,सिरहा,कल्याणपुर नगरपालिका,2,2020602,21608
मधेश,सिरहा,कल्याणपुर नगरपालिका,3,2020603,21608
मधेश,सिरहा,कल्याणपुर नगरपालिका,4,2020604,21608
मधेश,सिरहा,कल्याणपुर नगरपालिका,5,2020605,21608
मधेश,सिरहा,कल्याणपुर नगरपालिका,6,2020606,21608
मधेश,सिरहा,कल्याणपुर नगरपालिका,7,2020607,21608
मधेश,सिरहा,कल्याणपुर नगरपालिका,8,2020608,21608
मधेश,सिरहा,कल्याणपुर नगरपालिका,9,2020609,21608
मधेश,सिरहा,कल्याणपुर नगरपालिका,10,2020610,21608
मधेश,सिरहा,कल्याणपुर नगरपालिका,11,2020611,21608
मधेश,सिरहा,कल्याणपुर नगरपालिका,12,2020612,21608
मधेश,सिरहा,नरहा गाउँपालिका,1,2020701,21613
मधेश,सिरहा,नरहा गाउँपालिका,2,2020702,21613
मधेश,सिरहा,नरहा गाउँपालिका,3,2020703,21613
मधेश,सिरहा,नरहा गाउँपालिका,4,2020704,21613
मधेश,सिरहा,नरहा गाउँपालिका,5,2020705,21613
मधेश,सिरहा,विष्णुपुर गाउँपालिका,1,2020801,21605
मधेश,सिरहा,विष्णुपुर गाउँपालिका,2,2020802,21605
मधेश,सिरहा,विष्णुपुर गाउँपालिका,3,2020803,21605
मधेश,सिरहा,विष्णुपुर गाउँपालिका,4,2020804,21605
मधेश,सिरहा,विष्णुपुर गाउँपालिका,5,2020805,21605
मधेश,सिरहा,अर्नमा गाउँपालिका,1,2020901,21601
मधेश,सिरहा,अर्नमा गाउँपालिका,2,2020902,21601
मधेश,सिरहा,अर्नमा गाउँपालिका,3,2020903,21601
मधेश,सिरहा,अर्नमा गाउँपालिका,4,2020904,21601
मधेश,सिरहा,अर्नमा गाउँपालिका,5,2020905,21601
मधेश,सिरहा,सुखीपुर नगरपालिका,1,2021001,21617
मधेश,सिरहा,सुखीपुर नगरपालिका,2,2021002,21617
मधेश,सिरहा,सुखीपुर नगरपालिका,3,2021003,21617
मधेश,सिरहा,सुखीपुर नगरपालिका,4,2021004,21617
मधेश,सिरहा,सुखीपुर नगरपालिका,5,2021005,21617
मधेश,सिरहा,सुखीपुर नगरपालिका,6,2021006,21617
मधेश,सिरहा,सुखीपुर नगरपालिका,7,2021007,21617
मधेश,सिरहा,सुखीपुर नगरपालिका,8,2021008,21617
मधेश,सिरहा,सुखीपुर नगरपालिका,9,2021009,21617
मधेश,सिरहा,सुखीपुर नगरपालिका,10,2021010,21617
मधेश,सिरहा,लक्ष्मीपुर पतारी गाउँपालिका,1,2021101,21611
मधेश,सिरहा,लक्ष्मीपुर पतारी गाउँपालिका,2,2021102,21611
मधेश,सिरहा,लक्ष्मीपुर पतारी गाउँपालिका,3,2021103,21611
मधेश,सिरहा,लक्ष्मीपुर पतारी गाउँपालिका,4,2021104,21611
मधेश,सिरहा,लक्ष्मीपुर पतारी गाउँपालिका,5,2021105,21611
मधेश,सिरहा,लक्ष्मीपुर पतारी गाउँपालिका,6,2021106,21611
मधेश,सिरहा,सखुवानान्कारकट्टी गाउँपालिका,1,2021201,21615
मधेश,सिरहा,सखुवानान्कारकट्टी गाउँपालिका,2,2021202,21615
मधेश,सिरहा,सखुवानान्कारकट्टी गाउँपालिका,3,2021203,21615
मधेश,सिरहा,सखुवानान्कारकट्टी गाउँपालिका,4,2021204,21615
मधेश,सिरहा,सखुवानान्कारकट्टी गाउँपालिका,5,2021205,21615
मधेश,सिरहा,भगवानपुर गाउँपालिका,1,2021301,21604
मधेश,सिरहा,भगवानपुर गाउँपालिका,2,2021302,21604
मधेश,सिरहा,भगवानपुर गाउँपालिका,3,2021303,21604
मधेश,सिरहा,भगवानपुर गाउँपालिका,4,2021304,21604
मधेश,सिरहा,भगवानपुर गाउँपालिका,5,2021305,21604
मधेश,सिरहा,नवराजपुर गाउँपालिका,1,2021401,21614
मधेश,सिरहा,नवराजपुर गाउँपालिका,2,2021402,21614
मधेश,सिरहा,नवराजपुर गाउँपालिका,3,2021403,21614
मधेश,सिरहा,नवराजपुर गाउँपालिका,4,2021404,21614
मधेश,सिरहा,नवराजपुर गाउँपालिका,5,2021405,21614
मधेश,सिरहा,बरियारपट्टी गाउँपालिका,1,2021501,21603
मधेश,सिरहा,बरियारपट्टी गाउँपालिका,2,2021502,21603
मधेश,सिरहा,बरियारपट्टी गाउँपालिका,3,2021503,21603
मधेश,सिरहा,बरियारपट्टी गाउँपालिका,4,2021504,21603
मधेश,सिरहा,बरियारपट्टी गाउँपालिका,5,2021505,21603
मधेश,सिरहा,औरही गाउँपालिका,1,2021601,21602
मधेश,सिरहा,औरही गाउँपालिका,2,2021602,21602
मधेश,सिरहा,औरही गाउँपालिका,3,2021603,21602
मधेश,सिरहा,औरही गाउँपालिका,4,2021604,21602
मधेश,सिरहा,औरही गाउँपालिका,5,2021605,21602
मधेश,सिरहा,सिराहा नगरपालिका,1,2021701,21616
मधेश,सिरहा,सिराहा नगरपालिका,2,2021702,21616
मधेश,सिरहा,सिराहा नगरपालिका,3,2021703,21616
मधेश,सिरहा,सिराहा नगरपालिका,4,2021704,21616
मधेश,सिरहा,सिराहा नगरपालिका,5,2021705,21616
मधेश,सिरहा,सिराहा नगरपालिका,6,2021706,21616
मधेश,सिरहा,सिराहा नगरपालिका,7,2021707,21616
मधेश,सिरहा,सिराहा नगरपालिका,8,2021708,21616
मधेश,सिरहा,सिराहा नगरपालिका,9,2021709,21616
मधेश,सिरहा,सिराहा नगरपालिका,10,2021710,21616
मधेश,सिरहा,सिराहा नगरपालिका,11,2021711,21616
मधेश,सिरहा,सिराहा नगरपालिका,12,2021712,21616
मधेश,सिरहा,सिराहा नगरपालिका,13,2021713,21616
मधेश,सिरहा,सिराहा नगरपालिका,14,2021714,21616
मधेश,सिरहा,सिराहा नगरपालिका,15,2021715,21616
मधेश,सिरहा,सिराहा नगरपालिका,16,2021716,21616
मधेश,सिरहा,सिराहा नगरपालिका,17,2021717,21616
मधेश,सिरहा,सिराहा नगरपालिका,18,2021718,21616
मधेश,सिरहा,सिराहा नगरपालिका,19,2021719,21616
मधेश,सिरहा,सिराहा नगरपालिका,20,2021720,21616
मधेश,सिरहा,सिराहा नगरपालिका,21,2021721,21616
मधेश,सिरहा,सिराहा नगरपालिका,22,2021722,21616
मधेश,धनुषा,गणेशमान चारनाथ नगरपालिका,1,2030101,21707
मधेश,धनुषा,गणेशमान चारनाथ नगरपालिका,2,2030102,21707
मधेश,धनुषा,गणेशमान चारनाथ नगरपालिका,3,2030103,21707
मधेश,धनुषा,गणेशमान चारनाथ नगरपालिका,4,2030104,21707
मधेश,धनुषा,गणेशमान चारनाथ नगरपालिका,5,2030105,21707
मधेश,धनुषा,गणेशमान चारनाथ नगरपालिका,6,2030106,21707
मधेश,धनुषा,गणेशमान चारनाथ नगरपालिका,7,2030107,21707
मधेश,धनुषा,गणेशमान चारनाथ नगरपालिका,8,2030108,21707
मधेश,धनुषा,गणेशमान चारनाथ नगरपालिका,9,2030109,21707
मधेश,धनुषा,गणेशमान चारनाथ नगरपालिका,10,2030110,21707
मधेश,धनुषा,गणेशमान चारनाथ नगरपालिका,11,2030111,21707
मधेश,धनुषा,धनुषाधाम नगरपालिका,1,2030201,21706
मधेश,धनुषा,धनुषाधाम नगरपालिका,2,2030202,21706
मधेश,धनुषा,धनुषाधाम नगरपालिका,3,2030203,21706
मधेश,धनुषा,धनुषाधाम नगरपालिका,4,2030204,21706
मधेश,धनुषा,धनुषाधाम नगरपालिका,5,2030205,21706
मधेश,धनुषा,धनुषाधाम नगरपालिका,6,2030206,21706
मधेश,धनुषा,धनुषाधाम नगरपालिका,7,2030207,21706
मधेश,धनुषा,धनुषाधाम नगरपालिका,8,2030208,21706
मधेश,धनुषा,धनुषाधाम नगरपालिका,9,2030209,21706
मधेश,धनुषा,मिथिला नगरपालिका,1,2030301,21713
मधेश,धनुषा,मिथिला नगरपालिका,2,2030302,21713
मधेश,धनुषा,मिथिला नगरपालिका,3,2030303,21713
मधेश,धनुषा,मिथिला नगरपालिका,4,2030304,21713
मधेश,धनुषा,मिथिला नगरपालिका,5,2030305,21713
मधेश,धनुषा,मिथिला नगरपालिका,6,2030306,21713
मधेश,धनुषा,मिथिला नगरपालिका,7,2030307,21713
मधेश,धनुषा,मिथिला नगरपालिका,8,2030308,21713
मधेश,धनुषा,मिथिला नगरपालिका,9,2030309,21713
मधेश,धनुषा,मिथिला नगरपालिका,10,2030310,21713
मधेश,धनुषा,मिथिला नगरपालिका,11,2030311,21713
मधेश,धनुषा,बटेश्वर गाउँपालिका,1,2030401,21702
मधेश,धनुषा,बटेश्वर गाउँपालिका,2,2030402,21702
मधेश,धनुषा,बटेश्वर गाउँपालिका,3,2030403,21702
मधेश,धनुषा,बटेश्वर गाउँपालिका,4,2030404,21702
मधेश,धनुषा,बटेश्वर गाउँपालिका,5,2030405,21702
मधेश,धनुषा,क्षिरेश्वरनाथ नगरपालिका,1,2030501,21704
मधेश,धनुषा,क्षिरेश्वरनाथ नगरपालिका,2,2030502,21704
मधेश,धनुषा,क्षिरेश्वरनाथ नगरपालिका,3,2030503,21704
मधेश,धनुषा,क्षिरेश्वरनाथ नगरपालिका,4,2030504,21704
मधेश,धनुषा,क्षिरेश्वरनाथ नगरपालिका,5,2030505,21704
मधेश,धनुषा,क्षिरेश्वरनाथ नगरपालिका,6,2030506,21704
मधेश,धनुषा,क्षिरेश्वरनाथ नगरपालिका,7,2030507,21704
मधेश,धनुषा,क्षिरेश्वरनाथ नगरपालिका,8,2030508,21704
मधेश,धनुषा,क्षिरेश्वरनाथ नगरपालिका,9,2030509,21704
मधेश,धनुषा,क्षिरेश्वरनाथ नगरपालिका,10,2030510,21704
मधेश,धनुषा,लक्ष्मीनिया गाउँपालिका,1,2030601,21712
मधेश,धनुषा,लक्ष्मीनिया गाउँपालिका,2,2030602,21712
मधेश,धनुषा,लक्ष्मीनिया गाउँपालिका,3,2030603,21712
मधेश,धनुषा,लक्ष्मीनिया गाउँपालिका,4,2030604,21712
मधेश,धनुषा,लक्ष्मीनिया गाउँपालिका,5,2030605,21712
मधेश,धनुषा,लक्ष्मीनिया गाउँपालिका,6,2030606,21712
मधेश,धनुषा,लक्ष्मीनिया गाउँपालिका,7,2030607,21712
मधेश,धनुषा,मिथिला बिहारी नगरपालिका,1,2030701,21714
मधेश,धनुषा,मिथिला बिहारी नगरपालिका,2,2030702,21714
मधेश,धनुषा,मिथिला बिहारी नगरपालिका,3,2030703,21714
मधेश,धनुषा,मिथिला बिहारी नगरपालिका,4,2030704,21714
मधेश,धनुषा,मिथिला बिहारी नगरपालिका,5,2030705,21714
मधेश,धनुषा,मिथिला बिहारी नगरपालिका,6,2030706,21714
मधेश,धनुषा,मिथिला बिहारी नगरपालिका,7,2030707,21714
मधेश,धनुषा,मिथिला बिहारी नगरपालिका,8,2030708,21714
मधेश,धनुषा,मिथिला बिहारी नगरपालिका,9,2030709,21714
मधेश,धनुषा,मिथिला बिहारी नगरपालिका,10,2030710,21714
मधेश,धनुषा,हंसपुर नगरपालिका,1,2030801,21708
मधेश,धनुषा,हंसपुर नगरपालिका,2,2030802,21708
मधेश,धनुषा,हंसपुर नगरपालिका,3,2030803,21708
मधेश,धनुषा,हंसपुर नगरपालिका,4,2030804,21708
मधेश,धनुषा,हंसपुर नगरपालिका,5,2030805,21708
मधेश,धनुषा,हंसपुर नगरपालिका,6,2030806,21708
मधेश,धनुषा,हंसपुर नगरपालिका,7,2030807,21708
मधेश,धनुषा,हंसपुर नगरपालिका,8,2030808,21708
मधेश,धनुषा,हंसपुर नगरपालिका,9,2030809,21708
मधेश,धनुषा,सबैला नगरपालिका,1,2030901,21717
मधेश,धनुषा,सबैला नगरपालिका,2,2030902,21717
मधेश,धनुषा,सबैला नगरपालिका,3,2030903,21717
मधेश,धनुषा,सबैला नगरपालिका,4,2030904,21717
मधेश,धनुषा,सबैला नगरपालिका,5,2030905,21717
मधेश,धनुषा,सबैला नगरपालिका,6,2030906,21717
मधेश,धनुषा,सबैला नगरपालिका,7,2030907,21717
मधेश,धनुषा,सबैला नगरपालिका,8,2030908,21717
मधेश,धनुषा,सबैला नगरपालिका,9,2030909,21717
मधेश,धनुषा,सबैला नगरपालिका,10,2030910,21717
मधेश,धनुषा,सबैला नगरपालिका,11,2030911,21717
मधेश,धनुषा,सबैला नगरपालिका,12,2030912,21717
मधेश,धनुषा,सबैला नगरपालिका,13,2030913,21717
मधेश,धनुषा,शहीदनगर नगरपालिका,1,2031001,21718
मधेश,धनुषा,शहीदनगर नगरपालिका,2,2031002,21718
मधेश,धनुषा,शहीदनगर नगरपालिका,3,2031003,21718
मधेश,धनुषा,शहीदनगर नगरपालिका,4,2031004,21718
मधेश,धनुषा,शहीदनगर नगरपालिका,5,2031005,21718
मधेश,धनुषा,शहीदनगर नगरपालिका,6,2031006,21718
मधेश,धनुषा,शहीदनगर नगरपालिका,7,2031007,21718
मधेश,धनुषा,शहीदनगर नगरपालिका,8,2031008,21718
मधेश,धनुषा,शहीदनगर नगरपालिका,9,2031009,21718
मधेश,धनुषा,कमला नगरपालिका,1,2031101,21711
मधेश,धनुषा,कमला नगरपालिका,2,2031102,21711
मधेश,धनुषा,कमला नगरपालिका,3,2031103,21711
मधेश,धनुषा,कमला नगरपालिका,4,2031104,21711
मधेश,धनुषा,कमला नगरपालिका,5,2031105,21711
मधेश,धनुषा,कमला नगरपालिका,6,2031106,21711
मधेश,धनुषा,कमला नगरपालिका,7,2031107,21711
मधेश,धनुषा,कमला नगरपालिका,8,2031108,21711
मधेश,धनुषा,कमला नगरपालिका,9,2031109,21711
मधेश,धनुषा,जनक नन्दिनी गाउँपालिका,1,2031201,21709
मधेश,धनुषा,जनक नन्दिनी गाउँपालिका,2,2031202,21709
मधेश,धनुषा,जनक नन्दिनी गाउँपालिका,3,2031203,21709
मधेश,धनुषा,जनक नन्दिनी गाउँपालिका,4,2031204,21709
मधेश,धनुषा,जनक नन्दिनी गाउँपालिका,5,2031205,21709
मधेश,धनुषा,जनक नन्दिनी गाउँपालिका,6,2031206,21709
मधेश,धनुषा,बिदेह नगरपालिका,1,2031301,21703
मधेश,धनुषा,बिदेह नगरपालिका,2,2031302,21703
मधेश,धनुषा,बिदेह नगरपालिका,3,2031303,21703
मधेश,धनुषा,बिदेह नगरपालिका,4,2031304,21703
मधेश,धनुषा,बिदेह नगरपालिका,5,2031305,21703
मधेश,धनुषा,बिदेह नगरपालिका,6,2031306,21703
मधेश,धनुषा,बिदेह नगरपालिका,7,2031307,21703
मधेश,धनुषा,बिदेह नगरपालिका,8,2031308,21703
मधेश,धनुषा,बिदेह नगरपालिका,9,2031309,21703
मधेश,धनुषा,औरही गाउँपालिका,1,2031401,21701
मधेश,धनुषा,औरही गाउँपालिका,2,2031402,21701
मधेश,धनुषा,औरही गाउँपालिका,3,2031403,21701
मधेश,धनुषा,औरही गाउँपालिका,4,2031404,21701
मधेश,धनुषा,औरही गाउँपालिका,5,2031405,21701
मधेश,धनुषा,औरही गाउँपालिका,6,2031406,21701
मधेश,धनुषा,जनकपुरधाम उपमहानगरपालिका,1,2031501,21710
मधेश,धनुषा,जनकपुरधाम उपमहानगरपालिका,2,2031502,21710
मधेश,धनुषा,जनकपुरधाम उपमहानगरपालिका,3,2031503,21710
मधेश,धनुषा,जनकपुरधाम उपमहानगरपालिका,4,2031504,21710
मधेश,धनुषा,जनकपुरधाम उपमहानगरपालिका,5,2031505,21710
मधेश,धनुषा,जनकपुरधाम उपमहानगरपालिका,6,2031506,21710
मधेश,धनुषा,जनकपुरधाम उपमहानगरपालिका,7,2031507,21710
मधेश,धनुषा,जनकपुरधाम उपमहानगरपालिका,8,2031508,21710
मधेश,धनुषा,जनकपुरधाम उपमहानगरपालिका,9,2031509,21710
मधेश,धनुषा,जनकपुरधाम उपमहानगरपालिका,10,2031510,21710
मधेश,धनुषा,जनकपुरधाम उपमहानगरपालिका,11,2031511,21710
मधेश,धनुषा,जनकपुरधाम उपमहानगरपालिका,12,2031512,21710
मधेश,धनुषा,जनकपुरधाम उपमहानगरपालिका,13,2031513,21710
मधेश,धनुषा,जनकपुरधाम उपमहानगरपालिका,14,2031514,21710
मधेश,धनुषा,जनकपुरधाम उपमहानगरपालिका,15,2031515,21710
मधेश,धनुषा,जनकपुरधाम उपमहानगरपालिका,16,2031516,21710
मधेश,धनुषा,जनकपुरधाम उपमहानगरपालिका,17,2031517,21710
मधेश,धनुषा,जनकपुरधाम उपमहानगरपालिका,18,2031518,21710
मधेश,धनुषा,जनकपुरधाम उपमहानगरपालिका,19,2031519,21710
मधेश,धनुषा,जनकपुरधाम उपमहानगरपालिका,20,2031520,21710
मधेश,धनुषा,जनकपुरधाम उपमहानगरपालिका,21,2031521,21710
मधेश,धनुषा,जनकपुरधाम उपमहानगरपालिका,22,2031522,21710
मधेश,धनुषा,जनकपुरधाम उपमहानगरपालिका,23,2031523,21710
मधेश,धनुषा,जनकपुरधाम उपमहानगरपालिका,24,2031524,21710
मधेश,धनुषा,जनकपुरधाम उपमहानगरपालिका,25,2031525,21710
मधेश,धनुषा,धनौजी गाउँपालिका,1,2031601,21705
मधेश,धनुषा,धनौजी गाउँपालिका,2,2031602,21705
मधेश,धनुषा,धनौजी गाउँपालिका,3,2031603,21705
मधेश,धनुषा,धनौजी गाउँपालिका,4,2031604,21705
मधेश,धनुषा,धनौजी गाउँपालिका,5,2031605,21705
मधेश,धनुषा,नगराइन नगरपालिका,1,2031701,21716
मधेश,धनुषा,नगराइन नगरपालिका,2,2031702,21716
मधेश,धनुषा,नगराइन नगरपालिका,3,2031703,21716
मधेश,धनुषा,नगराइन नगरपालिका,4,2031704,21716
मधेश,धनुषा,नगराइन नगरपालिका,5,2031705,21716
मधेश,धनुषा,नगराइन नगरपालिका,6,2031706,21716
मधेश,धनुषा,नगराइन नगरपालिका,7,2031707,21716
मधेश,धनुषा,नगराइन नगरपालिका,8,2031708,21716
मधेश,धनुषा,नगराइन नगरपालिका,9,2031709,21716
मधेश,धनुषा,मुखियापट्टी मुसहरमिया गाउँपालिका,1,2031801,21715
मधेश,धनुषा,मुखियापट्टी मुसहरमिया गाउँपालिका,2,2031802,21715
मधेश,धनुषा,मुखियापट्टी मुसहरमिया गाउँपालिका,3,2031803,21715
मधेश,धनुषा,मुखियापट्टी मुसहरमिया गाउँपालिका,4,2031804,21715
मधेश,धनुषा,मुखियापट्टी मुसहरमिया गाउँपालिका,5,2031805,21715
मधेश,धनुषा,मुखियापट्टी मुसहरमिया गाउँपालिका,6,2031806,21715
मधेश,महोत्तरी,बर्दिबास नगरपालिका,1,2040101,21803
मधेश,महोत्तरी,बर्दिबास नगरपालिका,2,2040102,21803
मधेश,महोत्तरी,बर्दिबास नगरपालिका,3,2040103,21803
मधेश,महोत्तरी,बर्दिबास नगरपालिका,4,2040104,21803
मधेश,महोत्तरी,बर्दिबास नगरपालिका,5,2040105,21803
मधेश,महोत्तरी,बर्दिबास नगरपालिका,6,2040106,21803
मधेश,महोत्तरी,बर्दिबास नगरपालिका,7,2040107,21803
मधेश,महोत्तरी,बर्दिबास नगरपालिका,8,2040108,21803
मधेश,महोत्तरी,बर्दिबास नगरपालिका,9,2040109,21803
मधेश,महोत्तरी,बर्दिबास नगरपालिका,10,2040110,21803
मधेश,महोत्तरी,बर्दिबास नगरपालिका,11,2040111,21803
मधेश,महोत्तरी,बर्दिबास नगरपालिका,12,2040112,21803
मधेश,महोत्तरी,बर्दिबास नगरपालिका,13,2040113,21803
मधेश,महोत्तरी,बर्दिबास नगरपालिका,14,2040114,21803
मधेश,महोत्तरी,गौशाला नगरपालिका,1,2040201,21806
मधेश,महोत्तरी,गौशाला नगरपालिका,2,2040202,21806
मधेश,महोत्तरी,गौशाला नगरपालिका,3,2040203,21806
मधेश,महोत्तरी,गौशाला नगरपालिका,4,2040204,21806
मधेश,महोत्तरी,गौशाला नगरपालिका,5,2040205,21806
मधेश,महोत्तरी,गौशाला नगरपालिका,6,2040206,21806
मधेश,महोत्तरी,गौशाला नगरपालिका,7,2040207,21806
मधेश,महोत्तरी,गौशाला नगरपालिका,8,2040208,21806
मधेश,महोत्तरी,गौशाला नगरपालिका,9,2040209,21806
मधेश,महोत्तरी,गौशाला नगरपालिका,10,2040210,21806
मधेश,महोत्तरी,गौशाला नगरपालिका,11,2040211,21806
मधेश,महोत्तरी,गौशाला नगरपालिका,12,2040212,21806
मधेश,महोत्तरी,सोनमा गाउँपालिका,1,2040301,21815
मधेश,महोत्तरी,सोनमा गाउँपालिका,2,2040302,21815
मधेश,महोत्तरी,सोनमा गाउँपालिका,3,2040303,21815
मधेश,महोत्तरी,सोनमा गाउँपालिका,4,2040304,21815
मधेश,महोत्तरी,सोनमा गाउँपालिका,5,2040305,21815
मधेश,महोत्तरी,सोनमा गाउँपालिका,6,2040306,21815
मधेश,महोत्तरी,सोनमा गाउँपालिका,7,2040307,21815
मधेश,महोत्तरी,सोनमा गाउँपालिका,8,2040308,21815
मधेश,महोत्तरी,औरही नगरपालिका,1,2040401,21801
मधेश,महोत्तरी,औरही नगरपालिका,2,2040402,21801
मधेश,महोत्तरी,औरही नगरपालिका,3,2040403,21801
मधेश,महोत्तरी,औरही नगरपालिका,4,2040404,21801
मधेश,महोत्तरी,औरही नगरपालिका,5,2040405,21801
मधेश,महोत्तरी,औरही नगरपालिका,6,2040406,21801
मधेश,महोत्तरी,औरही नगरपालिका,7,2040407,21801
मधेश,महोत्तरी,औरही नगरपालिका,8,2040408,21801
मधेश,महोत्तरी,औरही नगरपालिका,9,2040409,21801
मधेश,महोत्तरी,भँगाहा नगरपालिका,1,2040501,21804
मधेश,महोत्तरी,भँगाहा नगरपालिका,2,2040502,21804
मधेश,महोत्तरी,भँगाहा नगरपालिका,3,2040503,21804
मधेश,महोत्तरी,भँगाहा नगरपालिका,4,2040504,21804
मधेश,महोत्तरी,भँगाहा नगरपालिका,5,2040505,21804
मधेश,महोत्तरी,भँगाहा नगरपालिका,6,2040506,21804
मधेश,महोत्तरी,भँगाहा नगरपालिका,7,2040507,21804
मधेश,महोत्तरी,भँगाहा नगरपालिका,8,2040508,21804
मधेश,महोत्तरी,भँगाहा नगरपालिका,9,2040509,21804
मधेश,महोत्तरी,लोहरपट्टी नगरपालिका,1,2040601,21808
मधेश,महोत्तरी,लोहरपट्टी नगरपालिका,2,2040602,21808
मधेश,महोत्तरी,लोहरपट्टी नगरपालिका,3,2040603,21808
मधेश,महोत्तरी,लोहरपट्टी नगरपालिका,4,2040604,21808
मधेश,महोत्तरी,लोहरपट्टी नगरपालिका,5,2040605,21808
मधेश,महोत्तरी,लोहरपट्टी नगरपालिका,6,2040606,21808
मधेश,महोत्तरी,लोहरपट्टी नगरपालिका,7,2040607,21808
मधेश,महोत्तरी,लोहरपट्टी नगरपालिका,8,2040608,21808
मधेश,महोत्तरी,लोहरपट्टी नगरपालिका,9,2040609,21808
मधेश,महोत्तरी,बलवा नगरपालिका,1,2040701,21802
मधेश,महोत्तरी,बलवा नगरपालिका,2,2040702,21802
मधेश,महोत्तरी,बलवा नगरपालिका,3,2040703,21802
मधेश,महोत्तरी,बलवा नगरपालिका,4,2040704,21802
मधेश,महोत्तरी,बलवा नगरपालिका,5,2040705,21802
मधेश,महोत्तरी,बलवा नगरपालिका,6,2040706,21802
मधेश,महोत्तरी,बलवा नगरपालिका,7,2040707,21802
मधेश,महोत्तरी,बलवा नगरपालिका,8,2040708,21802
मधेश,महोत्तरी,बलवा नगरपालिका,9,2040709,21802
मधेश,महोत्तरी,बलवा नगरपालिका,10,2040710,21802
मधेश,महोत्तरी,बलवा नगरपालिका,11,2040711,21802
मधेश,महोत्तरी,राम गोपालपुर नगरपालिका,1,2040801,21813
मधेश,महोत्तरी,राम गोपालपुर नगरपालिका,2,2040802,21813
मधेश,महोत्तरी,राम गोपालपुर नगरपालिका,3,2040803,21813
मधेश,महोत्तरी,राम गोपालपुर नगरपालिका,4,2040804,21813
मधेश,महोत्तरी,राम गोपालपुर नगरपालिका,5,2040805,21813
मधेश,महोत्तरी,राम गोपालपुर नगरपालिका,6,2040806,21813
मधेश,महोत्तरी,राम गोपालपुर नगरपालिका,7,2040807,21813
मधेश,महोत्तरी,राम गोपालपुर नगरपालिका,8,2040808,21813
मधेश,महोत्तरी,राम गोपालपुर नगरपालिका,9,2040809,21813
मधेश,महोत्तरी,साम्सी गाउँपालिका,1,2040901,21814
मधेश,महोत्तरी,साम्सी गाउँपालिका,2,2040902,21814
मधेश,महोत्तरी,साम्सी गाउँपालिका,3,2040903,21814
मधेश,महोत्तरी,साम्सी गाउँपालिका,4,2040904,21814
मधेश,महोत्तरी,साम्सी गाउँपालिका,5,2040905,21814
मधेश,महोत्तरी,साम्सी गाउँपालिका,6,2040906,21814
मधेश,महोत्तरी,साम्सी गाउँपालिका,7,2040907,21814
मधेश,महोत्तरी,मनरा शिसवा नगरपालिका,1,2041001,21810
मधेश,महोत्तरी,मनरा शिसवा नगरपालिका,2,2041002,21810
मधेश,महोत्तरी,मनरा शिसवा नगरपालिका,3,2041003,21810
मधेश,महोत्तरी,मनरा शिसवा नगरपालिका,4,2041004,21810
मधेश,महोत्तरी,मनरा शिसवा नगरपालिका,5,2041005,21810
मधेश,महोत्तरी,मनरा शिसवा नगरपालिका,6,2041006,21810
मधेश,महोत्तरी,मनरा शिसवा नगरपालिका,7,2041007,21810
मधेश,महोत्तरी,मनरा शिसवा नगरपालिका,8,2041008,21810
मधेश,महोत्तरी,मनरा शिसवा नगरपालिका,9,2041009,21810
मधेश,महोत्तरी,मनरा शिसवा नगरपालिका,10,2041010,21810
मधेश,महोत्तरी,एकडारा गाउँपालिका,1,2041101,21805
मधेश,महोत्तरी,एकडारा गाउँपालिका,2,2041102,21805
मधेश,महोत्तरी,एकडारा गाउँपालिका,3,2041103,21805
मधेश,महोत्तरी,एकडारा गाउँपालिका,4,2041104,21805
मधेश,महोत्तरी,एकडारा गाउँपालिका,5,2041105,21805
मधेश,महोत्तरी,एकडारा गाउँपालिका,6,2041106,21805
मधेश,महोत्तरी,महोत्तरी गाउँपालिका,1,2041201,21809
मधेश,महोत्तरी,महोत्तरी गाउँपालिका,2,2041202,21809
मधेश,महोत्तरी,महोत्तरी गाउँपालिका,3,2041203,21809
मधेश,महोत्तरी,महोत्तरी गाउँपालिका,4,2041204,21809
मधेश,महोत्तरी,महोत्तरी गाउँपालिका,5,2041205,21809
मधेश,महोत्तरी,महोत्तरी गाउँपालिका,6,2041206,21809
मधेश,महोत्तरी,पिपरा गाउँपालिका,1,2041301,21812
मधेश,महोत्तरी,पिपरा गाउँपालिका,2,2041302,21812
मधेश,महोत्तरी,पिपरा गाउँपालिका,3,2041303,21812
मधेश,महोत्तरी,पिपरा गाउँपालिका,4,2041304,21812
मधेश,महोत्तरी,पिपरा गाउँपालिका,5,2041305,21812
मधेश,महोत्तरी,पिपरा गाउँपालिका,6,2041306,21812
मधेश,महोत्तरी,पिपरा गाउँपालिका,7,2041307,21812
मधेश,महोत्तरी,मटिहानी नगरपालिका,1,2041401,21811
मधेश,महोत्तरी,मटिहानी नगरपालिका,2,2041402,21811
मधेश,महोत्तरी,मटिहानी नगरपालिका,3,2041403,21811
मधेश,महोत्तरी,मटिहानी नगरपालिका,4,2041404,21811
मधेश,महोत्तरी,मटिहानी नगरपालिका,5,2041405,21811
मधेश,महोत्तरी,मटिहानी नगरपालिका,6,2041406,21811
मधेश,महोत्तरी,मटिहानी नगरपालिका,7,2041407,21811
मधेश,महोत्तरी,मटिहानी नगरपालिका,8,2041408,21811
मधेश,महोत्तरी,मटिहानी नगरपालिका,9,2041409,21811
मधेश,महोत्तरी,जलेश्वर नगरपालिका,1,2041501,21807
मधेश,महोत्तरी,जलेश्वर नगरपालिका,2,2041502,21807
मधेश,महोत्तरी,जलेश्वर नगरपालिका,3,2041503,21807
मधेश,महोत्तरी,जलेश्वर नगरपालिका,4,2041504,21807
मधेश,महोत्तरी,जलेश्वर नगरपालिका,5,2041505,21807
मधेश,महोत्तरी,जलेश्वर नगरपालिका,6,2041506,21807
मधेश,महोत्तरी,जलेश्वर नगरपालिका,7,2041507,21807
मधेश,महोत्तरी,जलेश्वर नगरपालिका,8,2041508,21807
मधेश,महोत्तरी,जलेश्वर नगरपालिका,9,2041509,21807
मधेश,महोत्तरी,जलेश्वर नगरपालिका,10,2041510,21807
मधेश,महोत्तरी,जलेश्वर नगरपालिका,11,2041511,21807
मधेश,महोत्तरी,जलेश्वर नगरपालिका,12,2041512,21807
मधेश,सर्लाही,लालबन्दी नगरपालिका,1,2050101,21917
मधेश,सर्लाही,लालबन्दी नगरपालिका,2,2050102,21917
मधेश,सर्लाही,लालबन्दी नगरपालिका,3,2050103,21917
मधेश,सर्लाही,लालबन्दी नगरपालिका,4,2050104,21917
मधेश,सर्लाही,लालबन्दी नगरपालिका,5,2050105,21917
मधेश,सर्लाही,लालबन्दी नगरपालिका,6,2050106,21917
मधेश,सर्लाही,लालबन्दी नगरपालिका,7,2050107,21917
मधेश,सर्लाही,लालबन्दी नगरपालिका,8,2050108,21917
मधेश,सर्लाही,लालबन्दी नगरपालिका,9,2050109,21917
मधेश,सर्लाही,लालबन्दी नगरपालिका,10,2050110,21917
मधेश,सर्लाही,लालबन्दी नगरपालिका,11,2050111,21917
मधेश,सर्लाही,लालबन्दी नगरपालिका,12,2050112,21917
मधेश,सर्लाही,लालबन्दी नगरपालिका,13,2050113,21917
मधेश,सर्लाही,लालबन्दी नगरपालिका,14,2050114,21917
मधेश,सर्लाही,लालबन्दी नगरपालिका,15,2050115,21917
मधेश,सर्लाही,लालबन्दी नगरपालिका,16,2050116,21917
मधेश,सर्लाही,लालबन्दी नगरपालिका,17,2050117,21917
मधेश,सर्लाही,हरिवन नगरपालिका,1,2050201,21913
मधेश,सर्लाही,हरिवन नगरपालिका,2,2050202,21913
मधेश,सर्लाही,हरिवन नगरपालिका,3,2050203,21913
मधेश,सर्लाही,हरिवन नगरपालिका,4,2050204,21913
मधेश,सर्लाही,हरिवन नगरपालिका,5,2050205,21913
मधेश,सर्लाही,हरिवन नगरपालिका,6,2050206,21913
मधेश,सर्लाही,हरिवन नगरपालिका,7,2050207,21913
मधेश,सर्लाही,हरिवन नगरपालिका,8,2050208,21913
मधेश,सर्लाही,हरिवन नगरपालिका,9,2050209,21913
मधेश,सर्लाही,हरिवन नगरपालिका,10,2050210,21913
मधेश,सर्लाही,हरिवन नगरपालिका,11,2050211,21913
मधेश,सर्लाही,बागमती नगरपालिका,1,2050301,21901
मधेश,सर्लाही,बागमती नगरपालिका,2,2050302,21901
मधेश,सर्लाही,बागमती नगरपालिका,3,2050303,21901
मधेश,सर्लाही,बागमती नगरपालिका,4,2050304,21901
मधेश,सर्लाही,बागमती नगरपालिका,5,2050305,21901
मधेश,सर्लाही,बागमती नगरपालिका,6,2050306,21901
मधेश,सर्लाही,बागमती नगरपालिका,7,2050307,21901
मधेश,सर्लाही,बागमती नगरपालिका,8,2050308,21901
मधेश,सर्लाही,बागमती नगरपालिका,9,2050309,21901
मधेश,सर्लाही,बागमती नगरपालिका,10,2050310,21901
मधेश,सर्लाही,बागमती नगरपालिका,11,2050311,21901
मधेश,सर्लाही,बागमती नगरपालिका,12,2050312,21901
मधेश,सर्लाही,बरहथवा नगरपालिका,1,2050401,21903
मधेश,सर्लाही,बरहथवा नगरपालिका,2,2050402,21903
मधेश,सर्लाही,बरहथवा नगरपालिका,3,2050403,21903
मधेश,सर्लाही,बरहथवा नगरपालिका,4,2050404,21903
मधेश,सर्लाही,बरहथवा नगरपालिका,5,2050405,21903
मधेश,सर्लाही,बरहथवा नगरपालिका,6,2050406,21903
मधेश,सर्लाही,बरहथवा नगरपालिका,7,2050407,21903
मधेश,सर्लाही,बरहथवा नगरपालिका,8,2050408,21903
मधेश,सर्लाही,बरहथवा नगरपालिका,9,2050409,21903
मधेश,सर्लाही,बरहथवा नगरपालिका,10,2050410,21903
मधेश,सर्लाही,बरहथवा नगरपालिका,11,2050411,21903
मधेश,सर्लाही,बरहथवा नगरपालिका,12,2050412,21903
मधेश,सर्लाही,बरहथवा नगरपालिका,13,2050413,21903
मधेश,सर्लाही,बरहथवा नगरपालिका,14,2050414,21903
मधेश,सर्लाही,बरहथवा नगरपालिका,15,2050415,21903
मधेश,सर्लाही,बरहथवा नगरपालिका,16,2050416,21903
मधेश,सर्लाही,बरहथवा नगरपालिका,17,2050417,21903
मधेश,सर्लाही,बरहथवा नगरपालिका,18,2050418,21903
मधेश,सर्लाही,हरिपुर नगरपालिका,1,2050501,21911
मधेश,सर्लाही,हरिपुर नगरपालिका,2,2050502,21911
मधेश,सर्लाही,हरिपुर नगरपालिका,3,2050503,21911
मधेश,सर्लाही,हरिपुर नगरपालिका,4,2050504,21911
मधेश,सर्लाही,हरिपुर नगरपालिका,5,2050505,21911
मधेश,सर्लाही,हरिपुर नगरपालिका,6,2050506,21911
मधेश,सर्लाही,हरिपुर नगरपालिका,7,2050507,21911
मधेश,सर्लाही,हरिपुर नगरपालिका,8,2050508,21911
मधेश,सर्लाही,हरिपुर नगरपालिका,9,2050509,21911
मधेश,सर्लाही,ईश्वरपुर नगरपालिका,1,2050601,21914
मधेश,सर्लाही,ईश्वरपुर नगरपालिका,2,2050602,21914
मधेश,सर्लाही,ईश्वरपुर नगरपालिका,3,2050603,21914
मधेश,सर्लाही,ईश्वरपुर नगरपालिका,4,2050604,21914
मधेश,सर्लाही,ईश्वरपुर नगरपालिका,5,2050605,21914
मधेश,सर्लाही,ईश्वरपुर नगरपालिका,6,2050606,21914
मधेश,सर्लाही,ईश्वरपुर नगरपालिका,7,2050607,21914
मधेश,सर्लाही,ईश्वरपुर नगरपालिका,8,2050608,21914
मधेश,सर्लाही,ईश्वरपुर नगरपालिका,9,2050609,21914
मधेश,सर्लाही,ईश्वरपुर नगरपालिका,10,2050610,21914
मधेश,सर्लाही,ईश्वरपुर नगरपालिका,11,2050611,21914
मधेश,सर्लाही,ईश्वरपुर नगरपालिका,12,2050612,21914
मधेश,सर्लाही,ईश्वरपुर नगरपालिका,13,2050613,21914
मधेश,सर्लाही,ईश्वरपुर नगरपालिका,14,2050614,21914
मधेश,सर्लाही,ईश्वरपुर नगरपालिका,15,2050615,21914
मधेश,सर्लाही,हरिपुर्वा नगरपालिका,1,2050701,21911
मधेश,सर्लाही,हरिपुर्वा नगरपालिका,2,2050702,21911
मधेश,सर्लाही,हरिपुर्वा नगरपालिका,3,2050703,21911
मधेश,सर्लाही,हरिपुर्वा नगरपालिका,4,2050704,21911
मधेश,सर्लाही,हरिपुर्वा नगरपालिका,5,2050705,21911
मधेश,सर्लाही,हरिपुर्वा नगरपालिका,6,2050706,21911
मधेश,सर्लाही,हरिपुर्वा नगरपालिका,7,2050707,21911
मधेश,सर्लाही,हरिपुर्वा नगरपालिका,8,2050708,21911
मधेश,सर्लाही,हरिपुर्वा नगरपालिका,9,2050709,21911
मधेश,सर्लाही,पर्सा गाउँपालिका,1,2050801,21919
मधेश,सर्लाही,पर्सा गाउँपालिका,2,2050802,21919
मधेश,सर्लाही,पर्सा गाउँपालिका,3,2050803,21919
मधेश,सर्लाही,पर्सा गाउँपालिका,4,2050804,21919
मधेश,सर्लाही,पर्सा गाउँपालिका,5,2050805,21919
मधेश,सर्लाही,पर्सा गाउँपालिका,6,2050806,21919
मधेश,सर्लाही,ब्रह्मपुरी गाउँपालिका,1,2050901,21906
मधेश,सर्लाही,ब्रह्मपुरी गाउँपालिका,2,2050902,21906
मधेश,सर्लाही,ब्रह्मपुरी गाउँपालिका,3,2050903,21906
मधेश,सर्लाही,ब्रह्मपुरी गाउँपालिका,4,2050904,21906
मधेश,सर्लाही,ब्रह्मपुरी गाउँपालिका,5,2050905,21906
मधेश,सर्लाही,ब्रह्मपुरी गाउँपालिका,6,2050906,21906
मधेश,सर्लाही,ब्रह्मपुरी गाउँपालिका,7,2050907,21906
मधेश,सर्लाही,चन्द्रनगर गाउँपालिका,1,2051001,21908
मधेश,सर्लाही,चन्द्रनगर गाउँपालिका,2,2051002,21908
मधेश,सर्लाही,चन्द्रनगर गाउँपालिका,3,2051003,21908
मधेश,सर्लाही,चन्द्रनगर गाउँपालिका,4,2051004,21908
मधेश,सर्लाही,चन्द्रनगर गाउँपालिका,5,2051005,21908
मधेश,सर्लाही,चन्द्रनगर गाउँपालिका,6,2051006,21908
मधेश,सर्लाही,चन्द्रनगर गाउँपालिका,7,2051007,21908
मधेश,सर्लाही,कविलासी नगरपालिका,1,2051101,21915
मधेश,सर्लाही,कविलासी नगरपालिका,2,2051102,21915
मधेश,सर्लाही,कविलासी नगरपालिका,3,2051103,21915
मधेश,सर्लाही,कविलासी नगरपालिका,4,2051104,21915
मधेश,सर्लाही,कविलासी नगरपालिका,5,2051105,21915
मधेश,सर्लाही,कविलासी नगरपालिका,6,2051106,21915
मधेश,सर्लाही,कविलासी नगरपालिका,7,2051107,21915
मधेश,सर्लाही,कविलासी नगरपालिका,8,2051108,21915
मधेश,सर्लाही,कविलासी नगरपालिका,9,2051109,21915
मधेश,सर्लाही,कविलासी नगरपालिका,10,2051110,21915
मधेश,सर्लाही,चक्रघट्टा गाउँपालिका,1,2051201,21907
मधेश,सर्लाही,चक्रघट्टा गाउँपालिका,2,2051202,21907
मधेश,सर्लाही,चक्रघट्टा गाउँपालिका,3,2051203,21907
मधेश,सर्लाही,चक्रघट्टा गाउँपालिका,4,2051204,21907
मधेश,सर्लाही,चक्रघट्टा गाउँपालिका,5,2051205,21907
मधेश,सर्लाही,चक्रघट्टा गाउँपालिका,6,2051206,21907
मधेश,सर्लाही,चक्रघट्टा गाउँपालिका,7,2051207,21907
मधेश,सर्लाही,चक्रघट्टा गाउँपालिका,8,2051208,21907
मधेश,सर्लाही,चक्रघट्टा गाउँपालिका,9,2051209,21907
मधेश,सर्लाही,बसबरिया गाउँपालिका,1,2051301,21904
मधेश,सर्लाही,बसबरिया गाउँपालिका,2,2051302,21904
मधेश,सर्लाही,बसबरिया गाउँपालिका,3,2051303,21904
मधेश,सर्लाही,बसबरिया गाउँपालिका,4,2051304,21904
मधेश,सर्लाही,बसबरिया गाउँपालिका,5,2051305,21904
मधेश,सर्लाही,बसबरिया गाउँपालिका,6,2051306,21904
मधेश,सर्लाही,धनकौल गाउँपालिका,1,2051401,21909
मधेश,सर्लाही,धनकौल गाउँपालिका,2,2051402,21909
मधेश,सर्लाही,धनकौल गाउँपालिका,3,2051403,21909
मधेश,सर्लाही,धनकौल गाउँपालिका,4,2051404,21909
मधेश,सर्लाही,धनकौल गाउँपालिका,5,2051405,21909
मधेश,सर्लाही,धनकौल गाउँपालिका,6,2051406,21909
मधेश,सर्लाही,धनकौल गाउँपालिका,7,2051407,21909
मधेश,सर्लाही,रामनगर गाउँपालिका,1,2051501,21920
मधेश,सर्लाही,रामनगर गाउँपालिका,2,2051502,21920
मधेश,सर्लाही,रामनगर गाउँपालिका,3,2051503,21920
मधेश,सर्लाही,रामनगर गाउँपालिका,4,2051504,21920
मधेश,सर्लाही,रामनगर गाउँपालिका,5,2051505,21920
मधेश,सर्लाही,रामनगर गाउँपालिका,6,2051506,21920
मधेश,सर्लाही,रामनगर गाउँपालिका,7,2051507,21920
मधेश,सर्लाही,बलरा नगरपालिका,1,2051601,21902
मधेश,सर्लाही,बलरा नगरपालिका,2,2051602,21902
मधेश,सर्लाही,बलरा नगरपालिका,3,2051603,21902
मधेश,सर्लाही,बलरा नगरपालिका,4,2051604,21902
मधेश,सर्लाही,बलरा नगरपालिका,5,2051605,21902
मधेश,सर्लाही,बलरा नगरपालिका,6,2051606,21902
मधेश,सर्लाही,बलरा नगरपालिका,7,2051607,21902
मधेश,सर्लाही,बलरा नगरपालिका,8,2051608,21902
मधेश,सर्लाही,बलरा नगरपालिका,9,2051609,21902
मधेश,सर्लाही,बलरा नगरपालिका,10,2051610,21902
मधेश,सर्लाही,बलरा नगरपालिका,11,2051611,21902
मधेश,सर्लाही,गोडैटा नगरपालिका,1,2051701,21910
मधेश,सर्लाही,गोडैटा नगरपालिका,2,2051702,21910
मधेश,सर्लाही,गोडैटा नगरपालिका,3,2051703,21910
मधेश,सर्लाही,गोडैटा नगरपालिका,4,2051704,21910
मधेश,सर्लाही,गोडैटा नगरपालिका,5,2051705,21910
मधेश,सर्लाही,गोडैटा नगरपालिका,6,2051706,21910
मधेश,सर्लाही,गोडैटा नगरपालिका,7,2051707,21910
मधेश,सर्लाही,गोडैटा नगरपालिका,8,2051708,21910
मधेश,सर्लाही,गोडैटा नगरपालिका,9,2051709,21910
मधेश,सर्लाही,गोडैटा नगरपालिका,10,2051710,21910
मधेश,सर्लाही,गोडैटा नगरपालिका,11,2051711,21910
मधेश,सर्लाही,गोडैटा नगरपालिका,12,2051712,21910
मधेश,सर्लाही,विष्णु गाउँपालिका,1,2051801,21905
मधेश,सर्लाही,विष्णु गाउँपालिका,2,2051802,21905
मधेश,सर्लाही,विष्णु गाउँपालिका,3,2051803,21905
मधेश,सर्लाही,विष्णु गाउँपालिका,4,2051804,21905
मधेश,सर्लाही,विष्णु गाउँपालिका,5,2051805,21905
मधेश,सर्लाही,विष्णु गाउँपालिका,6,2051806,21905
मधेश,सर्लाही,विष्णु गाउँपालिका,7,2051807,21905
मधेश,सर्लाही,विष्णु गाउँपालिका,8,2051808,21905
मधेश,सर्लाही,कौडेना गाउँपालिका,1,2051901,21916
मधेश,सर्लाही,कौडेना गाउँपालिका,2,2051902,21916
मधेश,सर्लाही,कौडेना गाउँपालिका,3,2051903,21916
मधेश,सर्लाही,कौडेना गाउँपालिका,4,2051904,21916
मधेश,सर्लाही,कौडेना गाउँपालिका,5,2051905,21916
मधेश,सर्लाही,कौडेना गाउँपालिका,6,2051906,21916
मधेश,सर्लाही,कौडेना गाउँपालिका,7,2051907,21916
मधेश,सर्लाही,मलंगवा नगरपालिका,1,2052001,21918
मधेश,सर्लाही,मलंगवा नगरपालिका,2,2052002,21918
मधेश,सर्लाही,मलंगवा नगरपालिका,3,2052003,21918
मधेश,सर्लाही,मलंगवा नगरपालिका,4,2052004,21918
मधेश,सर्लाही,मलंगवा नगरपालिका,5,2052005,21918
मधेश,सर्लाही,मलंगवा नगरपालिका,6,2052006,21918
मधेश,सर्लाही,मलंगवा नगरपालिका,7,2052007,21918
मधेश,सर्लाही,मलंगवा नगरपालिका,8,2052008,21918
मधेश,सर्लाही,मलंगवा नगरपालिका,9,2052009,21918
मधेश,सर्लाही,मलंगवा नगरपालिका,10,2052010,21918
मधेश,सर्लाही,मलंगवा नगरपालिका,11,2052011,21918
मधेश,सर्लाही,मलंगवा नगरपालिका,12,2052012,21918
मधेश,रौतहट,चन्द्रपुर नगरपालिका,1,2060101,23203
मधेश,रौतहट,चन्द्रपुर नगरपालिका,2,2060102,23203
मधेश,रौतहट,चन्द्रपुर नगरपालिका,3,2060103,23203
मधेश,रौतहट,चन्द्रपुर नगरपालिका,4,2060104,23203
मधेश,रौतहट,चन्द्रपुर नगरपालिका,5,2060105,23203
मधेश,रौतहट,चन्द्रपुर नगरपालिका,6,2060106,23203
मधेश,रौतहट,चन्द्रपुर नगरपालिका,7,2060107,23203
मधेश,रौतहट,चन्द्रपुर नगरपालिका,8,2060108,23203
मधेश,रौतहट,चन्द्रपुर नगरपालिका,9,2060109,23203
मधेश,रौतहट,चन्द्रपुर नगरपालिका,10,2060110,23203
मधेश,रौतहट,गुजरा नगरपालिका,1,2060201,23209
मधेश,रौतहट,गुजरा नगरपालिका,2,2060202,23209
मधेश,रौतहट,गुजरा नगरपालिका,3,2060203,23209
मधेश,रौतहट,गुजरा नगरपालिका,4,2060204,23209
मधेश,रौतहट,गुजरा नगरपालिका,5,2060205,23209
मधेश,रौतहट,गुजरा नगरपालिका,6,2060206,23209
मधेश,रौतहट,गुजरा नगरपालिका,7,2060207,23209
मधेश,रौतहट,गुजरा नगरपालिका,8,2060208,23209
मधेश,रौतहट,गुजरा नगरपालिका,9,2060209,23209
मधेश,रौतहट,फतुवा बिजयपुर नगरपालिका,1,2060301,23215
मधेश,रौतहट,फतुवा बिजयपुर नगरपालिका,2,2060302,23215
मधेश,रौतहट,फतुवा बिजयपुर नगरपालिका,3,2060303,23215
मधेश,रौतहट,फतुवा बिजयपुर नगरपालिका,4,2060304,23215
मधेश,रौतहट,फतुवा बिजयपुर नगरपालिका,5,2060305,23215
मधेश,रौतहट,फतुवा बिजयपुर नगरपालिका,6,2060306,23215
मधेश,रौतहट,फतुवा बिजयपुर नगरपालिका,7,2060307,23215
मधेश,रौतहट,फतुवा बिजयपुर नगरपालिका,8,2060308,23215
मधेश,रौतहट,फतुवा बिजयपुर नगरपालिका,9,2060309,23215
मधेश,रौतहट,फतुवा बिजयपुर नगरपालिका,10,2060310,23215
मधेश,रौतहट,फतुवा बिजयपुर नगरपालिका,11,2060311,23215
मधेश,रौतहट,कटहरिया नगरपालिका,1,2060401,23211
मधेश,रौतहट,कटहरिया नगरपालिका,2,2060402,23211
मधेश,रौतहट,कटहरिया नगरपालिका,3,2060403,23211
मधेश,रौतहट,कटहरिया नगरपालिका,4,2060404,23211
मधेश,रौतहट,कटहरिया नगरपालिका,5,2060405,23211
मधेश,रौतहट,कटहरिया नगरपालिका,6,2060406,23211
मधेश,रौतहट,कटहरिया नगरपालिका,7,2060407,23211
मधेश,रौतहट,कटहरिया नगरपालिका,8,2060408,23211
मधेश,रौतहट,कटहरिया नगरपालिका,9,2060409,23211
मधेश,रौतहट,बृन्दावन नगरपालिका,1,2060501,23202
मधेश,रौतहट,बृन्दावन नगरपालिका,2,2060502,23202
मधेश,रौतहट,बृन्दावन नगरपालिका,3,2060503,23202
मधेश,रौतहट,बृन्दावन नगरपालिका,4,2060504,23202
मधेश,रौतहट,बृन्दावन नगरपालिका,5,2060505,23202
मधेश,रौतहट,बृन्दावन नगरपालिका,6,2060506,23202
मधेश,रौतहट,बृन्दावन नगरपालिका,7,2060507,23202
मधेश,रौतहट,बृन्दावन नगरपालिका,8,2060508,23202
मधेश,रौतहट,बृन्दावन नगरपालिका,9,2060509,23202
मधेश,रौतहट,गढीमाई नगरपालिका,1,2060601,23206
मधेश,रौतहट,गढीमाई नगरपालिका,2,2060602,23206
मधेश,रौतहट,गढीमाई नगरपालिका,3,2060603,23206
मधेश,रौतहट,गढीमाई नगरपालिका,4,2060604,23206
मधेश,रौतहट,गढीमाई नगरपालिका,5,2060605,23206
मधेश,रौतहट,गढीमाई नगरपालिका,6,2060606,23206
मधेश,रौतहट,गढीमाई नगरपालिका,7,2060607,23206
मधेश,रौतहट,गढीमाई नगरपालिका,8,2060608,23206
मधेश,रौतहट,गढीमाई नगरपालिका,9,2060609,23206
मधेश,रौतहट,माधव नारायण नगरपालिका,1,2060701,23212
मधेश,रौतहट,माधव नारायण नगरपालिका,2,2060702,23212
मधेश,रौतहट,माधव नारायण नगरपालिका,3,2060703,23212
मधेश,रौतहट,माधव नारायण नगरपालिका,4,2060704,23212
मधेश,रौतहट,माधव नारायण नगरपालिका,5,2060705,23212
मधेश,रौतहट,माधव नारायण नगरपालिका,6,2060706,23212
मधेश,रौतहट,माधव नारायण नगरपालिका,7,2060707,23212
मधेश,रौतहट,माधव नारायण नगरपालिका,8,2060708,23212
मधेश,रौतहट,माधव नारायण नगरपालिका,9,2060709,23212
मधेश,रौतहट,गरुडा नगरपालिका,1,2060801,23207
मधेश,रौतहट,गरुडा नगरपालिका,2,2060802,23207
मधेश,रौतहट,गरुडा नगरपालिका,3,2060803,23207
मधेश,रौतहट,गरुडा नगरपालिका,4,2060804,23207
मधेश,रौतहट,गरुडा नगरपालिका,5,2060805,23207
मधेश,रौतहट,गरुडा नगरपालिका,6,2060806,23207
मधेश,रौतहट,गरुडा नगरपालिका,7,2060807,23207
मधेश,रौतहट,गरुडा नगरपालिका,8,2060808,23207
मधेश,रौतहट,गरुडा नगरपालिका,9,2060809,23207
मधेश,रौतहट,देवाही गोनाही नगरपालिका,1,2060901,23204
मधेश,रौतहट,देवाही गोनाही नगरपालिका,2,2060902,23204
मधेश,रौतहट,देवाही गोनाही नगरपालिका,3,2060903,23204
मधेश,रौतहट,देवाही गोनाही नगरपालिका,4,2060904,23204
मधेश,रौतहट,देवाही गोनाही नगरपालिका,5,2060905,23204
मधेश,रौतहट,देवाही गोनाही नगरपालिका,6,2060906,23204
मधेश,रौतहट,देवाही गोनाही नगरपालिका,7,2060907,23204
मधेश,रौतहट,देवाही गोनाही नगरपालिका,8,2060908,23204
मधेश,रौतहट,देवाही गोनाही नगरपालिका,9,2060909,23204
मधेश,रौतहट,मौलापुर नगरपालिका,1,2061001,23213
मधेश,रौतहट,मौलापुर नगरपालिका,2,2061002,23213
मधेश,रौतहट,मौलापुर नगरपालिका,3,2061003,23213
मधेश,रौतहट,मौलापुर नगरपालिका,4,2061004,23213
मधेश,रौतहट,मौलापुर नगरपालिका,5,2061005,23213
मधेश,रौतहट,मौलापुर नगरपालिका,6,2061006,23213
मधेश,रौतहट,मौलापुर नगरपालिका,7,2061007,23213
मधेश,रौतहट,मौलापुर नगरपालिका,8,2061008,23213
मधेश,रौतहट,मौलापुर नगरपालिका,9,2061009,23213
मधेश,रौतहट,बौधीमाई नगरपालिका,1,2061101,23201
मधेश,रौतहट,बौधीमाई नगरपालिका,2,2061102,23201
मधेश,रौतहट,बौधीमाई नगरपालिका,3,2061103,23201
मधेश,रौतहट,बौधीमाई नगरपालिका,4,2061104,23201
मधेश,रौतहट,बौधीमाई नगरपालिका,5,2061105,23201
मधेश,रौतहट,बौधीमाई नगरपालिका,6,2061106,23201
मधेश,रौतहट,बौधीमाई नगरपालिका,7,2061107,23201
मधेश,रौतहट,बौधीमाई नगरपालिका,8,2061108,23201
मधेश,रौतहट,बौधीमाई नगरपालिका,9,2061109,23201
मधेश,रौतहट,परोहा नगरपालिका,1,2061201,23214
मधेश,रौतहट,परोहा नगरपालिका,2,2061202,23214
मधेश,रौतहट,परोहा नगरपालिका,3,2061203,23214
मधेश,रौतहट,परोहा नगरपालिका,4,2061204,23214
मधेश,रौतहट,परोहा नगरपालिका,5,2061205,23214
मधेश,रौतहट,परोहा नगरपालिका,6,2061206,23214
मधेश,रौतहट,परोहा नगरपालिका,7,2061207,23214
मधेश,रौतहट,परोहा नगरपालिका,8,2061208,23214
मधेश,रौतहट,परोहा नगरपालिका,9,2061209,23214
मधेश,रौतहट,राजपुर नगरपालिका,1,2061301,23217
मधेश,रौतहट,राजपुर नगरपालिका,2,2061302,23217
मधेश,रौतहट,राजपुर नगरपालिका,3,2061303,23217
मधेश,रौतहट,राजपुर नगरपालिका,4,2061304,23217
मधेश,रौतहट,राजपुर नगरपालिका,5,2061305,23217
मधेश,रौतहट,राजपुर नगरपालिका,6,2061306,23217
मधेश,रौतहट,राजपुर नगरपालिका,7,2061307,23217
मधेश,रौतहट,राजपुर नगरपालिका,8,2061308,23217
मधेश,रौतहट,राजपुर नगरपालिका,9,2061309,23217
मधेश,रौतहट,यमुनामाई गाउँपालिका,1,2061401,23218
मधेश,रौतहट,यमुनामाई गाउँपालिका,2,2061402,23218
मधेश,रौतहट,यमुनामाई गाउँपालिका,3,2061403,23218
मधेश,रौतहट,यमुनामाई गाउँपालिका,4,2061404,23218
मधेश,रौतहट,यमुनामाई गाउँपालिका,5,2061405,23218
मधेश,रौतहट,दुर्गा भगवती गाउँपालिका,1,2061501,23205
मधेश,रौतहट,दुर्गा भगवती गाउँपालिका,2,2061502,23205
मधेश,रौतहट,दुर्गा भगवती गाउँपालिका,3,2061503,23205
मधेश,रौतहट,दुर्गा भगवती गाउँपालिका,4,2061504,23205
मधेश,रौतहट,दुर्गा भगवती गाउँपालिका,5,2061505,23205
मधेश,रौतहट,राजदेवी नगरपालिका,1,2061601,23216
मधेश,रौतहट,राजदेवी नगरपालिका,2,2061602,23216
मधेश,रौतहट,राजदेवी नगरपालिका,3,2061603,23216
मधेश,रौतहट,राजदेवी नगरपालिका,4,2061604,23216
मधेश,रौतहट,राजदेवी नगरपालिका,5,2061605,23216
मधेश,रौतहट,राजदेवी नगरपालिका,6,2061606,23216
मधेश,रौतहट,राजदेवी नगरपालिका,7,2061607,23216
मधेश,रौतहट,राजदेवी नगरपालिका,8,2061608,23216
मधेश,रौतहट,राजदेवी नगरपालिका,9,2061609,23216
मधेश,रौतहट,गौर नगरपालिका,1,2061701,23208
मधेश,रौतहट,गौर नगरपालिका,2,2061702,23208
मधेश,रौतहट,गौर नगरपालिका,3,2061703,23208
मधेश,रौतहट,गौर नगरपालिका,4,2061704,23208
मधेश,रौतहट,गौर नगरपालिका,5,2061705,23208
मधेश,रौतहट,गौर नगरपालिका,6,2061706,23208
मधेश,रौतहट,गौर नगरपालिका,7,2061707,23208
मधेश,रौतहट,गौर नगरपालिका,8,2061708,23208
मधेश,रौतहट,गौर नगरपालिका,9,2061709,23208
मधेश,रौतहट,ईशनाथ नगरपालिका,1,2061801,23210
मधेश,रौतहट,ईशनाथ नगरपालिका,2,2061802,23210
मधेश,रौतहट,ईशनाथ नगरपालिका,3,2061803,23210
मधेश,रौतहट,ईशनाथ नगरपालिका,4,2061804,23210
मधेश,रौतहट,ईशनाथ नगरपालिका,5,2061805,23210
मधेश,रौतहट,ईशनाथ नगरपालिका,6,2061806,23210
मधेश,रौतहट,ईशनाथ नगरपालिका,7,2061807,23210
मधेश,रौतहट,ईशनाथ नगरपालिका,8,2061808,23210
मधेश,रौतहट,ईशनाथ नगरपालिका,9,2061809,23210
मधेश,बारा,निजगढ नगरपालिका,1,2070101,23310
मधेश,बारा,निजगढ नगरपालिका,2,2070102,23310
मधेश,बारा,निजगढ नगरपालिका,3,2070103,23310
मधेश,बारा,निजगढ नगरपालिका,4,2070104,23310
मधेश,बारा,निजगढ नगरपालिका,5,2070105,23310
मधेश,बारा,निजगढ नगरपालिका,6,2070106,23310
मधेश,बारा,निजगढ नगरपालिका,7,2070107,23310
मधेश,बारा,निजगढ नगरपालिका,8,2070108,23310
मधेश,बारा,निजगढ नगरपालिका,9,2070109,23310
मधेश,बारा,निजगढ नगरपालिका,10,2070110,23310
मधेश,बारा,निजगढ नगरपालिका,11,2070111,23310
मधेश,बारा,निजगढ नगरपालिका,12,2070112,23310
मधेश,बारा,निजगढ नगरपालिका,13,2070113,23310
मधेश,बारा,कोल्हवी नगरपालिका,1,2070201,23308
मधेश,बारा,कोल्हवी नगरपालिका,2,2070202,23308
मधेश,बारा,कोल्हवी नगरपालिका,3,2070203,23308
मधेश,बारा,कोल्हवी नगरपालिका,4,2070204,23308
मधेश,बारा,कोल्हवी नगरपालिका,5,2070205,23308
मधेश,बारा,कोल्हवी नगरपालिका,6,2070206,23308
मधेश,बारा,कोल्हवी नगरपालिका,7,2070207,23308
मधेश,बारा,कोल्हवी नगरपालिका,8,2070208,23308
मधेश,बारा,कोल्हवी नगरपालिका,9,2070209,23308
मधेश,बारा,कोल्हवी नगरपालिका,10,2070210,23308
मधेश,बारा,कोल्हवी नगरपालिका,11,2070211,23308
मधेश,बारा,जीतपुर सिमरा उपमहानगरपालिका,1,2070301,23305
मधेश,बारा,जीतपुर सिमरा उपमहानगरपालिका,2,2070302,23305
मधेश,बारा,जीतपुर सिमरा उपमहानगरपालिका,3,2070303,23305
मधेश,बारा,जीतपुर सिमरा उपमहानगरपालिका,4,2070304,23305
मधेश,बारा,जीतपुर सिमरा उपमहानगरपालिका,5,2070305,23305
मधेश,बारा,जीतपुर सिमरा उपमहानगरपालिका,6,2070306,23305
मधेश,बारा,जीतपुर सिमरा उपमहानगरपालिका,7,2070307,23305
मधेश,बारा,जीतपुर सिमरा उपमहानगरपालिका,8,2070308,23305
मधेश,बारा,जीतपुर सिमरा उपमहानगरपालिका,9,2070309,23305
मधेश,बारा,जीतपुर सिमरा उपमहानगरपालिका,10,2070310,23305
मधेश,बारा,जीतपुर सिमरा उपमहानगरपालिका,11,2070311,23305
मधेश,बारा,जीतपुर सिमरा उपमहानगरपालिका,12,2070312,23305
मधेश,बारा,जीतपुर सिमरा उपमहानगरपालिका,13,2070313,23305
मधेश,बारा,जीतपुर सिमरा उपमहानगरपालिका,14,2070314,23305
मधेश,बारा,जीतपुर सिमरा उपमहानगरपालिका,15,2070315,23305
मधेश,बारा,जीतपुर सिमरा उपमहानगरपालिका,16,2070316,23305
मधेश,बारा,जीतपुर सिमरा उपमहानगरपालिका,17,2070317,23305
मधेश,बारा,जीतपुर सिमरा उपमहानगरपालिका,18,2070318,23305
मधेश,बारा,जीतपुर सिमरा उपमहानगरपालिका,19,2070319,23305
मधेश,बारा,जीतपुर सिमरा उपमहानगरपालिका,20,2070320,23305
मधेश,बारा,जीतपुर सिमरा उपमहानगरपालिका,21,2070321,23305
मधेश,बारा,जीतपुर सिमरा उपमहानगरपालिका,22,2070322,23305
मधेश,बारा,जीतपुर सिमरा उपमहानगरपालिका,23,2070323,23305
मधेश,बारा,जीतपुर सिमरा उपमहानगरपालिका,24,2070324,23305
मधेश,बारा,परवानीपुर गाउँपालिका,1,2070401,23312
मधेश,बारा,परवानीपुर गाउँपालिका,2,2070402,23312
मधेश,बारा,परवानीपुर गाउँपालिका,3,2070403,23312
मधेश,बारा,परवानीपुर गाउँपालिका,4,2070404,23312
मधेश,बारा,परवानीपुर गाउँपालिका,5,2070405,23312
मधेश,बारा,प्रसौनी गाउँपालिका,1,2070501,23314
मधेश,बारा,प्रसौनी गाउँपालिका,2,2070502,23314
मधेश,बारा,प्रसौनी गाउँपालिका,3,2070503,23314
मधेश,बारा,प्रसौनी गाउँपालिका,4,2070504,23314
मधेश,बारा,प्रसौनी गाउँपालिका,5,2070505,23314
मधेश,बारा,प्रसौनी गाउँपालिका,6,2070506,23314
मधेश,बारा,प्रसौनी गाउँपालिका,7,2070507,23314
मधेश,बारा,विश्रामपुर गाउँपालिका,1,2070601,23303
मधेश,बारा,विश्रामपुर गाउँपालिका,2,2070602,23303
मधेश,बारा,विश्रामपुर गाउँपालिका,3,2070603,23303
मधेश,बारा,विश्रामपुर गाउँपालिका,4,2070604,23303
मधेश,बारा,विश्रामपुर गाउँपालिका,5,2070605,23303
मधेश,बारा,फेटा गाउँपालिका,1,2070701,23313
मधेश,बारा,फेटा गाउँपालिका,2,2070702,23313
मधेश,बारा,फेटा गाउँपालिका,3,2070703,23313
मधेश,बारा,फेटा गाउँपालिका,4,2070704,23313
मधेश,बारा,फेटा गाउँपालिका,5,2070705,23313
मधेश,बारा,फेटा गाउँपालिका,6,2070706,23313
मधेश,बारा,फेटा गाउँपालिका,7,2070707,23313
मधेश,बारा,कलैया उपमहानगरपालिका,1,2070801,23306
मधेश,बारा,कलैया उपमहानगरपालिका,2,2070802,23306
मधेश,बारा,कलैया उपमहानगरपालिका,3,2070803,23306
मधेश,बारा,कलैया उपमहानगरपालिका,4,2070804,23306
मधेश,बारा,कलैया उपमहानगरपालिका,5,2070805,23306
मधेश,बारा,कलैया उपमहानगरपालिका,6,2070806,23306
मधेश,बारा,कलैया उपमहानगरपालिका,7,2070807,23306
मधेश,बारा,कलैया उपमहानगरपालिका,8,2070808,23306
मधेश,बारा,कलैया उपमहानगरपालिका,9,2070809,23306
मधेश,बारा,कलैया उपमहानगरपालिका,10,2070810,23306
मधेश,बारा,कलैया उपमहानगरपालिका,11,2070811,23306
मधेश,बारा,कलैया उपमहानगरपालिका,12,2070812,23306
मधेश,बारा,कलैया उपमहानगरपालिका,13,2070813,23306
मधेश,बारा,कलैया उपमहानगरपालिका,14,2070814,23306
मधेश,बारा,कलैया उपमहानगरपालिका,15,2070815,23306
मधेश,बारा,कलैया उपमहानगरपालिका,16,2070816,23306
मधेश,बारा,कलैया उपमहानगरपालिका,17,2070817,23306
मधेश,बारा,कलैया उपमहानगरपालिका,18,2070818,23306
मधेश,बारा,कलैया उपमहानगरपालिका,19,2070819,23306
मधेश,बारा,कलैया उपमहानगरपालिका,20,2070820,23306
मधेश,बारा,कलैया उपमहानगरपालिका,21,2070821,23306
मधेश,बारा,कलैया उपमहानगरपालिका,22,2070822,23306
मधेश,बारा,कलैया उपमहानगरपालिका,23,2070823,23306
मधेश,बारा,कलैया उपमहानगरपालिका,24,2070824,23306
मधेश,बारा,कलैया उपमहानगरपालिका,25,2070825,23306
मधेश,बारा,कलैया उपमहानगरपालिका,26,2070826,23306
मधेश,बारा,कलैया उपमहानगरपालिका,27,2070827,23306
मधेश,बारा,करैयामाई गाउँपालिका,1,2070901,23307
मधेश,बारा,करैयामाई गाउँपालिका,2,2070902,23307
मधेश,बारा,करैयामाई गाउँपालिका,3,2070903,23307
मधेश,बारा,करैयामाई गाउँपालिका,4,2070904,23307
मधेश,बारा,करैयामाई गाउँपालिका,5,2070905,23307
मधेश,बारा,करैयामाई गाउँपालिका,6,2070906,23307
मधेश,बारा,करैयामाई गाउँपालिका,7,2070907,23307
मधेश,बारा,करैयामाई गाउँपालिका,8,2070908,23307
मधेश,बारा,बारागढी गाउँपालिका,1,2071001,23302
मधेश,बारा,बारागढी गाउँपालिका,2,2071002,23302
मधेश,बारा,बारागढी गाउँपालिका,3,2071003,23302
मधेश,बारा,बारागढी गाउँपालिका,4,2071004,23302
मधेश,बारा,बारागढी गाउँपालिका,5,2071005,23302
मधेश,बारा,बारागढी गाउँपालिका,6,2071006,23302
मधेश,बारा,आदर्श कोटवाल गाउँपालिका,1,2071101,23301
मधेश,बारा,आदर्श कोटवाल गाउँपालिका,2,2071102,23301
मधेश,बारा,आदर्श कोटवाल गाउँपालिका,3,2071103,23301
मधेश,बारा,आदर्श कोटवाल गाउँपालिका,4,2071104,23301
मधेश,बारा,आदर्श कोटवाल गाउँपालिका,5,2071105,23301
मधेश,बारा,आदर्श कोटवाल गाउँपालिका,6,2071106,23301
मधेश,बारा,आदर्श कोटवाल गाउँपालिका,7,2071107,23301
मधेश,बारा,आदर्श कोटवाल गाउँपालिका,8,2071108,23301
मधेश,बारा,सिम्रौनगढ नगरपालिका,1,2071201,23315
मधेश,बारा,सिम्रौनगढ नगरपालिका,2,2071202,23315
मधेश,बारा,सिम्रौनगढ नगरपालिका,3,2071203,23315
मधेश,बारा,सिम्रौनगढ नगरपालिका,4,2071204,23315
मधेश,बारा,सिम्रौनगढ नगरपालिका,5,2071205,23315
मधेश,बारा,सिम्रौनगढ नगरपालिका,6,2071206,23315
मधेश,बारा,सिम्रौनगढ नगरपालिका,7,2071207,23315
मधेश,बारा,सिम्रौनगढ नगरपालिका,8,2071208,23315
मधेश,बारा,सिम्रौनगढ नगरपालिका,9,2071209,23315
मधेश,बारा,सिम्रौनगढ नगरपालिका,10,2071210,23315
मधेश,बारा,सिम्रौनगढ नगरपालिका,11,2071211,23315
मधेश,बारा,पचरौता नगरपालिका,1,2071301,23311
मधेश,बारा,पचरौता नगरपालिका,2,2071302,23311
मधेश,बारा,पचरौता नगरपालिका,3,2071303,23311
मधेश,बारा,पचरौता नगरपालिका,4,2071304,23311
मधेश,बारा,पचरौता नगरपालिका,5,2071305,23311
मधेश,बारा,पचरौता नगरपालिका,6,2071306,23311
मधेश,बारा,पचरौता नगरपालिका,7,2071307,23311
मधेश,बारा,पचरौता नगरपालिका,8,2071308,23311
मधेश,बारा,पचरौता नगरपालिका,9,2071309,23311
मधेश,बारा,महागढीमाई नगरपालिका,1,2071401,23309
मधेश,बारा,महागढीमाई नगरपालिका,2,2071402,23309
मधेश,बारा,महागढीमाई नगरपालिका,3,2071403,23309
मधेश,बारा,महागढीमाई नगरपालिका,4,2071404,23309
मधेश,बारा,महागढीमाई नगरपालिका,5,2071405,23309
मधेश,बारा,महागढीमाई नगरपालिका,6,2071406,23309
मधेश,बारा,महागढीमाई नगरपालिका,7,2071407,23309
मधेश,बारा,महागढीमाई नगरपालिका,8,2071408,23309
मधेश,बारा,महागढीमाई नगरपालिका,9,2071409,23309
मधेश,बारा,महागढीमाई नगरपालिका,10,2071410,23309
मधेश,बारा,महागढीमाई नगरपालिका,11,2071411,23309
मधेश,बारा,देवताल गाउँपालिका,1,2071501,23304
मधेश,बारा,देवताल गाउँपालिका,2,2071502,23304
मधेश,बारा,देवताल गाउँपालिका,3,2071503,23304
मधेश,बारा,देवताल गाउँपालिका,4,2071504,23304
मधेश,बारा,देवताल गाउँपालिका,5,2071505,23304
मधेश,बारा,देवताल गाउँपालिका,6,2071506,23304
मधेश,बारा,देवताल गाउँपालिका,7,2071507,23304
मधेश,बारा,सुवर्ण गाउँपालिका,1,2071601,23316
मधेश,बारा,सुवर्ण गाउँपालिका,2,2071602,23316
मधेश,बारा,सुवर्ण गाउँपालिका,3,2071603,23316
मधेश,बारा,सुवर्ण गाउँपालिका,4,2071604,23316
मधेश,बारा,सुवर्ण गाउँपालिका,5,2071605,23316
मधेश,बारा,सुवर्ण गाउँपालिका,6,2071606,23316
मधेश,बारा,सुवर्ण गाउँपालिका,7,2071607,23316
मधेश,बारा,सुवर्ण गाउँपालिका,8,2071608,23316
मधेश,पर्सा,ठोरी (सुवर्णपुर) गाउँपालिका,1,2080101,23414
मधेश,पर्सा,ठोरी (सुवर्णपुर) गाउँपालिका,2,2080102,23414
मधेश,पर्सा,ठोरी (सुवर्णपुर) गाउँपालिका,3,2080103,23414
मधेश,पर्सा,ठोरी (सुवर्णपुर) गाउँपालिका,4,2080104,23414
मधेश,पर्सा,ठोरी (सुवर्णपुर) गाउँपालिका,5,2080105,23414
मधेश,पर्सा,जिराभवानी गाउँपालिका,1,2080201,23407
मधेश,पर्सा,जिराभवानी गाउँपालिका,2,2080202,23407
मधेश,पर्सा,जिराभवानी गाउँपालिका,3,2080203,23407
मधेश,पर्सा,जिराभवानी गाउँपालिका,4,2080204,23407
मधेश,पर्सा,जिराभवानी गाउँपालिका,5,2080205,23407
मधेश,पर्सा,जगरनाथपुर गाउँपालिका,1,2080301,23406
मधेश,पर्सा,जगरनाथपुर गाउँपालिका,2,2080302,23406
मधेश,पर्सा,जगरनाथपुर गाउँपालिका,3,2080303,23406
मधेश,पर्सा,जगरनाथपुर गाउँपालिका,4,2080304,23406
मधेश,पर्सा,जगरनाथपुर गाउँपालिका,5,2080305,23406
मधेश,पर्सा,जगरनाथपुर गाउँपालिका,6,2080306,23406
मधेश,पर्सा,पटेर्वा सुगौली गाउँपालिका,1,2080401,23411
मधेश,पर्सा,पटेर्वा सुगौली गाउँपालिका,2,2080402,23411
मधेश,पर्सा,पटेर्वा सुगौली गाउँपालिका,3,2080403,23411
मधेश,पर्सा,पटेर्वा सुगौली गाउँपालिका,4,2080404,23411
मधेश,पर्सा,पटेर्वा सुगौली गाउँपालिका,5,2080405,23411
मधेश,पर्सा,सखुवा प्रसौनी गाउँपालिका,1,2080501,23413
मधेश,पर्सा,सखुवा प्रसौनी गाउँपालिका,2,2080502,23413
मधेश,पर्सा,सखुवा प्रसौनी गाउँपालिका,3,2080503,23413
मधेश,पर्सा,सखुवा प्रसौनी गाउँपालिका,4,2080504,23413
मधेश,पर्सा,सखुवा प्रसौनी गाउँपालिका,5,2080505,23413
मधेश,पर्सा,सखुवा प्रसौनी गाउँपालिका,6,2080506,23413
मधेश,पर्सा,पर्सागढी नगरपालिका,1,2080601,23410
मधेश,पर्सा,पर्सागढी नगरपालिका,2,2080602,23410
मधेश,पर्सा,पर्सागढी नगरपालिका,3,2080603,23410
मधेश,पर्सा,पर्सागढी नगरपालिका,4,2080604,23410
मधेश,पर्सा,पर्सागढी नगरपालिका,5,2080605,23410
मधेश,पर्सा,पर्सागढी नगरपालिका,6,2080606,23410
मधेश,पर्सा,पर्सागढी नगरपालिका,7,2080607,23410
मधेश,पर्सा,पर्सागढी नगरपालिका,8,2080608,23410
मधेश,पर्सा,पर्सागढी नगरपालिका,9,2080609,23410
मधेश,पर्सा,बिरगन्ज महानगरपालिका,1,2080701,23403
मधेश,पर्सा,बिरगन्ज महानगरपालिका,2,2080702,23403
मधेश,पर्सा,बिरगन्ज महानगरपालिका,3,2080703,23403
मधेश,पर्सा,बिरगन्ज महानगरपालिका,4,2080704,23403
मधेश,पर्सा,बिरगन्ज महानगरपालिका,5,2080705,23403
मधेश,पर्सा,बिरगन्ज महानगरपालिका,6,2080706,23403
मधेश,पर्सा,बिरगन्ज महानगरपालिका,7,2080707,23403
मधेश,पर्सा,बिरगन्ज महानगरपालिका,8,2080708,23403
मधेश,पर्सा,बिरगन्ज महानगरपालिका,9,2080709,23403
मधेश,पर्सा,बिरगन्ज महानगरपालिका,10,2080710,23403
मधेश,पर्सा,बिरगन्ज महानगरपालिका,11,2080711,23403
मधेश,पर्सा,बिरगन्ज महानगरपालिका,12,2080712,23403
मधेश,पर्सा,बिरगन्ज महानगरपालिका,13,2080713,23403
मधेश,पर्सा,बिरगन्ज महानगरपालिका,14,2080714,23403
मधेश,पर्सा,बिरगन्ज महानगरपालिका,15,2080715,23403
मधेश,पर्सा,बिरगन्ज महानगरपालिका,16,2080716,23403
मधेश,पर्सा,बिरगन्ज महानगरपालिका,17,2080717,23403
मधेश,पर्सा,बिरगन्ज महानगरपालिका,18,2080718,23403
मधेश,पर्सा,बिरगन्ज महानगरपालिका,19,2080719,23403
मधेश,पर्सा,बिरगन्ज महानगरपालिका,20,2080720,23403
मधेश,पर्सा,बिरगन्ज महानगरपालिका,21,2080721,23403
मधेश,पर्सा,बिरगन्ज महानगरपालिका,22,2080722,23403
मधेश,पर्सा,बिरगन्ज महानगरपालिका,23,2080723,23403
मधेश,पर्सा,बिरगन्ज महानगरपालिका,24,2080724,23403
मधेश,पर्सा,बिरगन्ज महानगरपालिका,25,2080725,23403
मधेश,पर्सा,बिरगन्ज महानगरपालिका,26,2080726,23403
मधेश,पर्सा,बिरगन्ज महानगरपालिका,27,2080727,23403
मधेश,पर्सा,बिरगन्ज महानगरपालिका,28,2080728,23403
मधेश,पर्सा,बिरगन्ज महानगरपालिका,29,2080729,23403
मधेश,पर्सा,बिरगन्ज महानगरपालिका,30,2080730,23403
मधेश,पर्सा,बिरगन्ज महानगरपालिका,31,2080731,23403
मधेश,पर्सा,बिरगन्ज महानगरपालिका,32,2080732,23403
मधेश,पर्सा,बहुदरमाई नगरपालिका,1,2080801,23401
मधेश,पर्सा,बहुदरमाई नगरपालिका,2,2080802,23401
मधेश,पर्सा,बहुदरमाई नगरपालिका,3,2080803,23401
मधेश,पर्सा,बहुदरमाई नगरपालिका,4,2080804,23401
मधेश,पर्सा,बहुदरमाई नगरपालिका,5,2080805,23401
मधेश,पर्सा,बहुदरमाई नगरपालिका,6,2080806,23401
मधेश,पर्सा,बहुदरमाई नगरपालिका,7,2080807,23401
मधेश,पर्सा,बहुदरमाई नगरपालिका,8,2080808,23401
मधेश,पर्सा,बहुदरमाई नगरपालिका,9,2080809,23401
मधेश,पर्सा,पोखरिया नगरपालिका,1,2080901,23412
मधेश,पर्सा,पोखरिया नगरपालिका,2,2080902,23412
मधेश,पर्सा,पोखरिया नगरपालिका,3,2080903,23412
मधेश,पर्सा,पोखरिया नगरपालिका,4,2080904,23412
मधेश,पर्सा,पोखरिया नगरपालिका,5,2080905,23412
मधेश,पर्सा,पोखरिया नगरपालिका,6,2080906,23412
मधेश,पर्सा,पोखरिया नगरपालिका,7,2080907,23412
मधेश,पर्सा,पोखरिया नगरपालिका,8,2080908,23412
मधेश,पर्सा,पोखरिया नगरपालिका,9,2080909,23412
मधेश,पर्सा,पोखरिया नगरपालिका,10,2080910,23412
मधेश,पर्सा,कालिकामाई गाउँपालिका,1,2081001,23408
मधेश,पर्सा,कालिकामाई गाउँपालिका,2,2081002,23408
मधेश,पर्सा,कालिकामाई गाउँपालिका,3,2081003,23408
मधेश,पर्सा,कालिकामाई गाउँपालिका,4,2081004,23408
मधेश,पर्सा,कालिकामाई गाउँपालिका,5,2081005,23408
मधेश,पर्सा,धोबीनी गाउँपालिका,1,2081101,23405
मधेश,पर्सा,धोबीनी गाउँपालिका,2,2081102,23405
मधेश,पर्सा,धोबीनी गाउँपालिका,3,2081103,23405
मधेश,पर्सा,धोबीनी गाउँपालिका,4,2081104,23405
मधेश,पर्सा,धोबीनी गाउँपालिका,5,2081105,23405
मधेश,पर्सा,छिपहरमाई गाउँपालिका,1,2081201,23404
मधेश,पर्सा,छिपहरमाई गाउँपालिका,2,2081202,23404
मधेश,पर्सा,छिपहरमाई गाउँपालिका,3,2081203,23404
मधेश,पर्सा,छिपहरमाई गाउँपालिका,4,2081204,23404
मधेश,पर्सा,छिपहरमाई गाउँपालिका,5,2081205,23404
मधेश,पर्सा,पकाहा मैनपुर गाउँपालिका,1,2081301,23409
मधेश,पर्सा,पकाहा मैनपुर गाउँपालिका,2,2081302,23409
मधेश,पर्सा,पकाहा मैनपुर गाउँपालिका,3,2081303,23409
मधेश,पर्सा,पकाहा मैनपुर गाउँपालिका,4,2081304,23409
मधेश,पर्सा,पकाहा मैनपुर गाउँपालिका,5,2081305,23409
मधेश,पर्सा,बिन्दबासिनी गाउँपालिका,1,2081401,23402
मधेश,पर्सा,बिन्दबासिनी गाउँपालिका,2,2081402,23402
मधेश,पर्सा,बिन्दबासिनी गाउँपालिका,3,2081403,23402
मधेश,पर्सा,बिन्दबासिनी गाउँपालिका,4,2081404,23402
मधेश,पर्सा,बिन्दबासिनी गाउँपालिका,5,2081405,23402
बागमती,दोलखा,गौरिशंकर गाउँपालिका,1,3010101,32204
बागमती,दोलखा,गौरिशंकर गाउँपालिका,2,3010102,32204
बागमती,दोलखा,गौरिशंकर गाउँपालिका,3,3010103,32204
बागमती,दोलखा,गौरिशंकर गाउँपालिका,4,3010104,32204
बागमती,दोलखा,गौरिशंकर गाउँपालिका,5,3010105,32204
बागमती,दोलखा,गौरिशंकर गाउँपालिका,6,3010106,32204
बागमती,दोलखा,गौरिशंकर गाउँपालिका,7,3010107,32204
बागमती,दोलखा,गौरिशंकर गाउँपालिका,8,3010108,32204
बागमती,दोलखा,गौरिशंकर गाउँपालिका,9,3010109,32204
बागमती,दोलखा,बिगु गाउँपालिका,1,3010201,32203
बागमती,दोलखा,बिगु गाउँपालिका,2,3010202,32203
बागमती,दोलखा,बिगु गाउँपालिका,3,3010203,32203
बागमती,दोलखा,बिगु गाउँपालिका,4,3010204,32203
बागमती,दोलखा,बिगु गाउँपालिका,5,3010205,32203
बागमती,दोलखा,बिगु गाउँपालिका,6,3010206,32203
बागमती,दोलखा,बिगु गाउँपालिका,7,3010207,32203
बागमती,दोलखा,बिगु गाउँपालिका,8,3010208,32203
बागमती,दोलखा,कालिन्चोक गाउँपालिका,1,3010301,32206
बागमती,दोलखा,कालिन्चोक गाउँपालिका,2,3010302,32206
बागमती,दोलखा,कालिन्चोक गाउँपालिका,3,3010303,32206
बागमती,दोलखा,कालिन्चोक गाउँपालिका,4,3010304,32206
बागमती,दोलखा,कालिन्चोक गाउँपालिका,5,3010305,32206
बागमती,दोलखा,कालिन्चोक गाउँपालिका,6,3010306,32206
बागमती,दोलखा,कालिन्चोक गाउँपालिका,7,3010307,32206
बागमती,दोलखा,कालिन्चोक गाउँपालिका,8,3010308,32206
बागमती,दोलखा,कालिन्चोक गाउँपालिका,9,3010309,32206
बागमती,दोलखा,बैतेस्वर गाउँपालिका,1,3010401,32201
बागमती,दोलखा,बैतेस्वर गाउँपालिका,2,3010402,32201
बागमती,दोलखा,बैतेस्वर गाउँपालिका,3,3010403,32201
बागमती,दोलखा,बैतेस्वर गाउँपालिका,4,3010404,32201
बागमती,दोलखा,बैतेस्वर गाउँपालिका,5,3010405,32201
बागमती,दोलखा,बैतेस्वर गाउँपालिका,6,3010406,32201
बागमती,दोलखा,बैतेस्वर गाउँपालिका,7,3010407,32201
बागमती,दोलखा,बैतेस्वर गाउँपालिका,8,3010408,32201
बागमती,दोलखा,जिरी नगरपालिका,1,3010501,32205
बागमती,दोलखा,जिरी नगरपालिका,2,3010502,32205
बागमती,दोलखा,जिरी नगरपालिका,3,3010503,32205
बागमती,दोलखा,जिरी नगरपालिका,4,3010504,32205
बागमती,दोलखा,जिरी नगरपालिका,5,3010505,32205
बागमती,दोलखा,जिरी नगरपालिका,6,3010506,32205
बागमती,दोलखा,जिरी नगरपालिका,7,3010507,32205
बागमती,दोलखा,जिरी नगरपालिका,8,3010508,32205
बागमती,दोलखा,जिरी नगरपालिका,9,3010509,32205
बागमती,दोलखा,तामाकोशी गाउँपालिका,1,3010601,32209
बागमती,दोलखा,तामाकोशी गाउँपालिका,2,3010602,32209
बागमती,दोलखा,तामाकोशी गाउँपालिका,3,3010603,32209
बागमती,दोलखा,तामाकोशी गाउँपालिका,4,3010604,32209
बागमती,दोलखा,तामाकोशी गाउँपालिका,5,3010605,32209
बागमती,दोलखा,तामाकोशी गाउँपालिका,6,3010606,32209
बागमती,दोलखा,तामाकोशी गाउँपालिका,7,3010607,32209
बागमती,दोलखा,मेलुङ्ग गाउँपालिका,1,3010701,32207
बागमती,दोलखा,मेलुङ्ग गाउँपालिका,2,3010702,32207
बागमती,दोलखा,मेलुङ्ग गाउँपालिका,3,3010703,32207
बागमती,दोलखा,मेलुङ्ग गाउँपालिका,4,3010704,32207
बागमती,दोलखा,मेलुङ्ग गाउँपालिका,5,3010705,32207
बागमती,दोलखा,मेलुङ्ग गाउँपालिका,6,3010706,32207
बागमती,दोलखा,मेलुङ्ग गाउँपालिका,7,3010707,32207
बागमती,दोलखा,शैलुङ गाउँपालिका,1,3010801,32208
बागमती,दोलखा,शैलुङ गाउँपालिका,2,3010802,32208
बागमती,दोलखा,शैलुङ गाउँपालिका,3,3010803,32208
बागमती,दोलखा,शैलुङ गाउँपालिका,4,3010804,32208
बागमती,दोलखा,शैलुङ गाउँपालिका,5,3010805,32208
बागमती,दोलखा,शैलुङ गाउँपालिका,6,3010806,32208
बागमती,दोलखा,शैलुङ गाउँपालिका,7,3010807,32208
बागमती,दोलखा,शैलुङ गाउँपालिका,8,3010808,32208
बागमती,दोलखा,भिमेश्वर नगरपालिका,1,3010901,32202
बागमती,दोलखा,भिमेश्वर नगरपालिका,2,3010902,32202
बागमती,दोलखा,भिमेश्वर नगरपालिका,3,3010903,32202
बागमती,दोलखा,भिमेश्वर नगरपालिका,4,3010904,32202
बागमती,दोलखा,भिमेश्वर नगरपालिका,5,3010905,32202
बागमती,दोलखा,भिमेश्वर नगरपालिका,6,3010906,32202
बागमती,दोलखा,भिमेश्वर नगरपालिका,7,3010907,32202
बागमती,दोलखा,भिमेश्वर नगरपालिका,8,3010908,32202
बागमती,दोलखा,भिमेश्वर नगरपालिका,9,3010909,32202
बागमती,सिन्धुपाल्चोक,भोटेकोशी गाउँपालिका,1,3020101,32303
बागमती,सिन्धुपाल्चोक,भोटेकोशी गाउँपालिका,2,3020102,32303
बागमती,सिन्धुपाल्चोक,भोटेकोशी गाउँपालिका,3,3020103,32303
बागमती,सिन्धुपाल्चोक,भोटेकोशी गाउँपालिका,4,3020104,32303
बागमती,सिन्धुपाल्चोक,भोटेकोशी गाउँपालिका,5,3020105,32303
बागमती,सिन्धुपाल्चोक,जुगल गाउँपालिका,1,3020201,32307
बागमती,सिन्धुपाल्चोक,जुगल गाउँपालिका,2,3020202,32307
बागमती,सिन्धुपाल्चोक,जुगल गाउँपालिका,3,3020203,32307
बागमती,सिन्धुपाल्चोक,जुगल गाउँपालिका,4,3020204,32307
बागमती,सिन्धुपाल्चोक,जुगल गाउँपालिका,5,3020205,32307
बागमती,सिन्धुपाल्चोक,जुगल गाउँपालिका,6,3020206,32307
बागमती,सिन्धुपाल्चोक,जुगल गाउँपालिका,7,3020207,32307
बागमती,सिन्धुपाल्चोक,पाँचपोखरी थाङपाल गाउँपालिका,1,3020301,32310
बागमती,सिन्धुपाल्चोक,पाँचपोखरी थाङपाल गाउँपालिका,2,3020302,32310
बागमती,सिन्धुपाल्चोक,पाँचपोखरी थाङपाल गाउँपालिका,3,3020303,32310
बागमती,सिन्धुपाल्चोक,पाँचपोखरी थाङपाल गाउँपालिका,4,3020304,32310
बागमती,सिन्धुपाल्चोक,पाँचपोखरी थाङपाल गाउँपालिका,5,3020305,32310
बागमती,सिन्धुपाल्चोक,पाँचपोखरी थाङपाल गाउँपालिका,6,3020306,32310
बागमती,सिन्धुपाल्चोक,पाँचपोखरी थाङपाल गाउँपालिका,7,3020307,32310
बागमती,सिन्धुपाल्चोक,पाँचपोखरी थाङपाल गाउँपालिका,8,3020308,32310
बागमती,सिन्धुपाल्चोक,हेलम्बु गाउँपालिका,1,3020401,32305
बागमती,सिन्धुपाल्चोक,हेलम्बु गाउँपालिका,2,3020402,32305
बागमती,सिन्धुपाल्चोक,हेलम्बु गाउँपालिका,3,3020403,32305
बागमती,सिन्धुपाल्चोक,हेलम्बु गाउँपालिका,4,3020404,32305
बागमती,सिन्धुपाल्चोक,हेलम्बु गाउँपालिका,5,3020405,32305
बागमती,सिन्धुपाल्चोक,हेलम्बु गाउँपालिका,6,3020406,32305
बागमती,सिन्धुपाल्चोक,हेलम्बु गाउँपालिका,7,3020407,32305
बागमती,सिन्धुपाल्चोक,मेलम्ची नगरपालिका,1,3020501,32309
बागमती,सिन्धुपाल्चोक,मेलम्ची नगरपालिका,2,3020502,32309
बागमती,सिन्धुपाल्चोक,मेलम्ची नगरपालिका,3,3020503,32309
बागमती,सिन्धुपाल्चोक,मेलम्ची नगरपालिका,4,3020504,32309
बागमती,सिन्धुपाल्चोक,मेलम्ची नगरपालिका,5,3020505,32309
बागमती,सिन्धुपाल्चोक,मेलम्ची नगरपालिका,6,3020506,32309
बागमती,सिन्धुपाल्चोक,मेलम्ची नगरपालिका,7,3020507,32309
बागमती,सिन्धुपाल्चोक,मेलम्ची नगरपालिका,8,3020508,32309
बागमती,सिन्धुपाल्चोक,मेलम्ची नगरपालिका,9,3020509,32309
बागमती,सिन्धुपाल्चोक,मेलम्ची नगरपालिका,10,3020510,32309
बागमती,सिन्धुपाल्चोक,मेलम्ची नगरपालिका,11,3020511,32309
बागमती,सिन्धुपाल्चोक,मेलम्ची नगरपालिका,12,3020512,32309
बागमती,सिन्धुपाल्चोक,मेलम्ची नगरपालिका,13,3020513,32309
बागमती,सिन्धुपाल्चोक,ईन्द्रावती गाउँपालिका,1,3020601,32306
बागमती,सिन्धुपाल्चोक,ईन्द्रावती गाउँपालिका,2,3020602,32306
बागमती,सिन्धुपाल्चोक,ईन्द्रावती गाउँपालिका,3,3020603,32306
बागमती,सिन्धुपाल्चोक,ईन्द्रावती गाउँपालिका,4,3020604,32306
बागमती,सिन्धुपाल्चोक,ईन्द्रावती गाउँपालिका,5,3020605,32306
बागमती,सिन्धुपाल्चोक,ईन्द्रावती गाउँपालिका,6,3020606,32306
बागमती,सिन्धुपाल्चोक,ईन्द्रावती गाउँपालिका,7,3020607,32306
बागमती,सिन्धुपाल्चोक,ईन्द्रावती गाउँपालिका,8,3020608,32306
बागमती,सिन्धुपाल्चोक,ईन्द्रावती गाउँपालिका,9,3020609,32306
बागमती,सिन्धुपाल्चोक,ईन्द्रावती गाउँपालिका,10,3020610,32306
बागमती,सिन्धुपाल्चोक,ईन्द्रावती गाउँपालिका,11,3020611,32306
बागमती,सिन्धुपाल्चोक,ईन्द्रावती गाउँपालिका,12,3020612,32306
बागमती,सिन्धुपाल्चोक,चौतारा साँगाचोकगढी नगरपालिका,1,3020701,32304
बागमती,सिन्धुपाल्चोक,चौतारा साँगाचोकगढी नगरपालिका,2,3020702,32304
बागमती,सिन्धुपाल्चोक,चौतारा साँगाचोकगढी नगरपालिका,3,3020703,32304
बागमती,सिन्धुपाल्चोक,चौतारा साँगाचोकगढी नगरपालिका,4,3020704,32304
बागमती,सिन्धुपाल्चोक,चौतारा साँगाचोकगढी नगरपालिका,5,3020705,32304
बागमती,सिन्धुपाल्चोक,चौतारा साँगाचोकगढी नगरपालिका,6,3020706,32304
बागमती,सिन्धुपाल्चोक,चौतारा साँगाचोकगढी नगरपालिका,7,3020707,32304
बागमती,सिन्धुपाल्चोक,चौतारा साँगाचोकगढी नगरपालिका,8,3020708,32304
बागमती,सिन्धुपाल्चोक,चौतारा साँगाचोकगढी नगरपालिका,9,3020709,32304
बागमती,सिन्धुपाल्चोक,चौतारा साँगाचोकगढी नगरपालिका,10,3020710,32304
बागमती,सिन्धुपाल्चोक,चौतारा साँगाचोकगढी नगरपालिका,11,3020711,32304
बागमती,सिन्धुपाल्चोक,चौतारा साँगाचोकगढी नगरपालिका,12,3020712,32304
बागमती,सिन्धुपाल्चोक,चौतारा साँगाचोकगढी नगरपालिका,13,3020713,32304
बागमती,सिन्धुपाल्चोक,चौतारा साँगाचोकगढी नगरपालिका,14,3020714,32304
बागमती,सिन्धुपाल्चोक,बलेफी गाउँपालिका,1,3020801,32301
बागमती,सिन्धुपाल्चोक,बलेफी गाउँपालिका,2,3020802,32301
बागमती,सिन्धुपाल्चोक,बलेफी गाउँपालिका,3,3020803,32301
बागमती,सिन्धुपाल्चोक,बलेफी गाउँपालिका,4,3020804,32301
बागमती,सिन्धुपाल्चोक,बलेफी गाउँपालिका,5,3020805,32301
बागमती,सिन्धुपाल्चोक,बलेफी गाउँपालिका,6,3020806,32301
बागमती,सिन्धुपाल्चोक,बलेफी गाउँपालिका,7,3020807,32301
बागमती,सिन्धुपाल्चोक,बलेफी गाउँपालिका,8,3020808,32301
बागमती,सिन्धुपाल्चोक,बाह्रबिसे नगरपालिका,1,3020901,32302
बागमती,सिन्धुपाल्चोक,बाह्रबिसे नगरपालिका,2,3020902,32302
बागमती,सिन्धुपाल्चोक,बाह्रबिसे नगरपालिका,3,3020903,32302
बागमती,सिन्धुपाल्चोक,बाह्रबिसे नगरपालिका,4,3020904,32302
बागमती,सिन्धुपाल्चोक,बाह्रबिसे नगरपालिका,5,3020905,32302
बागमती,सिन्धुपाल्चोक,बाह्रबिसे नगरपालिका,6,3020906,32302
बागमती,सिन्धुपाल्चोक,बाह्रबिसे नगरपालिका,7,3020907,32302
बागमती,सिन्धुपाल्चोक,बाह्रबिसे नगरपालिका,8,3020908,32302
बागमती,सिन्धुपाल्चोक,बाह्रबिसे नगरपालिका,9,3020909,32302
बागमती,सिन्धुपाल्चोक,त्रिपुरासुन्दरी गाउँपालिका,1,3021001,32312
बागमती,सिन्धुपाल्चोक,त्रिपुरासुन्दरी गाउँपालिका,2,3021002,32312
बागमती,सिन्धुपाल्चोक,त्रिपुरासुन्दरी गाउँपालिका,3,3021003,32312
बागमती,सिन्धुपाल्चोक,त्रिपुरासुन्दरी गाउँपालिका,4,3021004,32312
बागमती,सिन्धुपाल्चोक,त्रिपुरासुन्दरी गाउँपालिका,5,3021005,32312
बागमती,सिन्धुपाल्चोक,त्रिपुरासुन्दरी गाउँपालिका,6,3021006,32312
बागमती,सिन्धुपाल्चोक,लिसंखु पाखर गाउँपालिका,1,3021101,32308
बागमती,सिन्धुपाल्चोक,लिसंखु पाखर गाउँपालिका,2,3021102,32308
बागमती,सिन्धुपाल्चोक,लिसंखु पाखर गाउँपालिका,3,3021103,32308
बागमती,सिन्धुपाल्चोक,लिसंखु पाखर गाउँपालिका,4,3021104,32308
बागमती,सिन्धुपाल्चोक,लिसंखु पाखर गाउँपालिका,5,3021105,32308
बागमती,सिन्धुपाल्चोक,लिसंखु पाखर गाउँपालिका,6,3021106,32308
बागमती,सिन्धुपाल्चोक,लिसंखु पाखर गाउँपालिका,7,3021107,32308
बागमती,सिन्धुपाल्चोक,सुनकोशी गाउँपालिका,1,3021201,32311
बागमती,सिन्धुपाल्चोक,सुनकोशी गाउँपालिका,2,3021202,32311
बागमती,सिन्धुपाल्चोक,सुनकोशी गाउँपालिका,3,3021203,32311
बागमती,सिन्धुपाल्चोक,सुनकोशी गाउँपालिका,4,3021204,32311
बागमती,सिन्धुपाल्चोक,सुनकोशी गाउँपालिका,5,3021205,32311
बागमती,सिन्धुपाल्चोक,सुनकोशी गाउँपालिका,6,3021206,32311
बागमती,सिन्धुपाल्चोक,सुनकोशी गाउँपालिका,7,3021207,32311
बागमती,रसुवा,गोसाईकुण्ड गाउँपालिका,1,3030101,32901
बागमती,रसुवा,गोसाईकुण्ड गाउँपालिका,2,3030102,32901
बागमती,रसुवा,गोसाईकुण्ड गाउँपालिका,3,3030103,32901
बागमती,रसुवा,गोसाईकुण्ड गाउँपालिका,4,3030104,32901
बागमती,रसुवा,गोसाईकुण्ड गाउँपालिका,5,3030105,32901
बागमती,रसुवा,गोसाईकुण्ड गाउँपालिका,6,3030106,32901
बागमती,रसुवा,आमाछोदिङमो गाउँपालिका,1,3030201,32904
बागमती,रसुवा,आमाछोदिङमो गाउँपालिका,2,3030202,32904
बागमती,रसुवा,आमाछोदिङमो गाउँपालिका,3,3030203,32904
बागमती,रसुवा,आमाछोदिङमो गाउँपालिका,4,3030204,32904
बागमती,रसुवा,आमाछोदिङमो गाउँपालिका,5,3030205,32904
बागमती,रसुवा,उत्तरगया गाउँपालिका,1,3030301,32905
बागमती,रसुवा,उत्तरगया गाउँपालिका,2,3030302,32905
बागमती,रसुवा,उत्तरगया गाउँपालिका,3,3030303,32905
बागमती,रसुवा,उत्तरगया गाउँपालिका,4,3030304,32905
बागमती,रसुवा,उत्तरगया गाउँपालिका,5,3030305,32905
बागमती,रसुवा,कालिका गाउँपालिका,1,3030401,32902
बागमती,रसुवा,कालिका गाउँपालिका,2,3030402,32902
बागमती,रसुवा,कालिका गाउँपालिका,3,3030403,32902
बागमती,रसुवा,कालिका गाउँपालिका,4,3030404,32902
बागमती,रसुवा,कालिका गाउँपालिका,5,3030405,32902
बागमती,रसुवा,नौकुण्ड गाउँपालिका,1,3030501,32903
बागमती,रसुवा,नौकुण्ड गाउँपालिका,2,3030502,32903
बागमती,रसुवा,नौकुण्ड गाउँपालिका,3,3030503,32903
बागमती,रसुवा,नौकुण्ड गाउँपालिका,4,3030504,32903
बागमती,रसुवा,नौकुण्ड गाउँपालिका,5,3030505,32903
बागमती,रसुवा,नौकुण्ड गाउँपालिका,6,3030506,32903
बागमती,धादिङ,रुबी भ्याली गाउँपालिका,1,3040101,33010
बागमती,धादिङ,रुबी भ्याली गाउँपालिका,2,3040102,33010
बागमती,धादिङ,रुबी भ्याली गाउँपालिका,3,3040103,33010
बागमती,धादिङ,रुबी भ्याली गाउँपालिका,4,3040104,33010
बागमती,धादिङ,रुबी भ्याली गाउँपालिका,5,3040105,33010
बागमती,धादिङ,रुबी भ्याली गाउँपालिका,6,3040106,33010
बागमती,धादिङ,खनियाबास गाउँपालिका,1,3040201,33007
बागमती,धादिङ,खनियाबास गाउँपालिका,2,3040202,33007
बागमती,धादिङ,खनियाबास गाउँपालिका,3,3040203,33007
बागमती,धादिङ,खनियाबास गाउँपालिका,4,3040204,33007
बागमती,धादिङ,खनियाबास गाउँपालिका,5,3040205,33007
बागमती,धादिङ,गंङ्गा जमुना गाउँपालिका,1,3040301,33005
बागमती,धादिङ,गंङ्गा जमुना गाउँपालिका,2,3040302,33005
बागमती,धादिङ,गंङ्गा जमुना गाउँपालिका,3,3040303,33005
बागमती,धादिङ,गंङ्गा जमुना गाउँपालिका,4,3040304,33005
बागमती,धादिङ,गंङ्गा जमुना गाउँपालिका,5,3040305,33005
बागमती,धादिङ,गंङ्गा जमुना गाउँपालिका,6,3040306,33005
बागमती,धादिङ,गंङ्गा जमुना गाउँपालिका,7,3040307,33005
बागमती,धादिङ,त्रिपुरासुन्दरी गाउँपालिका,1,3040401,33013
बागमती,धादिङ,त्रिपुरासुन्दरी गाउँपालिका,2,3040402,33013
बागमती,धादिङ,त्रिपुरासुन्दरी गाउँपालिका,3,3040403,33013
बागमती,धादिङ,त्रिपुरासुन्दरी गाउँपालिका,4,3040404,33013
बागमती,धादिङ,त्रिपुरासुन्दरी गाउँपालिका,5,3040405,33013
बागमती,धादिङ,त्रिपुरासुन्दरी गाउँपालिका,6,3040406,33013
बागमती,धादिङ,त्रिपुरासुन्दरी गाउँपालिका,7,3040407,33013
बागमती,धादिङ,नेत्रावती डबजोङ गाउँपालिका,1,3040501,33008
बागमती,धादिङ,नेत्रावती डबजोङ गाउँपालिका,2,3040502,33008
बागमती,धादिङ,नेत्रावती डबजोङ गाउँपालिका,3,3040503,33008
बागमती,धादिङ,नेत्रावती डबजोङ गाउँपालिका,4,3040504,33008
बागमती,धादिङ,नेत्रावती डबजोङ गाउँपालिका,5,3040505,33008
बागमती,धादिङ,नीलकण्ठ नगरपालिका,1,3040601,33009
बागमती,धादिङ,नीलकण्ठ नगरपालिका,2,3040602,33009
बागमती,धादिङ,नीलकण्ठ नगरपालिका,3,3040603,33009
बागमती,धादिङ,नीलकण्ठ नगरपालिका,4,3040604,33009
बागमती,धादिङ,नीलकण्ठ नगरपालिका,5,3040605,33009
बागमती,धादिङ,नीलकण्ठ नगरपालिका,6,3040606,33009
बागमती,धादिङ,नीलकण्ठ नगरपालिका,7,3040607,33009
बागमती,धादिङ,नीलकण्ठ नगरपालिका,8,3040608,33009
बागमती,धादिङ,नीलकण्ठ नगरपालिका,9,3040609,33009
बागमती,धादिङ,नीलकण्ठ नगरपालिका,10,3040610,33009
बागमती,धादिङ,नीलकण्ठ नगरपालिका,11,3040611,33009
बागमती,धादिङ,नीलकण्ठ नगरपालिका,12,3040612,33009
बागमती,धादिङ,नीलकण्ठ नगरपालिका,13,3040613,33009
बागमती,धादिङ,नीलकण्ठ नगरपालिका,14,3040614,33009
बागमती,धादिङ,ज्वालामुखी गाउँपालिका,1,3040701,33006
बागमती,धादिङ,ज्वालामुखी गाउँपालिका,2,3040702,33006
बागमती,धादिङ,ज्वालामुखी गाउँपालिका,3,3040703,33006
बागमती,धादिङ,ज्वालामुखी गाउँपालिका,4,3040704,33006
बागमती,धादिङ,ज्वालामुखी गाउँपालिका,5,3040705,33006
बागमती,धादिङ,ज्वालामुखी गाउँपालिका,6,3040706,33006
बागमती,धादिङ,ज्वालामुखी गाउँपालिका,7,3040707,33006
बागमती,धादिङ,सिद्धलेक गाउँपालिका,1,3040801,33011
बागमती,धादिङ,सिद्धलेक गाउँपालिका,2,3040802,33011
बागमती,धादिङ,सिद्धलेक गाउँपालिका,3,3040803,33011
बागमती,धादिङ,सिद्धलेक गाउँपालिका,4,3040804,33011
बागमती,धादिङ,सिद्धलेक गाउँपालिका,5,3040805,33011
बागमती,धादिङ,सिद्धलेक गाउँपालिका,6,3040806,33011
बागमती,धादिङ,सिद्धलेक गाउँपालिका,7,3040807,33011
बागमती,धादिङ,बेनीघाट रोराङ्ग गाउँपालिका,1,3040901,33001
बागमती,धादिङ,बेनीघाट रोराङ्ग गाउँपालिका,2,3040902,33001
बागमती,धादिङ,बेनीघाट रोराङ्ग गाउँपालिका,3,3040903,33001
बागमती,धादिङ,बेनीघाट रोराङ्ग गाउँपालिका,4,3040904,33001
बागमती,धादिङ,बेनीघाट रोराङ्ग गाउँपालिका,5,3040905,33001
बागमती,धादिङ,बेनीघाट रोराङ्ग गाउँपालिका,6,3040906,33001
बागमती,धादिङ,बेनीघाट रोराङ्ग गाउँपालिका,7,3040907,33001
बागमती,धादिङ,बेनीघाट रोराङ्ग गाउँपालिका,8,3040908,33001
बागमती,धादिङ,बेनीघाट रोराङ्ग गाउँपालिका,9,3040909,33001
बागमती,धादिङ,बेनीघाट रोराङ्ग गाउँपालिका,10,3040910,33001
बागमती,धादिङ,गजुरी गाउँपालिका,1,3041001,33003
बागमती,धादिङ,गजुरी गाउँपालिका,2,3041002,33003
बागमती,धादिङ,गजुरी गाउँपालिका,3,3041003,33003
बागमती,धादिङ,गजुरी गाउँपालिका,4,3041004,33003
बागमती,धादिङ,गजुरी गाउँपालिका,5,3041005,33003
बागमती,धादिङ,गजुरी गाउँपालिका,6,3041006,33003
बागमती,धादिङ,गजुरी गाउँपालिका,7,3041007,33003
बागमती,धादिङ,गजुरी गाउँपालिका,8,3041008,33003
बागमती,धादिङ,गल्छी गाउँपालिका,1,3041101,33004
बागमती,धादिङ,गल्छी गाउँपालिका,2,3041102,33004
बागमती,धादिङ,गल्छी गाउँपालिका,3,3041103,33004
बागमती,धादिङ,गल्छी गाउँपालिका,4,3041104,33004
बागमती,धादिङ,गल्छी गाउँपालिका,5,3041105,33004
बागमती,धादिङ,गल्छी गाउँपालिका,6,3041106,33004
बागमती,धादिङ,गल्छी गाउँपालिका,7,3041107,33004
बागमती,धादिङ,गल्छी गाउँपालिका,8,3041108,33004
बागमती,धादिङ,थाक्रे गाउँपालिका,1,3041201,33012
बागमती,धादिङ,थाक्रे गाउँपालिका,2,3041202,33012
बागमती,धादिङ,थाक्रे गाउँपालिका,3,3041203,33012
बागमती,धादिङ,थाक्रे गाउँपालिका,4,3041204,33012
बागमती,धादिङ,थाक्रे गाउँपालिका,5,3041205,33012
बागमती,धादिङ,थाक्रे गाउँपालिका,6,3041206,33012
बागमती,धादिङ,थाक्रे गाउँपालिका,7,3041207,33012
बागमती,धादिङ,थाक्रे गाउँपालिका,8,3041208,33012
बागमती,धादिङ,थाक्रे गाउँपालिका,9,3041209,33012
बागमती,धादिङ,थाक्रे गाउँपालिका,10,3041210,33012
बागमती,धादिङ,थाक्रे गाउँपालिका,11,3041211,33012
बागमती,धादिङ,धुनीबेंशी नगरपालिका,1,3041301,33002
बागमती,धादिङ,धुनीबेंशी नगरपालिका,2,3041302,33002
बागमती,धादिङ,धुनीबेंशी नगरपालिका,3,3041303,33002
बागमती,धादिङ,धुनीबेंशी नगरपालिका,4,3041304,33002
बागमती,धादिङ,धुनीबेंशी नगरपालिका,5,3041305,33002
बागमती,धादिङ,धुनीबेंशी नगरपालिका,6,3041306,33002
बागमती,धादिङ,धुनीबेंशी नगरपालिका,7,3041307,33002
बागमती,धादिङ,धुनीबेंशी नगरपालिका,8,3041308,33002
बागमती,धादिङ,धुनीबेंशी नगरपालिका,9,3041309,33002
बागमती,नुवाकोट,दुप्चेश्वर गाउँपालिका,1,3050101,32803
बागमती,नुवाकोट,दुप्चेश्वर गाउँपालिका,2,3050102,32803
बागमती,नुवाकोट,दुप्चेश्वर गाउँपालिका,3,3050103,32803
बागमती,नुवाकोट,दुप्चेश्वर गाउँपालिका,4,3050104,32803
बागमती,नुवाकोट,दुप्चेश्वर गाउँपालिका,5,3050105,32803
बागमती,नुवाकोट,दुप्चेश्वर गाउँपालिका,6,3050106,32803
बागमती,नुवाकोट,दुप्चेश्वर गाउँपालिका,7,3050107,32803
बागमती,नुवाकोट,तादी गाउँपालिका,1,3050201,32811
बागमती,नुवाकोट,तादी गाउँपालिका,2,3050202,32811
बागमती,नुवाकोट,तादी गाउँपालिका,3,3050203,32811
बागमती,नुवाकोट,तादी गाउँपालिका,4,3050204,32811
बागमती,नुवाकोट,तादी गाउँपालिका,5,3050205,32811
बागमती,नुवाकोट,तादी गाउँपालिका,6,3050206,32811
बागमती,नुवाकोट,सुर्यगढी गाउँपालिका,1,3050301,32810
बागमती,नुवाकोट,सुर्यगढी गाउँपालिका,2,3050302,32810
बागमती,नुवाकोट,सुर्यगढी गाउँपालिका,3,3050303,32810
बागमती,नुवाकोट,सुर्यगढी गाउँपालिका,4,3050304,32810
बागमती,नुवाकोट,सुर्यगढी गाउँपालिका,5,3050305,32810
बागमती,नुवाकोट,बिदुर नगरपालिका,1,3050401,32802
बागमती,नुवाकोट,बिदुर नगरपालिका,2,3050402,32802
बागमती,नुवाकोट,बिदुर नगरपालिका,3,3050403,32802
बागमती,नुवाकोट,बिदुर नगरपालिका,4,3050404,32802
बागमती,नुवाकोट,बिदुर नगरपालिका,5,3050405,32802
बागमती,नुवाकोट,बिदुर नगरपालिका,6,3050406,32802
बागमती,नुवाकोट,बिदुर नगरपालिका,7,3050407,32802
बागमती,नुवाकोट,बिदुर नगरपालिका,8,3050408,32802
बागमती,नुवाकोट,बिदुर नगरपालिका,9,3050409,32802
बागमती,नुवाकोट,बिदुर नगरपालिका,10,3050410,32802
बागमती,नुवाकोट,बिदुर नगरपालिका,11,3050411,32802
बागमती,नुवाकोट,बिदुर नगरपालिका,12,3050412,32802
बागमती,नुवाकोट,बिदुर नगरपालिका,13,3050413,32802
बागमती,नुवाकोट,किस्पाङ्ग गाउँपालिका,1,3050501,32805
बागमती,नुवाकोट,किस्पाङ्ग गाउँपालिका,2,3050502,32805
बागमती,नुवाकोट,किस्पाङ्ग गाउँपालिका,3,3050503,32805
बागमती,नुवाकोट,किस्पाङ्ग गाउँपालिका,4,3050504,32805
बागमती,नुवाकोट,किस्पाङ्ग गाउँपालिका,5,3050505,32805
बागमती,नुवाकोट,म्यगङ गाउँपालिका,1,3050601,32807
बागमती,नुवाकोट,म्यगङ गाउँपालिका,2,3050602,32807
बागमती,नुवाकोट,म्यगङ गाउँपालिका,3,3050603,32807
बागमती,नुवाकोट,म्यगङ गाउँपालिका,4,3050604,32807
बागमती,नुवाकोट,म्यगङ गाउँपालिका,5,3050605,32807
बागमती,नुवाकोट,म्यगङ गाउँपालिका,6,3050606,32807
बागमती,नुवाकोट,तारकेश्वर गाउँपालिका,1,3050701,32812
बागमती,नुवाकोट,तारकेश्वर गाउँपालिका,2,3050702,32812
बागमती,नुवाकोट,तारकेश्वर गाउँपालिका,3,3050703,32812
बागमती,नुवाकोट,तारकेश्वर गाउँपालिका,4,3050704,32812
बागमती,नुवाकोट,तारकेश्वर गाउँपालिका,5,3050705,32812
बागमती,नुवाकोट,तारकेश्वर गाउँपालिका,6,3050706,32812
बागमती,नुवाकोट,बेलकोटगढी नगरपालिका,1,3050801,32801
बागमती,नुवाकोट,बेलकोटगढी नगरपालिका,2,3050802,32801
बागमती,नुवाकोट,बेलकोटगढी नगरपालिका,3,3050803,32801
बागमती,नुवाकोट,बेलकोटगढी नगरपालिका,4,3050804,32801
बागमती,नुवाकोट,बेलकोटगढी नगरपालिका,5,3050805,32801
बागमती,नुवाकोट,बेलकोटगढी नगरपालिका,6,3050806,32801
बागमती,नुवाकोट,बेलकोटगढी नगरपालिका,7,3050807,32801
बागमती,नुवाकोट,बेलकोटगढी नगरपालिका,8,3050808,32801
बागमती,नुवाकोट,बेलकोटगढी नगरपालिका,9,3050809,32801
बागमती,नुवाकोट,बेलकोटगढी नगरपालिका,10,3050810,32801
बागमती,नुवाकोट,बेलकोटगढी नगरपालिका,11,3050811,32801
बागमती,नुवाकोट,बेलकोटगढी नगरपालिका,12,3050812,32801
बागमती,नुवाकोट,बेलकोटगढी नगरपालिका,13,3050813,32801
बागमती,नुवाकोट,लिखु गाउँपालिका,1,3050901,32806
बागमती,नुवाकोट,लिखु गाउँपालिका,2,3050902,32806
बागमती,नुवाकोट,लिखु गाउँपालिका,3,3050903,32806
बागमती,नुवाकोट,लिखु गाउँपालिका,4,3050904,32806
बागमती,नुवाकोट,लिखु गाउँपालिका,5,3050905,32806
बागमती,नुवाकोट,लिखु गाउँपालिका,6,3050906,32806
बागमती,नुवाकोट,पन्चकन्या गाउँपालिका,1,3051001,32808
बागमती,नुवाकोट,पन्चकन्या गाउँपालिका,2,3051002,32808
बागमती,नुवाकोट,पन्चकन्या गाउँपालिका,3,3051003,32808
बागमती,नुवाकोट,पन्चकन्या गाउँपालिका,4,3051004,32808
बागमती,नुवाकोट,पन्चकन्या गाउँपालिका,5,3051005,32808
बागमती,नुवाकोट,शिवपुरी गाउँपालिका,1,3051101,32809
बागमती,नुवाकोट,शिवपुरी गाउँपालिका,2,3051102,32809
बागमती,नुवाकोट,शिवपुरी गाउँपालिका,3,3051103,32809
बागमती,नुवाकोट,शिवपुरी गाउँपालिका,4,3051104,32809
बागमती,नुवाकोट,शिवपुरी गाउँपालिका,5,3051105,32809
बागमती,नुवाकोट,शिवपुरी गाउँपालिका,6,3051106,32809
बागमती,नुवाकोट,शिवपुरी गाउँपालिका,7,3051107,32809
बागमती,नुवाकोट,शिवपुरी गाउँपालिका,8,3051108,32809
बागमती,नुवाकोट,ककनी गाउँपालिका,1,3051201,32804
बागमती,नुवाकोट,ककनी गाउँपालिका,2,3051202,32804
बागमती,नुवाकोट,ककनी गाउँपालिका,3,3051203,32804
बागमती,नुवाकोट,ककनी गाउँपालिका,4,3051204,32804
बागमती,नुवाकोट,ककनी गाउँपालिका,5,3051205,32804
बागमती,नुवाकोट,ककनी गाउँपालिका,6,3051206,32804
बागमती,नुवाकोट,ककनी गाउँपालिका,7,3051207,32804
बागमती,नुवाकोट,ककनी गाउँपालिका,8,3051208,32804
बागमती,काठमाडौँ,शंङ्खरापुर नगरपालिका,1,3060101,32709
बागमती,काठमाडौँ,शंङ्खरापुर नगरपालिका,2,3060102,32709
बागमती,काठमाडौँ,शंङ्खरापुर नगरपालिका,3,3060103,32709
बागमती,काठमाडौँ,शंङ्खरापुर नगरपालिका,4,3060104,32709
बागमती,काठमाडौँ,शंङ्खरापुर नगरपालिका,5,3060105,32709
बागमती,काठमाडौँ,शंङ्खरापुर नगरपालिका,6,3060106,32709
बागमती,काठमाडौँ,शंङ्खरापुर नगरपालिका,7,3060107,32709
बागमती,काठमाडौँ,शंङ्खरापुर नगरपालिका,8,3060108,32709
बागमती,काठमाडौँ,शंङ्खरापुर नगरपालिका,9,3060109,32709
बागमती,काठमाडौँ,कागेश्वरी मनहरा नगरपालिका,1,3060201,32705
बागमती,काठमाडौँ,कागेश्वरी मनहरा नगरपालिका,2,3060202,32705
बागमती,काठमाडौँ,कागेश्वरी मनहरा नगरपालिका,3,3060203,32705
बागमती,काठमाडौँ,कागेश्वरी मनहरा नगरपालिका,4,3060204,32705
बागमती,काठमाडौँ,कागेश्वरी मनहरा नगरपालिका,5,3060205,32705
बागमती,काठमाडौँ,कागेश्वरी मनहरा नगरपालिका,6,3060206,32705
बागमती,काठमाडौँ,कागेश्वरी मनहरा नगरपालिका,7,3060207,32705
बागमती,काठमाडौँ,कागेश्वरी मनहरा नगरपालिका,8,3060208,32705
बागमती,काठमाडौँ,कागेश्वरी मनहरा नगरपालिका,9,3060209,32705
बागमती,काठमाडौँ,गोकर्णेश्वर नगरपालिका,1,3060301,32704
बागमती,काठमाडौँ,गोकर्णेश्वर नगरपालिका,2,3060302,32704
बागमती,काठमाडौँ,गोकर्णेश्वर नगरपालिका,3,3060303,32704
बागमती,काठमाडौँ,गोकर्णेश्वर नगरपालिका,4,3060304,32704
बागमती,काठमाडौँ,गोकर्णेश्वर नगरपालिका,5,3060305,32704
बागमती,काठमाडौँ,गोकर्णेश्वर नगरपालिका,6,3060306,32704
बागमती,काठमाडौँ,गोकर्णेश्वर नगरपालिका,7,3060307,32704
बागमती,काठमाडौँ,गोकर्णेश्वर नगरपालिका,8,3060308,32704
बागमती,काठमाडौँ,गोकर्णेश्वर नगरपालिका,9,3060309,32704
बागमती,काठमाडौँ,बुढानिलकण्ठ नगरपालिका,1,3060401,32701
बागमती,काठमाडौँ,बुढानिलकण्ठ नगरपालिका,2,3060402,32701
बागमती,काठमाडौँ,बुढानिलकण्ठ नगरपालिका,3,3060403,32701
बागमती,काठमाडौँ,बुढानिलकण्ठ नगरपालिका,4,3060404,32701
बागमती,काठमाडौँ,बुढानिलकण्ठ नगरपालिका,5,3060405,32701
बागमती,काठमाडौँ,बुढानिलकण्ठ नगरपालिका,6,3060406,32701
बागमती,काठमाडौँ,बुढानिलकण्ठ नगरपालिका,7,3060407,32701
बागमती,काठमाडौँ,बुढानिलकण्ठ नगरपालिका,8,3060408,32701
बागमती,काठमाडौँ,बुढानिलकण्ठ नगरपालिका,9,3060409,32701
बागमती,काठमाडौँ,बुढानिलकण्ठ नगरपालिका,10,3060410,32701
बागमती,काठमाडौँ,बुढानिलकण्ठ नगरपालिका,11,3060411,32701
बागमती,काठमाडौँ,बुढानिलकण्ठ नगरपालिका,12,3060412,32701
बागमती,काठमाडौँ,बुढानिलकण्ठ नगरपालिका,13,3060413,32701
बागमती,काठमाडौँ,टोखा नगरपालिका,1,3060501,32711
बागमती,काठमाडौँ,टोखा नगरपालिका,2,3060502,32711
बागमती,काठमाडौँ,टोखा नगरपालिका,3,3060503,32711
बागमती,काठमाडौँ,टोखा नगरपालिका,4,3060504,32711
बागमती,काठमाडौँ,टोखा नगरपालिका,5,3060505,32711
बागमती,काठमाडौँ,टोखा नगरपालिका,6,3060506,32711
बागमती,काठमाडौँ,टोखा नगरपालिका,7,3060507,32711
बागमती,काठमाडौँ,टोखा नगरपालिका,8,3060508,32711
बागमती,काठमाडौँ,टोखा नगरपालिका,9,3060509,32711
बागमती,काठमाडौँ,टोखा नगरपालिका,10,3060510,32711
बागमती,काठमाडौँ,टोखा नगरपालिका,11,3060511,32711
बागमती,काठमाडौँ,तारकेश्वर नगरपालिका,1,3060601,32710
बागमती,काठमाडौँ,तारकेश्वर नगरपालिका,2,3060602,32710
बागमती,काठमाडौँ,तारकेश्वर नगरपालिका,3,3060603,32710
बागमती,काठमाडौँ,तारकेश्वर नगरपालिका,4,3060604,32710
बागमती,काठमाडौँ,तारकेश्वर नगरपालिका,5,3060605,32710
बागमती,काठमाडौँ,तारकेश्वर नगरपालिका,6,3060606,32710
बागमती,काठमाडौँ,तारकेश्वर नगरपालिका,7,3060607,32710
बागमती,काठमाडौँ,तारकेश्वर नगरपालिका,8,3060608,32710
बागमती,काठमाडौँ,तारकेश्वर नगरपालिका,9,3060609,32710
बागमती,काठमाडौँ,तारकेश्वर नगरपालिका,10,3060610,32710
बागमती,काठमाडौँ,तारकेश्वर नगरपालिका,11,3060611,32710
बागमती,काठमाडौँ,नागार्जुन नगरपालिका,1,3060701,32708
बागमती,काठमाडौँ,नागार्जुन नगरपालिका,2,3060702,32708
बागमती,काठमाडौँ,नागार्जुन नगरपालिका,3,3060703,32708
बागमती,काठमाडौँ,नागार्जुन नगरपालिका,4,3060704,32708
बागमती,काठमाडौँ,नागार्जुन नगरपालिका,5,3060705,32708
बागमती,काठमाडौँ,नागार्जुन नगरपालिका,6,3060706,32708
बागमती,काठमाडौँ,नागार्जुन नगरपालिका,7,3060707,32708
बागमती,काठमाडौँ,नागार्जुन नगरपालिका,8,3060708,32708
बागमती,काठमाडौँ,नागार्जुन नगरपालिका,9,3060709,32708
बागमती,काठमाडौँ,नागार्जुन नगरपालिका,10,3060710,32708
बागमती,काठमाडौँ,काठमाण्डौ महानगरपालिका,1,3060801,32706
बागमती,काठमाडौँ,काठमाण्डौ महानगरपालिका,2,3060802,32706
बागमती,काठमाडौँ,काठमाण्डौ महानगरपालिका,3,3060803,32706
बागमती,काठमाडौँ,काठमाण्डौ महानगरपालिका,4,3060804,32706
बागमती,काठमाडौँ,काठमाण्डौ महानगरपालिका,5,3060805,32706
बागमती,काठमाडौँ,काठमाण्डौ महानगरपालिका,6,3060806,32706
बागमती,काठमाडौँ,काठमाण्डौ महानगरपालिका,7,3060807,32706
बागमती,काठमाडौँ,काठमाण्डौ महानगरपालिका,8,3060808,32706
बागमती,काठमाडौँ,काठमाण्डौ महानगरपालिका,9,3060809,32706
बागमती,काठमाडौँ,काठमाण्डौ महानगरपालिका,10,3060810,32706
बागमती,काठमाडौँ,काठमाण्डौ महानगरपालिका,11,3060811,32706
बागमती,काठमाडौँ,काठमाण्डौ महानगरपालिका,12,3060812,32706
बागमती,काठमाडौँ,काठमाण्डौ महानगरपालिका,13,3060813,32706
बागमती,काठमाडौँ,काठमाण्डौ महानगरपालिका,14,3060814,32706
बागमती,काठमाडौँ,काठमाण्डौ महानगरपालिका,15,3060815,32706
बागमती,काठमाडौँ,काठमाण्डौ महानगरपालिका,16,3060816,32706
बागमती,काठमाडौँ,काठमाण्डौ महानगरपालिका,17,3060817,32706
बागमती,काठमाडौँ,काठमाण्डौ महानगरपालिका,18,3060818,32706
बागमती,काठमाडौँ,काठमाण्डौ महानगरपालिका,19,3060819,32706
बागमती,काठमाडौँ,काठमाण्डौ महानगरपालिका,20,3060820,32706
बागमती,काठमाडौँ,काठमाण्डौ महानगरपालिका,21,3060821,32706
बागमती,काठमाडौँ,काठमाण्डौ महानगरपालिका,22,3060822,32706
बागमती,काठमाडौँ,काठमाण्डौ महानगरपालिका,23,3060823,32706
बागमती,काठमाडौँ,काठमाण्डौ महानगरपालिका,24,3060824,32706
बागमती,काठमाडौँ,काठमाण्डौ महानगरपालिका,25,3060825,32706
बागमती,काठमाडौँ,काठमाण्डौ महानगरपालिका,26,3060826,32706
बागमती,काठमाडौँ,काठमाण्डौ महानगरपालिका,27,3060827,32706
बागमती,काठमाडौँ,काठमाण्डौ महानगरपालिका,28,3060828,32706
बागमती,काठमाडौँ,काठमाण्डौ महानगरपालिका,29,3060829,32706
बागमती,काठमाडौँ,काठमाण्डौ महानगरपालिका,30,3060830,32706
बागमती,काठमाडौँ,काठमाण्डौ महानगरपालिका,31,3060831,32706
बागमती,काठमाडौँ,काठमाण्डौ महानगरपालिका,32,3060832,32706
बागमती,काठमाडौँ,किर्तिपुर नगरपालिका,1,3060901,32707
बागमती,काठमाडौँ,किर्तिपुर नगरपालिका,2,3060902,32707
बागमती,काठमाडौँ,किर्तिपुर नगरपालिका,3,3060903,32707
बागमती,काठमाडौँ,किर्तिपुर नगरपालिका,4,3060904,32707
बागमती,काठमाडौँ,किर्तिपुर नगरपालिका,5,3060905,32707
बागमती,काठमाडौँ,किर्तिपुर नगरपालिका,6,3060906,32707
बागमती,काठमाडौँ,किर्तिपुर नगरपालिका,7,3060907,32707
बागमती,काठमाडौँ,किर्तिपुर नगरपालिका,8,3060908,32707
बागमती,काठमाडौँ,किर्तिपुर नगरपालिका,9,3060909,32707
बागमती,काठमाडौँ,किर्तिपुर नगरपालिका,10,3060910,32707
बागमती,काठमाडौँ,चन्द्रागिरी नगरपालिका,1,3061001,32702
बागमती,काठमाडौँ,चन्द्रागिरी नगरपालिका,2,3061002,32702
बागमती,काठमाडौँ,चन्द्रागिरी नगरपालिका,3,3061003,32702
बागमती,काठमाडौँ,चन्द्रागिरी नगरपालिका,4,3061004,32702
बागमती,काठमाडौँ,चन्द्रागिरी नगरपालिका,5,3061005,32702
बागमती,काठमाडौँ,चन्द्रागिरी नगरपालिका,6,3061006,32702
बागमती,काठमाडौँ,चन्द्रागिरी नगरपालिका,7,3061007,32702
बागमती,काठमाडौँ,चन्द्रागिरी नगरपालिका,8,3061008,32702
बागमती,काठमाडौँ,चन्द्रागिरी नगरपालिका,9,3061009,32702
बागमती,काठमाडौँ,चन्द्रागिरी नगरपालिका,10,3061010,32702
बागमती,काठमाडौँ,चन्द्रागिरी नगरपालिका,11,3061011,32702
बागमती,काठमाडौँ,चन्द्रागिरी नगरपालिका,12,3061012,32702
बागमती,काठमाडौँ,चन्द्रागिरी नगरपालिका,13,3061013,32702
बागमती,काठमाडौँ,चन्द्रागिरी नगरपालिका,14,3061014,32702
बागमती,काठमाडौँ,चन्द्रागिरी नगरपालिका,15,3061015,32702
बागमती,काठमाडौँ,दक्षिणकाली नगरपालिका,1,3061101,32703
बागमती,काठमाडौँ,दक्षिणकाली नगरपालिका,2,3061102,32703
बागमती,काठमाडौँ,दक्षिणकाली नगरपालिका,3,3061103,32703
बागमती,काठमाडौँ,दक्षिणकाली नगरपालिका,4,3061104,32703
बागमती,काठमाडौँ,दक्षिणकाली नगरपालिका,5,3061105,32703
बागमती,काठमाडौँ,दक्षिणकाली नगरपालिका,6,3061106,32703
बागमती,काठमाडौँ,दक्षिणकाली नगरपालिका,7,3061107,32703
बागमती,काठमाडौँ,दक्षिणकाली नगरपालिका,8,3061108,32703
बागमती,काठमाडौँ,दक्षिणकाली नगरपालिका,9,3061109,32703
बागमती,भक्तपुर,चाँगुनारायण नगरपालिका,1,3070101,32602
बागमती,भक्तपुर,चाँगुनारायण नगरपालिका,2,3070102,32602
बागमती,भक्तपुर,चाँगुनारायण नगरपालिका,3,3070103,32602
बागमती,भक्तपुर,चाँगुनारायण नगरपालिका,4,3070104,32602
बागमती,भक्तपुर,चाँगुनारायण नगरपालिका,5,3070105,32602
बागमती,भक्तपुर,चाँगुनारायण नगरपालिका,6,3070106,32602
बागमती,भक्तपुर,चाँगुनारायण नगरपालिका,7,3070107,32602
बागमती,भक्तपुर,चाँगुनारायण नगरपालिका,8,3070108,32602
बागमती,भक्तपुर,चाँगुनारायण नगरपालिका,9,3070109,32602
बागमती,भक्तपुर,भक्तपुर नगरपालिका,1,3070201,32601
बागमती,भक्तपुर,भक्तपुर नगरपालिका,2,3070202,32601
बागमती,भक्तपुर,भक्तपुर नगरपालिका,3,3070203,32601
बागमती,भक्तपुर,भक्तपुर नगरपालिका,4,3070204,32601
बागमती,भक्तपुर,भक्तपुर नगरपालिका,5,3070205,32601
बागमती,भक्तपुर,भक्तपुर नगरपालिका,6,3070206,32601
बागमती,भक्तपुर,भक्तपुर नगरपालिका,7,3070207,32601
बागमती,भक्तपुर,भक्तपुर नगरपालिका,8,3070208,32601
बागमती,भक्तपुर,भक्तपुर नगरपालिका,9,3070209,32601
बागमती,भक्तपुर,भक्तपुर नगरपालिका,10,3070210,32601
बागमती,भक्तपुर,मध्यपुर थिमी नगरपालिका,1,3070301,32603
बागमती,भक्तपुर,मध्यपुर थिमी नगरपालिका,2,3070302,32603
बागमती,भक्तपुर,मध्यपुर थिमी नगरपालिका,3,3070303,32603
बागमती,भक्तपुर,मध्यपुर थिमी नगरपालिका,4,3070304,32603
बागमती,भक्तपुर,मध्यपुर थिमी नगरपालिका,5,3070305,32603
बागमती,भक्तपुर,मध्यपुर थिमी नगरपालिका,6,3070306,32603
बागमती,भक्तपुर,मध्यपुर थिमी नगरपालिका,7,3070307,32603
बागमती,भक्तपुर,मध्यपुर थिमी नगरपालिका,8,3070308,32603
बागमती,भक्तपुर,मध्यपुर थिमी नगरपालिका,9,3070309,32603
बागमती,भक्तपुर,सूर्यविनायक नगरपालिका,1,3070401,32604
बागमती,भक्तपुर,सूर्यविनायक नगरपालिका,2,3070402,32604
बागमती,भक्तपुर,सूर्यविनायक नगरपालिका,3,3070403,32604
बागमती,भक्तपुर,सूर्यविनायक नगरपालिका,4,3070404,32604
बागमती,भक्तपुर,सूर्यविनायक नगरपालिका,5,3070405,32604
बागमती,भक्तपुर,सूर्यविनायक नगरपालिका,6,3070406,32604
बागमती,भक्तपुर,सूर्यविनायक नगरपालिका,7,3070407,32604
बागमती,भक्तपुर,सूर्यविनायक नगरपालिका,8,3070408,32604
बागमती,भक्तपुर,सूर्यविनायक नगरपालिका,9,3070409,32604
बागमती,भक्तपुर,सूर्यविनायक नगरपालिका,10,3070410,32604
बागमती,ललितपुर,महालक्ष्मी नगरपालिका,1,3080101,32505
बागमती,ललितपुर,महालक्ष्मी नगरपालिका,2,3080102,32505
बागमती,ललितपुर,महालक्ष्मी नगरपालिका,3,3080103,32505
बागमती,ललितपुर,महालक्ष्मी नगरपालिका,4,3080104,32505
बागमती,ललितपुर,महालक्ष्मी नगरपालिका,5,3080105,32505
बागमती,ललितपुर,महालक्ष्मी नगरपालिका,6,3080106,32505
बागमती,ललितपुर,महालक्ष्मी नगरपालिका,7,3080107,32505
बागमती,ललितपुर,महालक्ष्मी नगरपालिका,8,3080108,32505
बागमती,ललितपुर,महालक्ष्मी नगरपालिका,9,3080109,32505
बागमती,ललितपुर,महालक्ष्मी नगरपालिका,10,3080110,32505
बागमती,ललितपुर,ललितपुर महानगरपालिका,1,3080201,32504
बागमती,ललितपुर,ललितपुर महानगरपालिका,2,3080202,32504
बागमती,ललितपुर,ललितपुर महानगरपालिका,3,3080203,32504
बागमती,ललितपुर,ललितपुर महानगरपालिका,4,3080204,32504
बागमती,ललितपुर,ललितपुर महानगरपालिका,5,3080205,32504
बागमती,ललितपुर,ललितपुर महानगरपालिका,6,3080206,32504
बागमती,ललितपुर,ललितपुर महानगरपालिका,7,3080207,32504
बागमती,ललितपुर,ललितपुर महानगरपालिका,8,3080208,32504
बागमती,ललितपुर,ललितपुर महानगरपालिका,9,3080209,32504
बागमती,ललितपुर,ललितपुर महानगरपालिका,10,3080210,32504
बागमती,ललितपुर,ललितपुर महानगरपालिका,11,3080211,32504
बागमती,ललितपुर,ललितपुर महानगरपालिका,12,3080212,32504
बागमती,ललितपुर,ललितपुर महानगरपालिका,13,3080213,32504
बागमती,ललितपुर,ललितपुर महानगरपालिका,14,3080214,32504
बागमती,ललितपुर,ललितपुर महानगरपालिका,15,3080215,32504
बागमती,ललितपुर,ललितपुर महानगरपालिका,16,3080216,32504
बागमती,ललितपुर,ललितपुर महानगरपालिका,17,3080217,32504
बागमती,ललितपुर,ललितपुर महानगरपालिका,18,3080218,32504
बागमती,ललितपुर,ललितपुर महानगरपालिका,19,3080219,32504
बागमती,ललितपुर,ललितपुर महानगरपालिका,20,3080220,32504
बागमती,ललितपुर,ललितपुर महानगरपालिका,21,3080221,32504
बागमती,ललितपुर,ललितपुर महानगरपालिका,22,3080222,32504
बागमती,ललितपुर,ललितपुर महानगरपालिका,23,3080223,32504
बागमती,ललितपुर,ललितपुर महानगरपालिका,24,3080224,32504
बागमती,ललितपुर,ललितपुर महानगरपालिका,25,3080225,32504
बागमती,ललितपुर,ललितपुर महानगरपालिका,26,3080226,32504
बागमती,ललितपुर,ललितपुर महानगरपालिका,27,3080227,32504
बागमती,ललितपुर,ललितपुर महानगरपालिका,28,3080228,32504
बागमती,ललितपुर,ललितपुर महानगरपालिका,29,3080229,32504
बागमती,ललितपुर,गोदावरी नगरपालिका,1,3080301,32502
बागमती,ललितपुर,गोदावरी नगरपालिका,2,3080302,32502
बागमती,ललितपुर,गोदावरी नगरपालिका,3,3080303,32502
बागमती,ललितपुर,गोदावरी नगरपालिका,4,3080304,32502
बागमती,ललितपुर,गोदावरी नगरपालिका,5,3080305,32502
बागमती,ललितपुर,गोदावरी नगरपालिका,6,3080306,32502
बागमती,ललितपुर,गोदावरी नगरपालिका,7,3080307,32502
बागमती,ललितपुर,गोदावरी नगरपालिका,8,3080308,32502
बागमती,ललितपुर,गोदावरी नगरपालिका,9,3080309,32502
बागमती,ललितपुर,गोदावरी नगरपालिका,10,3080310,32502
बागमती,ललितपुर,गोदावरी नगरपालिका,11,3080311,32502
बागमती,ललितपुर,गोदावरी नगरपालिका,12,3080312,32502
बागमती,ललितपुर,गोदावरी नगरपालिका,13,3080313,32502
बागमती,ललितपुर,गोदावरी नगरपालिका,14,3080314,32502
बागमती,ललितपुर,कोन्ज्योसोम गाउँपालिका,1,3080401,32503
बागमती,ललितपुर,कोन्ज्योसोम गाउँपालिका,2,3080402,32503
बागमती,ललितपुर,कोन्ज्योसोम गाउँपालिका,3,3080403,32503
बागमती,ललितपुर,कोन्ज्योसोम गाउँपालिका,4,3080404,32503
बागमती,ललितपुर,कोन्ज्योसोम गाउँपालिका,5,3080405,32503
बागमती,ललितपुर,महाङ्काल गाउँपालिका,1,3080501,32506
बागमती,ललितपुर,महाङ्काल गाउँपालिका,2,3080502,32506
बागमती,ललितपुर,महाङ्काल गाउँपालिका,3,3080503,32506
बागमती,ललितपुर,महाङ्काल गाउँपालिका,4,3080504,32506
बागमती,ललितपुर,महाङ्काल गाउँपालिका,5,3080505,32506
बागमती,ललितपुर,महाङ्काल गाउँपालिका,6,3080506,32506
बागमती,ललितपुर,बाग्मती गाउँपालिका,1,3080601,32501
बागमती,ललितपुर,बाग्मती गाउँपालिका,2,3080602,32501
बागमती,ललितपुर,बाग्मती गाउँपालिका,3,3080603,32501
बागमती,ललितपुर,बाग्मती गाउँपालिका,4,3080604,32501
बागमती,ललितपुर,बाग्मती गाउँपालिका,5,3080605,32501
बागमती,ललितपुर,बाग्मती गाउँपालिका,6,3080606,32501
बागमती,ललितपुर,बाग्मती गाउँपालिका,7,3080607,32501
बागमती,काभ्रेपलाञ्चोक,चौरीदेउराली गाउँपालिका,1,3090101,32404
बागमती,काभ्रेपलाञ्चोक,चौरीदेउराली गाउँपालिका,2,3090102,32404
बागमती,काभ्रेपलाञ्चोक,चौरीदेउराली गाउँपालिका,3,3090103,32404
बागमती,काभ्रेपलाञ्चोक,चौरीदेउराली गाउँपालिका,4,3090104,32404
बागमती,काभ्रेपलाञ्चोक,चौरीदेउराली गाउँपालिका,5,3090105,32404
बागमती,काभ्रेपलाञ्चोक,चौरीदेउराली गाउँपालिका,6,3090106,32404
बागमती,काभ्रेपलाञ्चोक,चौरीदेउराली गाउँपालिका,7,3090107,32404
बागमती,काभ्रेपलाञ्चोक,चौरीदेउराली गाउँपालिका,8,3090108,32404
बागमती,काभ्रेपलाञ्चोक,चौरीदेउराली गाउँपालिका,9,3090109,32404
बागमती,काभ्रेपलाञ्चोक,भुम्लु गाउँपालिका,1,3090201,32403
बागमती,काभ्रेपलाञ्चोक,भुम्लु गाउँपालिका,2,3090202,32403
बागमती,काभ्रेपलाञ्चोक,भुम्लु गाउँपालिका,3,3090203,32403
बागमती,काभ्रेपलाञ्चोक,भुम्लु गाउँपालिका,4,3090204,32403
बागमती,काभ्रेपलाञ्चोक,भुम्लु गाउँपालिका,5,3090205,32403
बागमती,काभ्रेपलाञ्चोक,भुम्लु गाउँपालिका,6,3090206,32403
बागमती,काभ्रेपलाञ्चोक,भुम्लु गाउँपालिका,7,3090207,32403
बागमती,काभ्रेपलाञ्चोक,भुम्लु गाउँपालिका,8,3090208,32403
बागमती,काभ्रेपलाञ्चोक,भुम्लु गाउँपालिका,9,3090209,32403
बागमती,काभ्रेपलाञ्चोक,भुम्लु गाउँपालिका,10,3090210,32403
बागमती,काभ्रेपलाञ्चोक,मण्डन देउपुर नगरपालिका,1,3090301,32408
बागमती,काभ्रेपलाञ्चोक,मण्डन देउपुर नगरपालिका,2,3090302,32408
बागमती,काभ्रेपलाञ्चोक,मण्डन देउपुर नगरपालिका,3,3090303,32408
बागमती,काभ्रेपलाञ्चोक,मण्डन देउपुर नगरपालिका,4,3090304,32408
बागमती,काभ्रेपलाञ्चोक,मण्डन देउपुर नगरपालिका,5,3090305,32408
बागमती,काभ्रेपलाञ्चोक,मण्डन देउपुर नगरपालिका,6,3090306,32408
बागमती,काभ्रेपलाञ्चोक,मण्डन देउपुर नगरपालिका,7,3090307,32408
बागमती,काभ्रेपलाञ्चोक,मण्डन देउपुर नगरपालिका,8,3090308,32408
बागमती,काभ्रेपलाञ्चोक,मण्डन देउपुर नगरपालिका,9,3090309,32408
बागमती,काभ्रेपलाञ्चोक,मण्डन देउपुर नगरपालिका,10,3090310,32408
बागमती,काभ्रेपलाञ्चोक,मण्डन देउपुर नगरपालिका,11,3090311,32408
बागमती,काभ्रेपलाञ्चोक,मण्डन देउपुर नगरपालिका,12,3090312,32408
बागमती,काभ्रेपलाञ्चोक,बनेपा नगरपालिका,1,3090401,32401
बागमती,काभ्रेपलाञ्चोक,बनेपा नगरपालिका,2,3090402,32401
बागमती,काभ्रेपलाञ्चोक,बनेपा नगरपालिका,3,3090403,32401
बागमती,काभ्रेपलाञ्चोक,बनेपा नगरपालिका,4,3090404,32401
बागमती,काभ्रेपलाञ्चोक,बनेपा नगरपालिका,5,3090405,32401
बागमती,काभ्रेपलाञ्चोक,बनेपा नगरपालिका,6,3090406,32401
बागमती,काभ्रेपलाञ्चोक,बनेपा नगरपालिका,7,3090407,32401
बागमती,काभ्रेपलाञ्चोक,बनेपा नगरपालिका,8,3090408,32401
बागमती,काभ्रेपलाञ्चोक,बनेपा नगरपालिका,9,3090409,32401
बागमती,काभ्रेपलाञ्चोक,बनेपा नगरपालिका,10,3090410,32401
बागमती,काभ्रेपलाञ्चोक,बनेपा नगरपालिका,11,3090411,32401
बागमती,काभ्रेपलाञ्चोक,बनेपा नगरपालिका,12,3090412,32401
बागमती,काभ्रेपलाञ्चोक,बनेपा नगरपालिका,13,3090413,32401
बागमती,काभ्रेपलाञ्चोक,बनेपा नगरपालिका,14,3090414,32401
बागमती,काभ्रेपलाञ्चोक,धुलिखेल नगरपालिका,1,3090501,32405
बागमती,काभ्रेपलाञ्चोक,धुलिखेल नगरपालिका,2,3090502,32405
बागमती,काभ्रेपलाञ्चोक,धुलिखेल नगरपालिका,3,3090503,32405
बागमती,काभ्रेपलाञ्चोक,धुलिखेल नगरपालिका,4,3090504,32405
बागमती,काभ्रेपलाञ्चोक,धुलिखेल नगरपालिका,5,3090505,32405
बागमती,काभ्रेपलाञ्चोक,धुलिखेल नगरपालिका,6,3090506,32405
बागमती,काभ्रेपलाञ्चोक,धुलिखेल नगरपालिका,7,3090507,32405
बागमती,काभ्रेपलाञ्चोक,धुलिखेल नगरपालिका,8,3090508,32405
बागमती,काभ्रेपलाञ्चोक,धुलिखेल नगरपालिका,9,3090509,32405
बागमती,काभ्रेपलाञ्चोक,धुलिखेल नगरपालिका,10,3090510,32405
बागमती,काभ्रेपलाञ्चोक,धुलिखेल नगरपालिका,11,3090511,32405
बागमती,काभ्रेपलाञ्चोक,धुलिखेल नगरपालिका,12,3090512,32405
बागमती,काभ्रेपलाञ्चोक,पाँचखाल नगरपालिका,1,3090601,32411
बागमती,काभ्रेपलाञ्चोक,पाँचखाल नगरपालिका,2,3090602,32411
बागमती,काभ्रेपलाञ्चोक,पाँचखाल नगरपालिका,3,3090603,32411
बागमती,काभ्रेपलाञ्चोक,पाँचखाल नगरपालिका,4,3090604,32411
बागमती,काभ्रेपलाञ्चोक,पाँचखाल नगरपालिका,5,3090605,32411
बागमती,काभ्रेपलाञ्चोक,पाँचखाल नगरपालिका,6,3090606,32411
बागमती,काभ्रेपलाञ्चोक,पाँचखाल नगरपालिका,7,3090607,32411
बागमती,काभ्रेपलाञ्चोक,पाँचखाल नगरपालिका,8,3090608,32411
बागमती,काभ्रेपलाञ्चोक,पाँचखाल नगरपालिका,9,3090609,32411
बागमती,काभ्रेपलाञ्चोक,पाँचखाल नगरपालिका,10,3090610,32411
बागमती,काभ्रेपलाञ्चोक,पाँचखाल नगरपालिका,11,3090611,32411
बागमती,काभ्रेपलाञ्चोक,पाँचखाल नगरपालिका,12,3090612,32411
बागमती,काभ्रेपलाञ्चोक,पाँचखाल नगरपालिका,13,3090613,32411
बागमती,काभ्रेपलाञ्चोक,तेमाल गाउँपालिका,1,3090701,32413
बागमती,काभ्रेपलाञ्चोक,तेमाल गाउँपालिका,2,3090702,32413
बागमती,काभ्रेपलाञ्चोक,तेमाल गाउँपालिका,3,3090703,32413
बागमती,काभ्रेपलाञ्चोक,तेमाल गाउँपालिका,4,3090704,32413
बागमती,काभ्रेपलाञ्चोक,तेमाल गाउँपालिका,5,3090705,32413
बागमती,काभ्रेपलाञ्चोक,तेमाल गाउँपालिका,6,3090706,32413
बागमती,काभ्रेपलाञ्चोक,तेमाल गाउँपालिका,7,3090707,32413
बागमती,काभ्रेपलाञ्चोक,तेमाल गाउँपालिका,8,3090708,32413
बागमती,काभ्रेपलाञ्चोक,तेमाल गाउँपालिका,9,3090709,32413
बागमती,काभ्रेपलाञ्चोक,नमोबुद्ध नगरपालिका,1,3090801,32409
बागमती,काभ्रेपलाञ्चोक,नमोबुद्ध नगरपालिका,2,3090802,32409
बागमती,काभ्रेपलाञ्चोक,नमोबुद्ध नगरपालिका,3,3090803,32409
बागमती,काभ्रेपलाञ्चोक,नमोबुद्ध नगरपालिका,4,3090804,32409
बागमती,काभ्रेपलाञ्चोक,नमोबुद्ध नगरपालिका,5,3090805,32409
बागमती,काभ्रेपलाञ्चोक,नमोबुद्ध नगरपालिका,6,3090806,32409
बागमती,काभ्रेपलाञ्चोक,नमोबुद्ध नगरपालिका,7,3090807,32409
बागमती,काभ्रेपलाञ्चोक,नमोबुद्ध नगरपालिका,8,3090808,32409
बागमती,काभ्रेपलाञ्चोक,नमोबुद्ध नगरपालिका,9,3090809,32409
बागमती,काभ्रेपलाञ्चोक,नमोबुद्ध नगरपालिका,10,3090810,32409
बागमती,काभ्रेपलाञ्चोक,नमोबुद्ध नगरपालिका,11,3090811,32409
बागमती,काभ्रेपलाञ्चोक,पनौती नगरपालिका,1,3090901,32410
बागमती,काभ्रेपलाञ्चोक,पनौती नगरपालिका,2,3090902,32410
बागमती,काभ्रेपलाञ्चोक,पनौती नगरपालिका,3,3090903,32410
बागमती,काभ्रेपलाञ्चोक,पनौती नगरपालिका,4,3090904,32410
बागमती,काभ्रेपलाञ्चोक,पनौती नगरपालिका,5,3090905,32410
बागमती,काभ्रेपलाञ्चोक,पनौती नगरपालिका,6,3090906,32410
बागमती,काभ्रेपलाञ्चोक,पनौती नगरपालिका,7,3090907,32410
बागमती,काभ्रेपलाञ्चोक,पनौती नगरपालिका,8,3090908,32410
बागमती,काभ्रेपलाञ्चोक,पनौती नगरपालिका,9,3090909,32410
बागमती,काभ्रेपलाञ्चोक,पनौती नगरपालिका,10,3090910,32410
बागमती,काभ्रेपलाञ्चोक,पनौती नगरपालिका,11,3090911,32410
बागमती,काभ्रेपलाञ्चोक,पनौती नगरपालिका,12,3090912,32410
बागमती,काभ्रेपलाञ्चोक,बेथानचोक गाउँपालिका,1,3091001,32402
बागमती,काभ्रेपलाञ्चोक,बेथानचोक गाउँपालिका,2,3091002,32402
बागमती,काभ्रेपलाञ्चोक,बेथानचोक गाउँपालिका,3,3091003,32402
बागमती,काभ्रेपलाञ्चोक,बेथानचोक गाउँपालिका,4,3091004,32402
बागमती,काभ्रेपलाञ्चोक,बेथानचोक गाउँपालिका,5,3091005,32402
बागमती,काभ्रेपलाञ्चोक,बेथानचोक गाउँपालिका,6,3091006,32402
बागमती,काभ्रेपलाञ्चोक,रोशी गाउँपालिका,1,3091101,32412
बागमती,काभ्रेपलाञ्चोक,रोशी गाउँपालिका,2,3091102,32412
बागमती,काभ्रेपलाञ्चोक,रोशी गाउँपालिका,3,3091103,32412
बागमती,काभ्रेपलाञ्चोक,रोशी गाउँपालिका,4,3091104,32412
बागमती,काभ्रेपलाञ्चोक,रोशी गाउँपालिका,5,3091105,32412
बागमती,काभ्रेपलाञ्चोक,रोशी गाउँपालिका,6,3091106,32412
बागमती,काभ्रेपलाञ्चोक,रोशी गाउँपालिका,7,3091107,32412
बागमती,काभ्रेपलाञ्चोक,रोशी गाउँपालिका,8,3091108,32412
बागमती,काभ्रेपलाञ्चोक,रोशी गाउँपालिका,9,3091109,32412
बागमती,काभ्रेपलाञ्चोक,रोशी गाउँपालिका,10,3091110,32412
बागमती,काभ्रेपलाञ्चोक,रोशी गाउँपालिका,11,3091111,32412
बागमती,काभ्रेपलाञ्चोक,रोशी गाउँपालिका,12,3091112,32412
बागमती,काभ्रेपलाञ्चोक,महाभारत गाउँपालिका,1,3091201,32407
बागमती,काभ्रेपलाञ्चोक,महाभारत गाउँपालिका,2,3091202,32407
बागमती,काभ्रेपलाञ्चोक,महाभारत गाउँपालिका,3,3091203,32407
बागमती,काभ्रेपलाञ्चोक,महाभारत गाउँपालिका,4,3091204,32407
बागमती,काभ्रेपलाञ्चोक,महाभारत गाउँपालिका,5,3091205,32407
बागमती,काभ्रेपलाञ्चोक,महाभारत गाउँपालिका,6,3091206,32407
बागमती,काभ्रेपलाञ्चोक,महाभारत गाउँपालिका,7,3091207,32407
बागमती,काभ्रेपलाञ्चोक,महाभारत गाउँपालिका,8,3091208,32407
बागमती,काभ्रेपलाञ्चोक,खानीखोला गाउँपालिका,1,3091301,32406
बागमती,काभ्रेपलाञ्चोक,खानीखोला गाउँपालिका,2,3091302,32406
बागमती,काभ्रेपलाञ्चोक,खानीखोला गाउँपालिका,3,3091303,32406
बागमती,काभ्रेपलाञ्चोक,खानीखोला गाउँपालिका,4,3091304,32406
बागमती,काभ्रेपलाञ्चोक,खानीखोला गाउँपालिका,5,3091305,32406
बागमती,काभ्रेपलाञ्चोक,खानीखोला गाउँपालिका,6,3091306,32406
बागमती,काभ्रेपलाञ्चोक,खानीखोला गाउँपालिका,7,3091307,32406
बागमती,रामेछाप,उमाकुण्ड गाउँपालिका,1,3100101,32108
बागमती,रामेछाप,उमाकुण्ड गाउँपालिका,2,3100102,32108
बागमती,रामेछाप,उमाकुण्ड गाउँपालिका,3,3100103,32108
बागमती,रामेछाप,उमाकुण्ड गाउँपालिका,4,3100104,32108
बागमती,रामेछाप,उमाकुण्ड गाउँपालिका,5,3100105,32108
बागमती,रामेछाप,उमाकुण्ड गाउँपालिका,6,3100106,32108
बागमती,रामेछाप,उमाकुण्ड गाउँपालिका,7,3100107,32108
बागमती,रामेछाप,गोकुलगङ्गा गाउँपालिका,1,3100201,32102
बागमती,रामेछाप,गोकुलगङ्गा गाउँपालिका,2,3100202,32102
बागमती,रामेछाप,गोकुलगङ्गा गाउँपालिका,3,3100203,32102
बागमती,रामेछाप,गोकुलगङ्गा गाउँपालिका,4,3100204,32102
बागमती,रामेछाप,गोकुलगङ्गा गाउँपालिका,5,3100205,32102
बागमती,रामेछाप,गोकुलगङ्गा गाउँपालिका,6,3100206,32102
बागमती,रामेछाप,लिखु तामाकोसी गाउँपालिका,1,3100301,32104
बागमती,रामेछाप,लिखु तामाकोसी गाउँपालिका,2,3100302,32104
बागमती,रामेछाप,लिखु तामाकोसी गाउँपालिका,3,3100303,32104
बागमती,रामेछाप,लिखु तामाकोसी गाउँपालिका,4,3100304,32104
बागमती,रामेछाप,लिखु तामाकोसी गाउँपालिका,5,3100305,32104
बागमती,रामेछाप,लिखु तामाकोसी गाउँपालिका,6,3100306,32104
बागमती,रामेछाप,लिखु तामाकोसी गाउँपालिका,7,3100307,32104
बागमती,रामेछाप,रामेछाप नगरपालिका,1,3100401,32106
बागमती,रामेछाप,रामेछाप नगरपालिका,2,3100402,32106
बागमती,रामेछाप,रामेछाप नगरपालिका,3,3100403,32106
बागमती,रामेछाप,रामेछाप नगरपालिका,4,3100404,32106
बागमती,रामेछाप,रामेछाप नगरपालिका,5,3100405,32106
बागमती,रामेछाप,रामेछाप नगरपालिका,6,3100406,32106
बागमती,रामेछाप,रामेछाप नगरपालिका,7,3100407,32106
बागमती,रामेछाप,रामेछाप नगरपालिका,8,3100408,32106
बागमती,रामेछाप,रामेछाप नगरपालिका,9,3100409,32106
बागमती,रामेछाप,मन्थली नगरपालिका,1,3100501,32105
बागमती,रामेछाप,मन्थली नगरपालिका,2,3100502,32105
बागमती,रामेछाप,मन्थली नगरपालिका,3,3100503,32105
बागमती,रामेछाप,मन्थली नगरपालिका,4,3100504,32105
बागमती,रामेछाप,मन्थली नगरपालिका,5,3100505,32105
बागमती,रामेछाप,मन्थली नगरपालिका,6,3100506,32105
बागमती,रामेछाप,मन्थली नगरपालिका,7,3100507,32105
बागमती,रामेछाप,मन्थली नगरपालिका,8,3100508,32105
बागमती,रामेछाप,मन्थली नगरपालिका,9,3100509,32105
बागमती,रामेछाप,मन्थली नगरपालिका,10,3100510,32105
बागमती,रामेछाप,मन्थली नगरपालिका,11,3100511,32105
बागमती,रामेछाप,मन्थली नगरपालिका,12,3100512,32105
बागमती,रामेछाप,मन्थली नगरपालिका,13,3100513,32105
बागमती,रामेछाप,मन्थली नगरपालिका,14,3100514,32105
बागमती,रामेछाप,खाँडादेवी गाउँपालिका,1,3100601,32103
बागमती,रामेछाप,खाँडादेवी गाउँपालिका,2,3100602,32103
बागमती,रामेछाप,खाँडादेवी गाउँपालिका,3,3100603,32103
बागमती,रामेछाप,खाँडादेवी गाउँपालिका,4,3100604,32103
बागमती,रामेछाप,खाँडादेवी गाउँपालिका,5,3100605,32103
बागमती,रामेछाप,खाँडादेवी गाउँपालिका,6,3100606,32103
बागमती,रामेछाप,खाँडादेवी गाउँपालिका,7,3100607,32103
बागमती,रामेछाप,खाँडादेवी गाउँपालिका,8,3100608,32103
बागमती,रामेछाप,खाँडादेवी गाउँपालिका,9,3100609,32103
बागमती,रामेछाप,दोरम्बा गाउँपालिका,1,3100701,32101
बागमती,रामेछाप,दोरम्बा गाउँपालिका,2,3100702,32101
बागमती,रामेछाप,दोरम्बा गाउँपालिका,3,3100703,32101
बागमती,रामेछाप,दोरम्बा गाउँपालिका,4,3100704,32101
बागमती,रामेछाप,दोरम्बा गाउँपालिका,5,3100705,32101
बागमती,रामेछाप,दोरम्बा गाउँपालिका,6,3100706,32101
बागमती,रामेछाप,दोरम्बा गाउँपालिका,7,3100707,32101
बागमती,रामेछाप,सुनापती गाउँपालिका,1,3100801,32107
बागमती,रामेछाप,सुनापती गाउँपालिका,2,3100802,32107
बागमती,रामेछाप,सुनापती गाउँपालिका,3,3100803,32107
बागमती,रामेछाप,सुनापती गाउँपालिका,4,3100804,32107
बागमती,रामेछाप,सुनापती गाउँपालिका,5,3100805,32107
बागमती,सिन्धुली,दुधौली नगरपालिका,1,3110101,32001
बागमती,सिन्धुली,दुधौली नगरपालिका,2,3110102,32001
बागमती,सिन्धुली,दुधौली नगरपालिका,3,3110103,32001
बागमती,सिन्धुली,दुधौली नगरपालिका,4,3110104,32001
बागमती,सिन्धुली,दुधौली नगरपालिका,5,3110105,32001
बागमती,सिन्धुली,दुधौली नगरपालिका,6,3110106,32001
बागमती,सिन्धुली,दुधौली नगरपालिका,7,3110107,32001
बागमती,सिन्धुली,दुधौली नगरपालिका,8,3110108,32001
बागमती,सिन्धुली,दुधौली नगरपालिका,9,3110109,32001
बागमती,सिन्धुली,दुधौली नगरपालिका,10,3110110,32001
बागमती,सिन्धुली,दुधौली नगरपालिका,11,3110111,32001
बागमती,सिन्धुली,दुधौली नगरपालिका,12,3110112,32001
बागमती,सिन्धुली,दुधौली नगरपालिका,13,3110113,32001
बागमती,सिन्धुली,दुधौली नगरपालिका,14,3110114,32001
बागमती,सिन्धुली,फिक्कल गाउँपालिका,1,3110201,32007
बागमती,सिन्धुली,फिक्कल गाउँपालिका,2,3110202,32007
बागमती,सिन्धुली,फिक्कल गाउँपालिका,3,3110203,32007
बागमती,सिन्धुली,फिक्कल गाउँपालिका,4,3110204,32007
बागमती,सिन्धुली,फिक्कल गाउँपालिका,5,3110205,32007
बागमती,सिन्धुली,फिक्कल गाउँपालिका,6,3110206,32007
बागमती,सिन्धुली,तीनपाटन गाउँपालिका,1,3110301,32009
बागमती,सिन्धुली,तीनपाटन गाउँपालिका,2,3110302,32009
बागमती,सिन्धुली,तीनपाटन गाउँपालिका,3,3110303,32009
बागमती,सिन्धुली,तीनपाटन गाउँपालिका,4,3110304,32009
बागमती,सिन्धुली,तीनपाटन गाउँपालिका,5,3110305,32009
बागमती,सिन्धुली,तीनपाटन गाउँपालिका,6,3110306,32009
बागमती,सिन्धुली,तीनपाटन गाउँपालिका,7,3110307,32009
बागमती,सिन्धुली,तीनपाटन गाउँपालिका,8,3110308,32009
बागमती,सिन्धुली,तीनपाटन गाउँपालिका,9,3110309,32009
बागमती,सिन्धुली,तीनपाटन गाउँपालिका,10,3110310,32009
बागमती,सिन्धुली,तीनपाटन गाउँपालिका,11,3110311,32009
बागमती,सिन्धुली,गोलन्जोर गाउँपालिका,1,3110401,32003
बागमती,सिन्धुली,गोलन्जोर गाउँपालिका,2,3110402,32003
बागमती,सिन्धुली,गोलन्जोर गाउँपालिका,3,3110403,32003
बागमती,सिन्धुली,गोलन्जोर गाउँपालिका,4,3110404,32003
बागमती,सिन्धुली,गोलन्जोर गाउँपालिका,5,3110405,32003
बागमती,सिन्धुली,गोलन्जोर गाउँपालिका,6,3110406,32003
बागमती,सिन्धुली,गोलन्जोर गाउँपालिका,7,3110407,32003
बागमती,सिन्धुली,कमलामाई नगरपालिका,1,3110501,32005
बागमती,सिन्धुली,कमलामाई नगरपालिका,2,3110502,32005
बागमती,सिन्धुली,कमलामाई नगरपालिका,3,3110503,32005
बागमती,सिन्धुली,कमलामाई नगरपालिका,4,3110504,32005
बागमती,सिन्धुली,कमलामाई नगरपालिका,5,3110505,32005
बागमती,सिन्धुली,कमलामाई नगरपालिका,6,3110506,32005
बागमती,सिन्धुली,कमलामाई नगरपालिका,7,3110507,32005
बागमती,सिन्धुली,कमलामाई नगरपालिका,8,3110508,32005
बागमती,सिन्धुली,कमलामाई नगरपालिका,9,3110509,32005
बागमती,सिन्धुली,कमलामाई नगरपालिका,10,3110510,32005
बागमती,सिन्धुली,कमलामाई नगरपालिका,11,3110511,32005
बागमती,सिन्धुली,कमलामाई नगरपालिका,12,3110512,32005
बागमती,सिन्धुली,कमलामाई नगरपालिका,13,3110513,32005
बागमती,सिन्धुली,कमलामाई नगरपालिका,14,3110514,32005
बागमती,सिन्धुली,सुनकोशी गाउँपालिका,1,3110601,32008
बागमती,सिन्धुली,सुनकोशी गाउँपालिका,2,3110602,32008
बागमती,सिन्धुली,सुनकोशी गाउँपालिका,3,3110603,32008
बागमती,सिन्धुली,सुनकोशी गाउँपालिका,4,3110604,32008
बागमती,सिन्धुली,सुनकोशी गाउँपालिका,5,3110605,32008
बागमती,सिन्धुली,सुनकोशी गाउँपालिका,6,3110606,32008
बागमती,सिन्धुली,सुनकोशी गाउँपालिका,7,3110607,32008
बागमती,सिन्धुली,ध्याङलेख गाउँपालिका,1,3110701,32002
बागमती,सिन्धुली,ध्याङलेख गाउँपालिका,2,3110702,32002
बागमती,सिन्धुली,ध्याङलेख गाउँपालिका,3,3110703,32002
बागमती,सिन्धुली,ध्याङलेख गाउँपालिका,4,3110704,32002
बागमती,सिन्धुली,ध्याङलेख गाउँपालिका,5,3110705,32002
बागमती,सिन्धुली,मरिण गाउँपालिका,1,3110801,32006
बागमती,सिन्धुली,मरिण गाउँपालिका,2,3110802,32006
बागमती,सिन्धुली,मरिण गाउँपालिका,3,3110803,32006
बागमती,सिन्धुली,मरिण गाउँपालिका,4,3110804,32006
बागमती,सिन्धुली,मरिण गाउँपालिका,5,3110805,32006
बागमती,सिन्धुली,मरिण गाउँपालिका,6,3110806,32006
बागमती,सिन्धुली,मरिण गाउँपालिका,7,3110807,32006
बागमती,सिन्धुली,हरिहरपुरगढी गाउँपालिका,1,3110901,32004
बागमती,सिन्धुली,हरिहरपुरगढी गाउँपालिका,2,3110902,32004
बागमती,सिन्धुली,हरिहरपुरगढी गाउँपालिका,3,3110903,32004
बागमती,सिन्धुली,हरिहरपुरगढी गाउँपालिका,4,3110904,32004
बागमती,सिन्धुली,हरिहरपुरगढी गाउँपालिका,5,3110905,32004
बागमती,सिन्धुली,हरिहरपुरगढी गाउँपालिका,6,3110906,32004
बागमती,सिन्धुली,हरिहरपुरगढी गाउँपालिका,7,3110907,32004
बागमती,सिन्धुली,हरिहरपुरगढी गाउँपालिका,8,3110908,32004
बागमती,मकवानपुर,ईन्द्रसरोवर गाउँपालिका,1,3120101,33105
बागमती,मकवानपुर,ईन्द्रसरोवर गाउँपालिका,2,3120102,33105
बागमती,मकवानपुर,ईन्द्रसरोवर गाउँपालिका,3,3120103,33105
बागमती,मकवानपुर,ईन्द्रसरोवर गाउँपालिका,4,3120104,33105
बागमती,मकवानपुर,ईन्द्रसरोवर गाउँपालिका,5,3120105,33105
बागमती,मकवानपुर,थाहा नगरपालिका,1,3120201,33110
बागमती,मकवानपुर,थाहा नगरपालिका,2,3120202,33110
बागमती,मकवानपुर,थाहा नगरपालिका,3,3120203,33110
बागमती,मकवानपुर,थाहा नगरपालिका,4,3120204,33110
बागमती,मकवानपुर,थाहा नगरपालिका,5,3120205,33110
बागमती,मकवानपुर,थाहा नगरपालिका,6,3120206,33110
बागमती,मकवानपुर,थाहा नगरपालिका,7,3120207,33110
बागमती,मकवानपुर,थाहा नगरपालिका,8,3120208,33110
बागमती,मकवानपुर,थाहा नगरपालिका,9,3120209,33110
बागमती,मकवानपुर,थाहा नगरपालिका,10,3120210,33110
बागमती,मकवानपुर,थाहा नगरपालिका,11,3120211,33110
बागमती,मकवानपुर,थाहा नगरपालिका,12,3120212,33110
बागमती,मकवानपुर,कैलाश गाउँपालिका,1,3120301,33106
बागमती,मकवानपुर,कैलाश गाउँपालिका,2,3120302,33106
बागमती,मकवानपुर,कैलाश गाउँपालिका,3,3120303,33106
बागमती,मकवानपुर,कैलाश गाउँपालिका,4,3120304,33106
बागमती,मकवानपुर,कैलाश गाउँपालिका,5,3120305,33106
बागमती,मकवानपुर,कैलाश गाउँपालिका,6,3120306,33106
बागमती,मकवानपुर,कैलाश गाउँपालिका,7,3120307,33106
बागमती,मकवानपुर,कैलाश गाउँपालिका,8,3120308,33106
बागमती,मकवानपुर,कैलाश गाउँपालिका,9,3120309,33106
बागमती,मकवानपुर,कैलाश गाउँपालिका,10,3120310,33106
बागमती,मकवानपुर,राक्सिराङ्ग गाउँपालिका,1,3120401,33109
बागमती,मकवानपुर,राक्सिराङ्ग गाउँपालिका,2,3120402,33109
बागमती,मकवानपुर,राक्सिराङ्ग गाउँपालिका,3,3120403,33109
बागमती,मकवानपुर,राक्सिराङ्ग गाउँपालिका,4,3120404,33109
बागमती,मकवानपुर,राक्सिराङ्ग गाउँपालिका,5,3120405,33109
बागमती,मकवानपुर,राक्सिराङ्ग गाउँपालिका,6,3120406,33109
बागमती,मकवानपुर,राक्सिराङ्ग गाउँपालिका,7,3120407,33109
बागमती,मकवानपुर,राक्सिराङ्ग गाउँपालिका,8,3120408,33109
बागमती,मकवानपुर,राक्सिराङ्ग गाउँपालिका,9,3120409,33109
बागमती,मकवानपुर,मनहरी गाउँपालिका,1,3120501,33108
बागमती,मकवानपुर,मनहरी गाउँपालिका,2,3120502,33108
बागमती,मकवानपुर,मनहरी गाउँपालिका,3,3120503,33108
बागमती,मकवानपुर,मनहरी गाउँपालिका,4,3120504,33108
बागमती,मकवानपुर,मनहरी गाउँपालिका,5,3120505,33108
बागमती,मकवानपुर,मनहरी गाउँपालिका,6,3120506,33108
बागमती,मकवानपुर,मनहरी गाउँपालिका,7,3120507,33108
बागमती,मकवानपुर,मनहरी गाउँपालिका,8,3120508,33108
बागमती,मकवानपुर,मनहरी गाउँपालिका,9,3120509,33108
बागमती,मकवानपुर,हेटौडा उपमहानगरपालिका,1,3120601,33104
बागमती,मकवानपुर,हेटौडा उपमहानगरपालिका,2,3120602,33104
बागमती,मकवानपुर,हेटौडा उपमहानगरपालिका,3,3120603,33104
बागमती,मकवानपुर,हेटौडा उपमहानगरपालिका,4,3120604,33104
बागमती,मकवानपुर,हेटौडा उपमहानगरपालिका,5,3120605,33104
बागमती,मकवानपुर,हेटौडा उपमहानगरपालिका,6,3120606,33104
बागमती,मकवानपुर,हेटौडा उपमहानगरपालिका,7,3120607,33104
बागमती,मकवानपुर,हेटौडा उपमहानगरपालिका,8,3120608,33104
बागमती,मकवानपुर,हेटौडा उपमहानगरपालिका,9,3120609,33104
बागमती,मकवानपुर,हेटौडा उपमहानगरपालिका,10,3120610,33104
बागमती,मकवानपुर,हेटौडा उपमहानगरपालिका,11,3120611,33104
बागमती,मकवानपुर,हेटौडा उपमहानगरपालिका,12,3120612,33104
बागमती,मकवानपुर,हेटौडा उपमहानगरपालिका,13,3120613,33104
बागमती,मकवानपुर,हेटौडा उपमहानगरपालिका,14,3120614,33104
बागमती,मकवानपुर,हेटौडा उपमहानगरपालिका,15,3120615,33104
बागमती,मकवानपुर,हेटौडा उपमहानगरपालिका,16,3120616,33104
बागमती,मकवानपुर,हेटौडा उपमहानगरपालिका,17,3120617,33104
बागमती,मकवानपुर,हेटौडा उपमहानगरपालिका,18,3120618,33104
बागमती,मकवानपुर,हेटौडा उपमहानगरपालिका,19,3120619,33104
बागमती,मकवानपुर,भिमफेदी गाउँपालिका,1,3120701,33103
बागमती,मकवानपुर,भिमफेदी गाउँपालिका,2,3120702,33103
बागमती,मकवानपुर,भिमफेदी गाउँपालिका,3,3120703,33103
बागमती,मकवानपुर,भिमफेदी गाउँपालिका,4,3120704,33103
बागमती,मकवानपुर,भिमफेदी गाउँपालिका,5,3120705,33103
बागमती,मकवानपुर,भिमफेदी गाउँपालिका,6,3120706,33103
बागमती,मकवानपुर,भिमफेदी गाउँपालिका,7,3120707,33103
बागमती,मकवानपुर,भिमफेदी गाउँपालिका,8,3120708,33103
बागमती,मकवानपुर,भिमफेदी गाउँपालिका,9,3120709,33103
बागमती,मकवानपुर,मकवानपुरगढी गाउँपालिका,1,3120801,33107
बागमती,मकवानपुर,मकवानपुरगढी गाउँपालिका,2,3120802,33107
बागमती,मकवानपुर,मकवानपुरगढी गाउँपालिका,3,3120803,33107
बागमती,मकवानपुर,मकवानपुरगढी गाउँपालिका,4,3120804,33107
बागमती,मकवानपुर,मकवानपुरगढी गाउँपालिका,5,3120805,33107
बागमती,मकवानपुर,मकवानपुरगढी गाउँपालिका,6,3120806,33107
बागमती,मकवानपुर,मकवानपुरगढी गाउँपालिका,7,3120807,33107
बागमती,मकवानपुर,मकवानपुरगढी गाउँपालिका,8,3120808,33107
बागमती,मकवानपुर,बकैया गाउँपालिका,1,3120901,33102
बागमती,मकवानपुर,बकैया गाउँपालिका,2,3120902,33102
बागमती,मकवानपुर,बकैया गाउँपालिका,3,3120903,33102
बागमती,मकवानपुर,बकैया गाउँपालिका,4,3120904,33102
बागमती,मकवानपुर,बकैया गाउँपालिका,5,3120905,33102
बागमती,मकवानपुर,बकैया गाउँपालिका,6,3120906,33102
बागमती,मकवानपुर,बकैया गाउँपालिका,7,3120907,33102
बागमती,मकवानपुर,बकैया गाउँपालिका,8,3120908,33102
बागमती,मकवानपुर,बकैया गाउँपालिका,9,3120909,33102
बागमती,मकवानपुर,बकैया गाउँपालिका,10,3120910,33102
बागमती,मकवानपुर,बकैया गाउँपालिका,11,3120911,33102
बागमती,मकवानपुर,बकैया गाउँपालिका,12,3120912,33102
बागमती,मकवानपुर,बाग्मती गाउँपालिका,1,3121001,33101
बागमती,मकवानपुर,बाग्मती गाउँपालिका,2,3121002,33101
बागमती,मकवानपुर,बाग्मती गाउँपालिका,3,3121003,33101
बागमती,मकवानपुर,बाग्मती गाउँपालिका,4,3121004,33101
बागमती,मकवानपुर,बाग्मती गाउँपालिका,5,3121005,33101
बागमती,मकवानपुर,बाग्मती गाउँपालिका,6,3121006,33101
बागमती,मकवानपुर,बाग्मती गाउँपालिका,7,3121007,33101
बागमती,मकवानपुर,बाग्मती गाउँपालिका,8,3121008,33101
बागमती,मकवानपुर,बाग्मती गाउँपालिका,9,3121009,33101
बागमती,चितवन,राप्ती नगरपालिका,1,3130101,33506
बागमती,चितवन,राप्ती नगरपालिका,2,3130102,33506
बागमती,चितवन,राप्ती नगरपालिका,3,3130103,33506
बागमती,चितवन,राप्ती नगरपालिका,4,3130104,33506
बागमती,चितवन,राप्ती नगरपालिका,5,3130105,33506
बागमती,चितवन,राप्ती नगरपालिका,6,3130106,33506
बागमती,चितवन,राप्ती नगरपालिका,7,3130107,33506
बागमती,चितवन,राप्ती नगरपालिका,8,3130108,33506
बागमती,चितवन,राप्ती नगरपालिका,9,3130109,33506
बागमती,चितवन,राप्ती नगरपालिका,10,3130110,33506
बागमती,चितवन,राप्ती नगरपालिका,11,3130111,33506
बागमती,चितवन,राप्ती नगरपालिका,12,3130112,33506
बागमती,चितवन,राप्ती नगरपालिका,13,3130113,33506
बागमती,चितवन,कालिका नगरपालिका,1,3130201,33503
बागमती,चितवन,कालिका नगरपालिका,2,3130202,33503
बागमती,चितवन,कालिका नगरपालिका,3,3130203,33503
बागमती,चितवन,कालिका नगरपालिका,4,3130204,33503
बागमती,चितवन,कालिका नगरपालिका,5,3130205,33503
बागमती,चितवन,कालिका नगरपालिका,6,3130206,33503
बागमती,चितवन,कालिका नगरपालिका,7,3130207,33503
बागमती,चितवन,कालिका नगरपालिका,8,3130208,33503
बागमती,चितवन,कालिका नगरपालिका,9,3130209,33503
बागमती,चितवन,कालिका नगरपालिका,10,3130210,33503
बागमती,चितवन,कालिका नगरपालिका,11,3130211,33503
बागमती,चितवन,इच्छाकामना गाउँपालिका,1,3130301,33502
बागमती,चितवन,इच्छाकामना गाउँपालिका,2,3130302,33502
बागमती,चितवन,इच्छाकामना गाउँपालिका,3,3130303,33502
बागमती,चितवन,इच्छाकामना गाउँपालिका,4,3130304,33502
बागमती,चितवन,इच्छाकामना गाउँपालिका,5,3130305,33502
बागमती,चितवन,इच्छाकामना गाउँपालिका,6,3130306,33502
बागमती,चितवन,इच्छाकामना गाउँपालिका,7,3130307,33502
बागमती,चितवन,भरतपुर महानगरपालिका,1,3130401,33501
बागमती,चितवन,भरतपुर महानगरपालिका,2,3130402,33501
बागमती,चितवन,भरतपुर महानगरपालिका,3,3130403,33501
बागमती,चितवन,भरतपुर महानगरपालिका,4,3130404,33501
बागमती,चितवन,भरतपुर महानगरपालिका,5,3130405,33501
बागमती,चितवन,भरतपुर महानगरपालिका,6,3130406,33501
बागमती,चितवन,भरतपुर महानगरपालिका,7,3130407,33501
बागमती,चितवन,भरतपुर महानगरपालिका,8,3130408,33501
बागमती,चितवन,भरतपुर महानगरपालिका,9,3130409,33501
बागमती,चितवन,भरतपुर महानगरपालिका,10,3130410,33501
बागमती,चितवन,भरतपुर महानगरपालिका,11,3130411,33501
बागमती,चितवन,भरतपुर महानगरपालिका,12,3130412,33501
बागमती,चितवन,भरतपुर महानगरपालिका,13,3130413,33501
बागमती,चितवन,भरतपुर महानगरपालिका,14,3130414,33501
बागमती,चितवन,भरतपुर महानगरपालिका,15,3130415,33501
बागमती,चितवन,भरतपुर महानगरपालिका,16,3130416,33501
बागमती,चितवन,भरतपुर महानगरपालिका,17,3130417,33501
बागमती,चितवन,भरतपुर महानगरपालिका,18,3130418,33501
बागमती,चितवन,भरतपुर महानगरपालिका,19,3130419,33501
बागमती,चितवन,भरतपुर महानगरपालिका,20,3130420,33501
बागमती,चितवन,भरतपुर महानगरपालिका,21,3130421,33501
बागमती,चितवन,भरतपुर महानगरपालिका,22,3130422,33501
बागमती,चितवन,भरतपुर महानगरपालिका,23,3130423,33501
बागमती,चितवन,भरतपुर महानगरपालिका,24,3130424,33501
बागमती,चितवन,भरतपुर महानगरपालिका,25,3130425,33501
बागमती,चितवन,भरतपुर महानगरपालिका,26,3130426,33501
बागमती,चितवन,भरतपुर महानगरपालिका,27,3130427,33501
बागमती,चितवन,भरतपुर महानगरपालिका,28,3130428,33501
बागमती,चितवन,भरतपुर महानगरपालिका,29,3130429,33501
बागमती,चितवन,रत्ननगर नगरपालिका,1,3130501,33507
बागमती,चितवन,रत्ननगर नगरपालिका,2,3130502,33507
बागमती,चितवन,रत्ननगर नगरपालिका,3,3130503,33507
बागमती,चितवन,रत्ननगर नगरपालिका,4,3130504,33507
बागमती,चितवन,रत्ननगर नगरपालिका,5,3130505,33507
बागमती,चितवन,रत्ननगर नगरपालिका,6,3130506,33507
बागमती,चितवन,रत्ननगर नगरपालिका,7,3130507,33507
बागमती,चितवन,रत्ननगर नगरपालिका,8,3130508,33507
बागमती,चितवन,रत्ननगर नगरपालिका,9,3130509,33507
बागमती,चितवन,रत्ननगर नगरपालिका,10,3130510,33507
बागमती,चितवन,रत्ननगर नगरपालिका,11,3130511,33507
बागमती,चितवन,रत्ननगर नगरपालिका,12,3130512,33507
बागमती,चितवन,रत्ननगर नगरपालिका,13,3130513,33507
बागमती,चितवन,रत्ननगर नगरपालिका,14,3130514,33507
बागमती,चितवन,रत्ननगर नगरपालिका,15,3130515,33507
बागमती,चितवन,रत्ननगर नगरपालिका,16,3130516,33507
बागमती,चितवन,खैरहनी नगरपालिका,1,3130601,33504
बागमती,चितवन,खैरहनी नगरपालिका,2,3130602,33504
बागमती,चितवन,खैरहनी नगरपालिका,3,3130603,33504
बागमती,चितवन,खैरहनी नगरपालिका,4,3130604,33504
बागमती,चितवन,खैरहनी नगरपालिका,5,3130605,33504
बागमती,चितवन,खैरहनी नगरपालिका,6,3130606,33504
बागमती,चितवन,खैरहनी नगरपालिका,7,3130607,33504
बागमती,चितवन,खैरहनी नगरपालिका,8,3130608,33504
बागमती,चितवन,खैरहनी नगरपालिका,9,3130609,33504
बागमती,चितवन,खैरहनी नगरपालिका,10,3130610,33504
बागमती,चितवन,खैरहनी नगरपालिका,11,3130611,33504
बागमती,चितवन,खैरहनी नगरपालिका,12,3130612,33504
बागमती,चितवन,खैरहनी नगरपालिका,13,3130613,33504
बागमती,चितवन,माडी नगरपालिका,1,3130701,33505
बागमती,चितवन,माडी नगरपालिका,2,3130702,33505
बागमती,चितवन,माडी नगरपालिका,3,3130703,33505
बागमती,चितवन,माडी नगरपालिका,4,3130704,33505
बागमती,चितवन,माडी नगरपालिका,5,3130705,33505
बागमती,चितवन,माडी नगरपालिका,6,3130706,33505
बागमती,चितवन,माडी नगरपालिका,7,3130707,33505
बागमती,चितवन,माडी नगरपालिका,8,3130708,33505
बागमती,चितवन,माडी नगरपालिका,9,3130709,33505
गण्डकी,गोरखा,चुमनुब्री गाउँपालिका,1,4010101,43604
गण्डकी,गोरखा,चुमनुब्री गाउँपालिका,2,4010102,43604
गण्डकी,गोरखा,चुमनुब्री गाउँपालिका,3,4010103,43604
गण्डकी,गोरखा,चुमनुब्री गाउँपालिका,4,4010104,43604
गण्डकी,गोरखा,चुमनुब्री गाउँपालिका,5,4010105,43604
गण्डकी,गोरखा,चुमनुब्री गाउँपालिका,6,4010106,43604
गण्डकी,गोरखा,चुमनुब्री गाउँपालिका,7,4010107,43604
गण्डकी,गोरखा,अजिरकोट गाउँपालिका,1,4010201,43602
गण्डकी,गोरखा,अजिरकोट गाउँपालिका,2,4010202,43602
गण्डकी,गोरखा,अजिरकोट गाउँपालिका,3,4010203,43602
गण्डकी,गोरखा,अजिरकोट गाउँपालिका,4,4010204,43602
गण्डकी,गोरखा,अजिरकोट गाउँपालिका,5,4010205,43602
गण्डकी,गोरखा,बारपाक सुलिकोट गाउँपालिका,1,4010301,43611
गण्डकी,गोरखा,बारपाक सुलिकोट गाउँपालिका,2,4010302,43611
गण्डकी,गोरखा,बारपाक सुलिकोट गाउँपालिका,3,4010303,43611
गण्डकी,गोरखा,बारपाक सुलिकोट गाउँपालिका,4,4010304,43611
गण्डकी,गोरखा,बारपाक सुलिकोट गाउँपालिका,5,4010305,43611
गण्डकी,गोरखा,बारपाक सुलिकोट गाउँपालिका,6,4010306,43611
गण्डकी,गोरखा,बारपाक सुलिकोट गाउँपालिका,7,4010307,43611
गण्डकी,गोरखा,बारपाक सुलिकोट गाउँपालिका,8,4010308,43611
गण्डकी,गोरखा,धार्चे गाउँपालिका,1,4010401,43605
गण्डकी,गोरखा,धार्चे गाउँपालिका,2,4010402,43605
गण्डकी,गोरखा,धार्चे गाउँपालिका,3,4010403,43605
गण्डकी,गोरखा,धार्चे गाउँपालिका,4,4010404,43605
गण्डकी,गोरखा,धार्चे गाउँपालिका,5,4010405,43605
गण्डकी,गोरखा,धार्चे गाउँपालिका,6,4010406,43605
गण्डकी,गोरखा,धार्चे गाउँपालिका,7,4010407,43605
गण्डकी,गोरखा,आरुघाट गाउँपालिका,1,4010501,43601
गण्डकी,गोरखा,आरुघाट गाउँपालिका,2,4010502,43601
गण्डकी,गोरखा,आरुघाट गाउँपालिका,3,4010503,43601
गण्डकी,गोरखा,आरुघाट गाउँपालिका,4,4010504,43601
गण्डकी,गोरखा,आरुघाट गाउँपालिका,5,4010505,43601
गण्डकी,गोरखा,आरुघाट गाउँपालिका,6,4010506,43601
गण्डकी,गोरखा,आरुघाट गाउँपालिका,7,4010507,43601
गण्डकी,गोरखा,आरुघाट गाउँपालिका,8,4010508,43601
गण्डकी,गोरखा,आरुघाट गाउँपालिका,9,4010509,43601
गण्डकी,गोरखा,आरुघाट गाउँपालिका,10,4010510,43601
गण्डकी,गोरखा,भिमसेनथापा गाउँपालिका,1,4010601,43603
गण्डकी,गोरखा,भिमसेनथापा गाउँपालिका,2,4010602,43603
गण्डकी,गोरखा,भिमसेनथापा गाउँपालिका,3,4010603,43603
गण्डकी,गोरखा,भिमसेनथापा गाउँपालिका,4,4010604,43603
गण्डकी,गोरखा,भिमसेनथापा गाउँपालिका,5,4010605,43603
गण्डकी,गोरखा,भिमसेनथापा गाउँपालिका,6,4010606,43603
गण्डकी,गोरखा,भिमसेनथापा गाउँपालिका,7,4010607,43603
गण्डकी,गोरखा,भिमसेनथापा गाउँपालिका,8,4010608,43603
गण्डकी,गोरखा,सिरानचोक गाउँपालिका,1,4010701,43610
गण्डकी,गोरखा,सिरानचोक गाउँपालिका,2,4010702,43610
गण्डकी,गोरखा,सिरानचोक गाउँपालिका,3,4010703,43610
गण्डकी,गोरखा,सिरानचोक गाउँपालिका,4,4010704,43610
गण्डकी,गोरखा,सिरानचोक गाउँपालिका,5,4010705,43610
गण्डकी,गोरखा,सिरानचोक गाउँपालिका,6,4010706,43610
गण्डकी,गोरखा,सिरानचोक गाउँपालिका,7,4010707,43610
गण्डकी,गोरखा,सिरानचोक गाउँपालिका,8,4010708,43610
गण्डकी,गोरखा,पालुङ्गटार नगरपालिका,1,4010801,43608
गण्डकी,गोरखा,पालुङ्गटार नगरपालिका,2,4010802,43608
गण्डकी,गोरखा,पालुङ्गटार नगरपालिका,3,4010803,43608
गण्डकी,गोरखा,पालुङ्गटार नगरपालिका,4,4010804,43608
गण्डकी,गोरखा,पालुङ्गटार नगरपालिका,5,4010805,43608
गण्डकी,गोरखा,पालुङ्गटार नगरपालिका,6,4010806,43608
गण्डकी,गोरखा,पालुङ्गटार नगरपालिका,7,4010807,43608
गण्डकी,गोरखा,पालुङ्गटार नगरपालिका,8,4010808,43608
गण्डकी,गोरखा,पालुङ्गटार नगरपालिका,9,4010809,43608
गण्डकी,गोरखा,पालुङ्गटार नगरपालिका,10,4010810,43608
गण्डकी,गोरखा,गोरखा नगरपालिका,1,4010901,43607
गण्डकी,गोरखा,गोरखा नगरपालिका,2,4010902,43607
गण्डकी,गोरखा,गोरखा नगरपालिका,3,4010903,43607
गण्डकी,गोरखा,गोरखा नगरपालिका,4,4010904,43607
गण्डकी,गोरखा,गोरखा नगरपालिका,5,4010905,43607
गण्डकी,गोरखा,गोरखा नगरपालिका,6,4010906,43607
गण्डकी,गोरखा,गोरखा नगरपालिका,7,4010907,43607
गण्डकी,गोरखा,गोरखा नगरपालिका,8,4010908,43607
गण्डकी,गोरखा,गोरखा नगरपालिका,9,4010909,43607
गण्डकी,गोरखा,गोरखा नगरपालिका,10,4010910,43607
गण्डकी,गोरखा,गोरखा नगरपालिका,11,4010911,43607
गण्डकी,गोरखा,गोरखा नगरपालिका,12,4010912,43607
गण्डकी,गोरखा,गोरखा नगरपालिका,13,4010913,43607
गण्डकी,गोरखा,गोरखा नगरपालिका,14,4010914,43607
गण्डकी,गोरखा,शहीद लखन गाउँपालिका,1,4011001,43609
गण्डकी,गोरखा,शहीद लखन गाउँपालिका,2,4011002,43609
गण्डकी,गोरखा,शहीद लखन गाउँपालिका,3,4011003,43609
गण्डकी,गोरखा,शहीद लखन गाउँपालिका,4,4011004,43609
गण्डकी,गोरखा,शहीद लखन गाउँपालिका,5,4011005,43609
गण्डकी,गोरखा,शहीद लखन गाउँपालिका,6,4011006,43609
गण्डकी,गोरखा,शहीद लखन गाउँपालिका,7,4011007,43609
गण्डकी,गोरखा,शहीद लखन गाउँपालिका,8,4011008,43609
गण्डकी,गोरखा,शहीद लखन गाउँपालिका,9,4011009,43609
गण्डकी,गोरखा,गण्डकी गाउँपालिका,1,4011101,43606
गण्डकी,गोरखा,गण्डकी गाउँपालिका,2,4011102,43606
गण्डकी,गोरखा,गण्डकी गाउँपालिका,3,4011103,43606
गण्डकी,गोरखा,गण्डकी गाउँपालिका,4,4011104,43606
गण्डकी,गोरखा,गण्डकी गाउँपालिका,5,4011105,43606
गण्डकी,गोरखा,गण्डकी गाउँपालिका,6,4011106,43606
गण्डकी,गोरखा,गण्डकी गाउँपालिका,7,4011107,43606
गण्डकी,गोरखा,गण्डकी गाउँपालिका,8,4011108,43606
गण्डकी,मनाङ,नार्पा भूमि गाउँपालिका,1,4020101,44102
गण्डकी,मनाङ,नार्पा भूमि गाउँपालिका,2,4020102,44102
गण्डकी,मनाङ,नार्पा भूमि गाउँपालिका,3,4020103,44102
गण्डकी,मनाङ,नार्पा भूमि गाउँपालिका,4,4020104,44102
गण्डकी,मनाङ,नार्पा भूमि गाउँपालिका,5,4020105,44102
गण्डकी,मनाङ,मनाङ ङिस्याङ गाउँपालिका,1,4020201,44104
गण्डकी,मनाङ,मनाङ ङिस्याङ गाउँपालिका,2,4020202,44104
गण्डकी,मनाङ,मनाङ ङिस्याङ गाउँपालिका,3,4020203,44104
गण्डकी,मनाङ,मनाङ ङिस्याङ गाउँपालिका,4,4020204,44104
गण्डकी,मनाङ,मनाङ ङिस्याङ गाउँपालिका,5,4020205,44104
गण्डकी,मनाङ,मनाङ ङिस्याङ गाउँपालिका,6,4020206,44104
गण्डकी,मनाङ,मनाङ ङिस्याङ गाउँपालिका,7,4020207,44104
गण्डकी,मनाङ,मनाङ ङिस्याङ गाउँपालिका,8,4020208,44104
गण्डकी,मनाङ,मनाङ ङिस्याङ गाउँपालिका,9,4020209,44104
गण्डकी,मनाङ,चामे गाउँपालिका,1,4020301,44101
गण्डकी,मनाङ,चामे गाउँपालिका,2,4020302,44101
गण्डकी,मनाङ,चामे गाउँपालिका,3,4020303,44101
गण्डकी,मनाङ,चामे गाउँपालिका,4,4020304,44101
गण्डकी,मनाङ,चामे गाउँपालिका,5,4020305,44101
गण्डकी,मनाङ,नासों गाउँपालिका,1,4020401,44103
गण्डकी,मनाङ,नासों गाउँपालिका,2,4020402,44103
गण्डकी,मनाङ,नासों गाउँपालिका,3,4020403,44103
गण्डकी,मनाङ,नासों गाउँपालिका,4,4020404,44103
गण्डकी,मनाङ,नासों गाउँपालिका,5,4020405,44103
गण्डकी,मनाङ,नासों गाउँपालिका,6,4020406,44103
गण्डकी,मनाङ,नासों गाउँपालिका,7,4020407,44103
गण्डकी,मनाङ,नासों गाउँपालिका,8,4020408,44103
गण्डकी,मनाङ,नासों गाउँपालिका,9,4020409,44103
गण्डकी,मुस्ताङ,लो घेकर दामोदरकुण्ड गाउँपालिका,1,4030101,44202
गण्डकी,मुस्ताङ,लो घेकर दामोदरकुण्ड गाउँपालिका,2,4030102,44202
गण्डकी,मुस्ताङ,लो घेकर दामोदरकुण्ड गाउँपालिका,3,4030103,44202
गण्डकी,मुस्ताङ,लो घेकर दामोदरकुण्ड गाउँपालिका,4,4030104,44202
गण्डकी,मुस्ताङ,लो घेकर दामोदरकुण्ड गाउँपालिका,5,4030105,44202
गण्डकी,मुस्ताङ,घरपझोङ गाउँपालिका,1,4030201,44203
गण्डकी,मुस्ताङ,घरपझोङ गाउँपालिका,2,4030202,44203
गण्डकी,मुस्ताङ,घरपझोङ गाउँपालिका,3,4030203,44203
गण्डकी,मुस्ताङ,घरपझोङ गाउँपालिका,4,4030204,44203
गण्डकी,मुस्ताङ,घरपझोङ गाउँपालिका,5,4030205,44203
गण्डकी,मुस्ताङ,वारागुङ मुक्तिक्षेत्र गाउँपालिका,1,4030301,44201
गण्डकी,मुस्ताङ,वारागुङ मुक्तिक्षेत्र गाउँपालिका,2,4030302,44201
गण्डकी,मुस्ताङ,वारागुङ मुक्तिक्षेत्र गाउँपालिका,3,4030303,44201
गण्डकी,मुस्ताङ,वारागुङ मुक्तिक्षेत्र गाउँपालिका,4,4030304,44201
गण्डकी,मुस्ताङ,वारागुङ मुक्तिक्षेत्र गाउँपालिका,5,4030305,44201
गण्डकी,मुस्ताङ,लोमन्थाङ गाउँपालिका,1,4030401,44204
गण्डकी,मुस्ताङ,लोमन्थाङ गाउँपालिका,2,4030402,44204
गण्डकी,मुस्ताङ,लोमन्थाङ गाउँपालिका,3,4030403,44204
गण्डकी,मुस्ताङ,लोमन्थाङ गाउँपालिका,4,4030404,44204
गण्डकी,मुस्ताङ,लोमन्थाङ गाउँपालिका,5,4030405,44204
गण्डकी,मुस्ताङ,थासाङ गाउँपालिका,1,4030501,44205
गण्डकी,मुस्ताङ,थासाङ गाउँपालिका,2,4030502,44205
गण्डकी,मुस्ताङ,थासाङ गाउँपालिका,3,4030503,44205
गण्डकी,मुस्ताङ,थासाङ गाउँपालिका,4,4030504,44205
गण्डकी,मुस्ताङ,थासाङ गाउँपालिका,5,4030505,44205
गण्डकी,म्याग्दी,अन्नपूर्ण गाउँपालिका,1,4040101,44301
गण्डकी,म्याग्दी,अन्नपूर्ण गाउँपालिका,2,4040102,44301
गण्डकी,म्याग्दी,अन्नपूर्ण गाउँपालिका,3,4040103,44301
गण्डकी,म्याग्दी,अन्नपूर्ण गाउँपालिका,4,4040104,44301
गण्डकी,म्याग्दी,अन्नपूर्ण गाउँपालिका,5,4040105,44301
गण्डकी,म्याग्दी,अन्नपूर्ण गाउँपालिका,6,4040106,44301
गण्डकी,म्याग्दी,अन्नपूर्ण गाउँपालिका,7,4040107,44301
गण्डकी,म्याग्दी,अन्नपूर्ण गाउँपालिका,8,4040108,44301
गण्डकी,म्याग्दी,रघुगंगा गाउँपालिका,1,4040201,44306
गण्डकी,म्याग्दी,रघुगंगा गाउँपालिका,2,4040202,44306
गण्डकी,म्याग्दी,रघुगंगा गाउँपालिका,3,4040203,44306
गण्डकी,म्याग्दी,रघुगंगा गाउँपालिका,4,4040204,44306
गण्डकी,म्याग्दी,रघुगंगा गाउँपालिका,5,4040205,44306
गण्डकी,म्याग्दी,रघुगंगा गाउँपालिका,6,4040206,44306
गण्डकी,म्याग्दी,रघुगंगा गाउँपालिका,7,4040207,44306
गण्डकी,म्याग्दी,रघुगंगा गाउँपालिका,8,4040208,44306
गण्डकी,म्याग्दी,धवलागिरी गाउँपालिका,1,4040301,44303
गण्डकी,म्याग्दी,धवलागिरी गाउँपालिका,2,4040302,44303
गण्डकी,म्याग्दी,धवलागिरी गाउँपालिका,3,4040303,44303
गण्डकी,म्याग्दी,धवलागिरी गाउँपालिका,4,4040304,44303
गण्डकी,म्याग्दी,धवलागिरी गाउँपालिका,5,4040305,44303
गण्डकी,म्याग्दी,धवलागिरी गाउँपालिका,6,4040306,44303
गण्डकी,म्याग्दी,धवलागिरी गाउँपालिका,7,4040307,44303
गण्डकी,म्याग्दी,मालिका गाउँपालिका,1,4040401,44304
गण्डकी,म्याग्दी,मालिका गाउँपालिका,2,4040402,44304
गण्डकी,म्याग्दी,मालिका गाउँपालिका,3,4040403,44304
गण्डकी,म्याग्दी,मालिका गाउँपालिका,4,4040404,44304
गण्डकी,म्याग्दी,मालिका गाउँपालिका,5,4040405,44304
गण्डकी,म्याग्दी,मालिका गाउँपालिका,6,4040406,44304
गण्डकी,म्याग्दी,मालिका गाउँपालिका,7,4040407,44304
गण्डकी,म्याग्दी,मंगला गाउँपालिका,1,4040501,44305
गण्डकी,म्याग्दी,मंगला गाउँपालिका,2,4040502,44305
गण्डकी,म्याग्दी,मंगला गाउँपालिका,3,4040503,44305
गण्डकी,म्याग्दी,मंगला गाउँपालिका,4,4040504,44305
गण्डकी,म्याग्दी,मंगला गाउँपालिका,5,4040505,44305
गण्डकी,म्याग्दी,बेनी नगरपालिका,1,4040601,44302
गण्डकी,म्याग्दी,बेनी नगरपालिका,2,4040602,44302
गण्डकी,म्याग्दी,बेनी नगरपालिका,3,4040603,44302
गण्डकी,म्याग्दी,बेनी नगरपालिका,4,4040604,44302
गण्डकी,म्याग्दी,बेनी नगरपालिका,5,4040605,44302
गण्डकी,म्याग्दी,बेनी नगरपालिका,6,4040606,44302
गण्डकी,म्याग्दी,बेनी नगरपालिका,7,4040607,44302
गण्डकी,म्याग्दी,बेनी नगरपालिका,8,4040608,44302
गण्डकी,म्याग्दी,बेनी नगरपालिका,9,4040609,44302
गण्डकी,म्याग्दी,बेनी नगरपालिका,10,4040610,44302
गण्डकी,कास्की,मादी गाउँपालिका,1,4050101,44003
गण्डकी,कास्की,मादी गाउँपालिका,2,4050102,44003
गण्डकी,कास्की,मादी गाउँपालिका,3,4050103,44003
गण्डकी,कास्की,मादी गाउँपालिका,4,4050104,44003
गण्डकी,कास्की,मादी गाउँपालिका,5,4050105,44003
गण्डकी,कास्की,मादी गाउँपालिका,6,4050106,44003
गण्डकी,कास्की,मादी गाउँपालिका,7,4050107,44003
गण्डकी,कास्की,मादी गाउँपालिका,8,4050108,44003
गण्डकी,कास्की,मादी गाउँपालिका,9,4050109,44003
गण्डकी,कास्की,मादी गाउँपालिका,10,4050110,44003
गण्डकी,कास्की,मादी गाउँपालिका,11,4050111,44003
गण्डकी,कास्की,मादी गाउँपालिका,12,4050112,44003
गण्डकी,कास्की,माछापुच्छ्रे गाउँपालिका,1,4050201,44002
गण्डकी,कास्की,माछापुच्छ्रे गाउँपालिका,2,4050202,44002
गण्डकी,कास्की,माछापुच्छ्रे गाउँपालिका,3,4050203,44002
गण्डकी,कास्की,माछापुच्छ्रे गाउँपालिका,4,4050204,44002
गण्डकी,कास्की,माछापुच्छ्रे गाउँपालिका,5,4050205,44002
गण्डकी,कास्की,माछापुच्छ्रे गाउँपालिका,6,4050206,44002
गण्डकी,कास्की,माछापुच्छ्रे गाउँपालिका,7,4050207,44002
गण्डकी,कास्की,माछापुच्छ्रे गाउँपालिका,8,4050208,44002
गण्डकी,कास्की,माछापुच्छ्रे गाउँपालिका,9,4050209,44002
गण्डकी,कास्की,अन्नपूर्ण गाउँपालिका,1,4050301,44001
गण्डकी,कास्की,अन्नपूर्ण गाउँपालिका,2,4050302,44001
गण्डकी,कास्की,अन्नपूर्ण गाउँपालिका,3,4050303,44001
गण्डकी,कास्की,अन्नपूर्ण गाउँपालिका,4,4050304,44001
गण्डकी,कास्की,अन्नपूर्ण गाउँपालिका,5,4050305,44001
गण्डकी,कास्की,अन्नपूर्ण गाउँपालिका,6,4050306,44001
गण्डकी,कास्की,अन्नपूर्ण गाउँपालिका,7,4050307,44001
गण्डकी,कास्की,अन्नपूर्ण गाउँपालिका,8,4050308,44001
गण्डकी,कास्की,अन्नपूर्ण गाउँपालिका,9,4050309,44001
गण्डकी,कास्की,अन्नपूर्ण गाउँपालिका,10,4050310,44001
गण्डकी,कास्की,अन्नपूर्ण गाउँपालिका,11,4050311,44001
गण्डकी,कास्की,पोखरा महानगरपालिका,1,4050401,44004
गण्डकी,कास्की,पोखरा महानगरपालिका,2,4050402,44004
गण्डकी,कास्की,पोखरा महानगरपालिका,3,4050403,44004
गण्डकी,कास्की,पोखरा महानगरपालिका,4,4050404,44004
गण्डकी,कास्की,पोखरा महानगरपालिका,5,4050405,44004
गण्डकी,कास्की,पोखरा महानगरपालिका,6,4050406,44004
गण्डकी,कास्की,पोखरा महानगरपालिका,7,4050407,44004
गण्डकी,कास्की,पोखरा महानगरपालिका,8,4050408,44004
गण्डकी,कास्की,पोखरा महानगरपालिका,9,4050409,44004
गण्डकी,कास्की,पोखरा महानगरपालिका,10,4050410,44004
गण्डकी,कास्की,पोखरा महानगरपालिका,11,4050411,44004
गण्डकी,कास्की,पोखरा महानगरपालिका,12,4050412,44004
गण्डकी,कास्की,पोखरा महानगरपालिका,13,4050413,44004
गण्डकी,कास्की,पोखरा महानगरपालिका,14,4050414,44004
गण्डकी,कास्की,पोखरा महानगरपालिका,15,4050415,44004
गण्डकी,कास्की,पोखरा महानगरपालिका,16,4050416,44004
गण्डकी,कास्की,पोखरा महानगरपालिका,17,4050417,44004
गण्डकी,कास्की,पोखरा महानगरपालिका,18,4050418,44004
गण्डकी,कास्की,पोखरा महानगरपालिका,19,4050419,44004
गण्डकी,कास्की,पोखरा महानगरपालिका,20,4050420,44004
गण्डकी,कास्की,पोखरा महानगरपालिका,21,4050421,44004
गण्डकी,कास्की,पोखरा महानगरपालिका,22,4050422,44004
गण्डकी,कास्की,पोखरा महानगरपालिका,23,4050423,44004
गण्डकी,कास्की,पोखरा महानगरपालिका,24,4050424,44004
गण्डकी,कास्की,पोखरा महानगरपालिका,25,4050425,44004
गण्डकी,कास्की,पोखरा महानगरपालिका,26,4050426,44004
गण्डकी,कास्की,पोखरा महानगरपालिका,27,4050427,44004
गण्डकी,कास्की,पोखरा महानगरपालिका,28,4050428,44004
गण्डकी,कास्की,पोखरा महानगरपालिका,29,4050429,44004
गण्डकी,कास्की,पोखरा महानगरपालिका,30,4050430,44004
गण्डकी,कास्की,पोखरा महानगरपालिका,31,4050431,44004
गण्डकी,कास्की,पोखरा महानगरपालिका,32,4050432,44004
गण्डकी,कास्की,पोखरा महानगरपालिका,33,4050433,44004
गण्डकी,कास्की,रूपा गाउँपालिका,1,4050501,44005
गण्डकी,कास्की,रूपा गाउँपालिका,2,4050502,44005
गण्डकी,कास्की,रूपा गाउँपालिका,3,4050503,44005
गण्डकी,कास्की,रूपा गाउँपालिका,4,4050504,44005
गण्डकी,कास्की,रूपा गाउँपालिका,5,4050505,44005
गण्डकी,कास्की,रूपा गाउँपालिका,6,4050506,44005
गण्डकी,कास्की,रूपा गाउँपालिका,7,4050507,44005
गण्डकी,लमजुङ,दोर्दी गाउँपालिका,1,4060101,43702
गण्डकी,लमजुङ,दोर्दी गाउँपालिका,2,4060102,43702
गण्डकी,लमजुङ,दोर्दी गाउँपालिका,3,4060103,43702
गण्डकी,लमजुङ,दोर्दी गाउँपालिका,4,4060104,43702
गण्डकी,लमजुङ,दोर्दी गाउँपालिका,5,4060105,43702
गण्डकी,लमजुङ,दोर्दी गाउँपालिका,6,4060106,43702
गण्डकी,लमजुङ,दोर्दी गाउँपालिका,7,4060107,43702
गण्डकी,लमजुङ,दोर्दी गाउँपालिका,8,4060108,43702
गण्डकी,लमजुङ,दोर्दी गाउँपालिका,9,4060109,43702
गण्डकी,लमजुङ,मस्र्याङ्गदी गाउँपालिका,1,4060201,43706
गण्डकी,लमजुङ,मस्र्याङ्गदी गाउँपालिका,2,4060202,43706
गण्डकी,लमजुङ,मस्र्याङ्गदी गाउँपालिका,3,4060203,43706
गण्डकी,लमजुङ,मस्र्याङ्गदी गाउँपालिका,4,4060204,43706
गण्डकी,लमजुङ,मस्र्याङ्गदी गाउँपालिका,5,4060205,43706
गण्डकी,लमजुङ,मस्र्याङ्गदी गाउँपालिका,6,4060206,43706
गण्डकी,लमजुङ,मस्र्याङ्गदी गाउँपालिका,7,4060207,43706
गण्डकी,लमजुङ,मस्र्याङ्गदी गाउँपालिका,8,4060208,43706
गण्डकी,लमजुङ,मस्र्याङ्गदी गाउँपालिका,9,4060209,43706
गण्डकी,लमजुङ,क्ब्होलासोथार गाउँपालिका,1,4060301,43704
गण्डकी,लमजुङ,क्ब्होलासोथार गाउँपालिका,2,4060302,43704
गण्डकी,लमजुङ,क्ब्होलासोथार गाउँपालिका,3,4060303,43704
गण्डकी,लमजुङ,क्ब्होलासोथार गाउँपालिका,4,4060304,43704
गण्डकी,लमजुङ,क्ब्होलासोथार गाउँपालिका,5,4060305,43704
गण्डकी,लमजुङ,क्ब्होलासोथार गाउँपालिका,6,4060306,43704
गण्डकी,लमजुङ,क्ब्होलासोथार गाउँपालिका,7,4060307,43704
गण्डकी,लमजुङ,क्ब्होलासोथार गाउँपालिका,8,4060308,43704
गण्डकी,लमजुङ,क्ब्होलासोथार गाउँपालिका,9,4060309,43704
गण्डकी,लमजुङ,मध्यनेपाल नगरपालिका,1,4060401,43705
गण्डकी,लमजुङ,मध्यनेपाल नगरपालिका,2,4060402,43705
गण्डकी,लमजुङ,मध्यनेपाल नगरपालिका,3,4060403,43705
गण्डकी,लमजुङ,मध्यनेपाल नगरपालिका,4,4060404,43705
गण्डकी,लमजुङ,मध्यनेपाल नगरपालिका,5,4060405,43705
गण्डकी,लमजुङ,मध्यनेपाल नगरपालिका,6,4060406,43705
गण्डकी,लमजुङ,मध्यनेपाल नगरपालिका,7,4060407,43705
गण्डकी,लमजुङ,मध्यनेपाल नगरपालिका,8,4060408,43705
गण्डकी,लमजुङ,मध्यनेपाल नगरपालिका,9,4060409,43705
गण्डकी,लमजुङ,मध्यनेपाल नगरपालिका,10,4060410,43705
गण्डकी,लमजुङ,बेंसीशहर नगरापालिका,1,4060501,43701
गण्डकी,लमजुङ,बेंसीशहर नगरापालिका,2,4060502,43701
गण्डकी,लमजुङ,बेंसीशहर नगरापालिका,3,4060503,43701
गण्डकी,लमजुङ,बेंसीशहर नगरापालिका,4,4060504,43701
गण्डकी,लमजुङ,बेंसीशहर नगरापालिका,5,4060505,43701
गण्डकी,लमजुङ,बेंसीशहर नगरापालिका,6,4060506,43701
गण्डकी,लमजुङ,बेंसीशहर नगरापालिका,7,4060507,43701
गण्डकी,लमजुङ,बेंसीशहर नगरापालिका,8,4060508,43701
गण्डकी,लमजुङ,बेंसीशहर नगरापालिका,9,4060509,43701
गण्डकी,लमजुङ,बेंसीशहर नगरापालिका,10,4060510,43701
गण्डकी,लमजुङ,बेंसीशहर नगरापालिका,11,4060511,43701
गण्डकी,लमजुङ,सुन्दरबजार नगरपालिका,1,4060601,43708
गण्डकी,लमजुङ,सुन्दरबजार नगरपालिका,2,4060602,43708
गण्डकी,लमजुङ,सुन्दरबजार नगरपालिका,3,4060603,43708
गण्डकी,लमजुङ,सुन्दरबजार नगरपालिका,4,4060604,43708
गण्डकी,लमजुङ,सुन्दरबजार नगरपालिका,5,4060605,43708
गण्डकी,लमजुङ,सुन्दरबजार नगरपालिका,6,4060606,43708
गण्डकी,लमजुङ,सुन्दरबजार नगरपालिका,7,4060607,43708
गण्डकी,लमजुङ,सुन्दरबजार नगरपालिका,8,4060608,43708
गण्डकी,लमजुङ,सुन्दरबजार नगरपालिका,9,4060609,43708
गण्डकी,लमजुङ,सुन्दरबजार नगरपालिका,10,4060610,43708
गण्डकी,लमजुङ,सुन्दरबजार नगरपालिका,11,4060611,43708
गण्डकी,लमजुङ,राईनास नगरपालिका,1,4060701,43707
गण्डकी,लमजुङ,राईनास नगरपालिका,2,4060702,43707
गण्डकी,लमजुङ,राईनास नगरपालिका,3,4060703,43707
गण्डकी,लमजुङ,राईनास नगरपालिका,4,4060704,43707
गण्डकी,लमजुङ,राईनास नगरपालिका,5,4060705,43707
गण्डकी,लमजुङ,राईनास नगरपालिका,6,4060706,43707
गण्डकी,लमजुङ,राईनास नगरपालिका,7,4060707,43707
गण्डकी,लमजुङ,राईनास नगरपालिका,8,4060708,43707
गण्डकी,लमजुङ,राईनास नगरपालिका,9,4060709,43707
गण्डकी,लमजुङ,राईनास नगरपालिका,10,4060710,43707
गण्डकी,लमजुङ,दुधपोखरी गाउँपालिका,1,4060801,43703
गण्डकी,लमजुङ,दुधपोखरी गाउँपालिका,2,4060802,43703
गण्डकी,लमजुङ,दुधपोखरी गाउँपालिका,3,4060803,43703
गण्डकी,लमजुङ,दुधपोखरी गाउँपालिका,4,4060804,43703
गण्डकी,लमजुङ,दुधपोखरी गाउँपालिका,5,4060805,43703
गण्डकी,लमजुङ,दुधपोखरी गाउँपालिका,6,4060806,43703
गण्डकी,तनहुँ,भानु नगरपालिका,1,4070101,43803
गण्डकी,तनहुँ,भानु नगरपालिका,2,4070102,43803
गण्डकी,तनहुँ,भानु नगरपालिका,3,4070103,43803
गण्डकी,तनहुँ,भानु नगरपालिका,4,4070104,43803
गण्डकी,तनहुँ,भानु नगरपालिका,5,4070105,43803
गण्डकी,तनहुँ,भानु नगरपालिका,6,4070106,43803
गण्डकी,तनहुँ,भानु नगरपालिका,7,4070107,43803
गण्डकी,तनहुँ,भानु नगरपालिका,8,4070108,43803
गण्डकी,तनहुँ,भानु नगरपालिका,9,4070109,43803
गण्डकी,तनहुँ,भानु नगरपालिका,10,4070110,43803
गण्डकी,तनहुँ,भानु नगरपालिका,11,4070111,43803
गण्डकी,तनहुँ,भानु नगरपालिका,12,4070112,43803
गण्डकी,तनहुँ,भानु नगरपालिका,13,4070113,43803
गण्डकी,तनहुँ,ब्यास नगरपालिका,1,4070201,43805
गण्डकी,तनहुँ,ब्यास नगरपालिका,2,4070202,43805
गण्डकी,तनहुँ,ब्यास नगरपालिका,3,4070203,43805
गण्डकी,तनहुँ,ब्यास नगरपालिका,4,4070204,43805
गण्डकी,तनहुँ,ब्यास नगरपालिका,5,4070205,43805
गण्डकी,तनहुँ,ब्यास नगरपालिका,6,4070206,43805
गण्डकी,तनहुँ,ब्यास नगरपालिका,7,4070207,43805
गण्डकी,तनहुँ,ब्यास नगरपालिका,8,4070208,43805
गण्डकी,तनहुँ,ब्यास नगरपालिका,9,4070209,43805
गण्डकी,तनहुँ,ब्यास नगरपालिका,10,4070210,43805
गण्डकी,तनहुँ,ब्यास नगरपालिका,11,4070211,43805
गण्डकी,तनहुँ,ब्यास नगरपालिका,12,4070212,43805
गण्डकी,तनहुँ,ब्यास नगरपालिका,13,4070213,43805
गण्डकी,तनहुँ,ब्यास नगरपालिका,14,4070214,43805
गण्डकी,तनहुँ,म्याग्दे गाउँपालिका,1,4070301,43808
गण्डकी,तनहुँ,म्याग्दे गाउँपालिका,2,4070302,43808
गण्डकी,तनहुँ,म्याग्दे गाउँपालिका,3,4070303,43808
गण्डकी,तनहुँ,म्याग्दे गाउँपालिका,4,4070304,43808
गण्डकी,तनहुँ,म्याग्दे गाउँपालिका,5,4070305,43808
गण्डकी,तनहुँ,म्याग्दे गाउँपालिका,6,4070306,43808
गण्डकी,तनहुँ,म्याग्दे गाउँपालिका,7,4070307,43808
गण्डकी,तनहुँ,शुक्लागण्डकी नगरपालिका,1,4070401,43810
गण्डकी,तनहुँ,शुक्लागण्डकी नगरपालिका,2,4070402,43810
गण्डकी,तनहुँ,शुक्लागण्डकी नगरपालिका,3,4070403,43810
गण्डकी,तनहुँ,शुक्लागण्डकी नगरपालिका,4,4070404,43810
गण्डकी,तनहुँ,शुक्लागण्डकी नगरपालिका,5,4070405,43810
गण्डकी,तनहुँ,शुक्लागण्डकी नगरपालिका,6,4070406,43810
गण्डकी,तनहुँ,शुक्लागण्डकी नगरपालिका,7,4070407,43810
गण्डकी,तनहुँ,शुक्लागण्डकी नगरपालिका,8,4070408,43810
गण्डकी,तनहुँ,शुक्लागण्डकी नगरपालिका,9,4070409,43810
गण्डकी,तनहुँ,शुक्लागण्डकी नगरपालिका,10,4070410,43810
गण्डकी,तनहुँ,शुक्लागण्डकी नगरपालिका,11,4070411,43810
गण्डकी,तनहुँ,शुक्लागण्डकी नगरपालिका,12,4070412,43810
गण्डकी,तनहुँ,भिमाद नगरपालिका,1,4070501,43804
गण्डकी,तनहुँ,भिमाद नगरपालिका,2,4070502,43804
गण्डकी,तनहुँ,भिमाद नगरपालिका,3,4070503,43804
गण्डकी,तनहुँ,भिमाद नगरपालिका,4,4070504,43804
गण्डकी,तनहुँ,भिमाद नगरपालिका,5,4070505,43804
गण्डकी,तनहुँ,भिमाद नगरपालिका,6,4070506,43804
गण्डकी,तनहुँ,भिमाद नगरपालिका,7,4070507,43804
गण्डकी,तनहुँ,भिमाद नगरपालिका,8,4070508,43804
गण्डकी,तनहुँ,भिमाद नगरपालिका,9,4070509,43804
गण्डकी,तनहुँ,घिरिङ्ग गाउँपालिका,1,4070601,43807
गण्डकी,तनहुँ,घिरिङ्ग गाउँपालिका,2,4070602,43807
गण्डकी,तनहुँ,घिरिङ्ग गाउँपालिका,3,4070603,43807
गण्डकी,तनहुँ,घिरिङ्ग गाउँपालिका,4,4070604,43807
गण्डकी,तनहुँ,घिरिङ्ग गाउँपालिका,5,4070605,43807
गण्डकी,तनहुँ,ऋषिङ्ग गाउँपालिका,1,4070701,43809
गण्डकी,तनहुँ,ऋषिङ्ग गाउँपालिका,2,4070702,43809
गण्डकी,तनहुँ,ऋषिङ्ग गाउँपालिका,3,4070703,43809
गण्डकी,तनहुँ,ऋषिङ्ग गाउँपालिका,4,4070704,43809
गण्डकी,तनहुँ,ऋषिङ्ग गाउँपालिका,5,4070705,43809
गण्डकी,तनहुँ,ऋषिङ्ग गाउँपालिका,6,4070706,43809
गण्डकी,तनहुँ,ऋषिङ्ग गाउँपालिका,7,4070707,43809
गण्डकी,तनहुँ,ऋषिङ्ग गाउँपालिका,8,4070708,43809
गण्डकी,तनहुँ,देवघाट गाउँपालिका,1,4070801,43806
गण्डकी,तनहुँ,देवघाट गाउँपालिका,2,4070802,43806
गण्डकी,तनहुँ,देवघाट गाउँपालिका,3,4070803,43806
गण्डकी,तनहुँ,देवघाट गाउँपालिका,4,4070804,43806
गण्डकी,तनहुँ,देवघाट गाउँपालिका,5,4070805,43806
गण्डकी,तनहुँ,बन्दिपुर गाउँपालिका,1,4070901,43802
गण्डकी,तनहुँ,बन्दिपुर गाउँपालिका,2,4070902,43802
गण्डकी,तनहुँ,बन्दिपुर गाउँपालिका,3,4070903,43802
गण्डकी,तनहुँ,बन्दिपुर गाउँपालिका,4,4070904,43802
गण्डकी,तनहुँ,बन्दिपुर गाउँपालिका,5,4070905,43802
गण्डकी,तनहुँ,बन्दिपुर गाउँपालिका,6,4070906,43802
गण्डकी,तनहुँ,आँबुखैरेनी गाउँपालिका,1,4071001,43801
गण्डकी,तनहुँ,आँबुखैरेनी गाउँपालिका,2,4071002,43801
गण्डकी,तनहुँ,आँबुखैरेनी गाउँपालिका,3,4071003,43801
गण्डकी,तनहुँ,आँबुखैरेनी गाउँपालिका,4,4071004,43801
गण्डकी,तनहुँ,आँबुखैरेनी गाउँपालिका,5,4071005,43801
गण्डकी,तनहुँ,आँबुखैरेनी गाउँपालिका,6,4071006,43801
गण्डकी,नवलपरासी (बर्दघाट सुस्ता पूर्व),गैडाकोट नगरपालिका,1,4080101,47605
गण्डकी,नवलपरासी (बर्दघाट सुस्ता पूर्व),गैडाकोट नगरपालिका,2,4080102,47605
गण्डकी,नवलपरासी (बर्दघाट सुस्ता पूर्व),गैडाकोट नगरपालिका,3,4080103,47605
गण्डकी,नवलपरासी (बर्दघाट सुस्ता पूर्व),गैडाकोट नगरपालिका,4,4080104,47605
गण्डकी,नवलपरासी (बर्दघाट सुस्ता पूर्व),गैडाकोट नगरपालिका,5,4080105,47605
गण्डकी,नवलपरासी (बर्दघाट सुस्ता पूर्व),गैडाकोट नगरपालिका,6,4080106,47605
गण्डकी,नवलपरासी (बर्दघाट सुस्ता पूर्व),गैडाकोट नगरपालिका,7,4080107,47605
गण्डकी,नवलपरासी (बर्दघाट सुस्ता पूर्व),गैडाकोट नगरपालिका,8,4080108,47605
गण्डकी,नवलपरासी (बर्दघाट सुस्ता पूर्व),गैडाकोट नगरपालिका,9,4080109,47605
गण्डकी,नवलपरासी (बर्दघाट सुस्ता पूर्व),गैडाकोट नगरपालिका,10,4080110,47605
गण्डकी,नवलपरासी (बर्दघाट सुस्ता पूर्व),गैडाकोट नगरपालिका,11,4080111,47605
गण्डकी,नवलपरासी (बर्दघाट सुस्ता पूर्व),गैडाकोट नगरपालिका,12,4080112,47605
गण्डकी,नवलपरासी (बर्दघाट सुस्ता पूर्व),गैडाकोट नगरपालिका,13,4080113,47605
गण्डकी,नवलपरासी (बर्दघाट सुस्ता पूर्व),गैडाकोट नगरपालिका,14,4080114,47605
गण्डकी,नवलपरासी (बर्दघाट सुस्ता पूर्व),गैडाकोट नगरपालिका,15,4080115,47605
गण्डकी,नवलपरासी (बर्दघाट सुस्ता पूर्व),गैडाकोट नगरपालिका,16,4080116,47605
गण्डकी,नवलपरासी (बर्दघाट सुस्ता पूर्व),गैडाकोट नगरपालिका,17,4080117,47605
गण्डकी,नवलपरासी (बर्दघाट सुस्ता पूर्व),गैडाकोट नगरपालिका,18,4080118,47605
गण्डकी,नवलपरासी (बर्दघाट सुस्ता पूर्व),बुलिङ्गटार गाउँपालिका,1,4080201,47602
गण्डकी,नवलपरासी (बर्दघाट सुस्ता पूर्व),बुलिङ्गटार गाउँपालिका,2,4080202,47602
गण्डकी,नवलपरासी (बर्दघाट सुस्ता पूर्व),बुलिङ्गटार गाउँपालिका,3,4080203,47602
गण्डकी,नवलपरासी (बर्दघाट सुस्ता पूर्व),बुलिङ्गटार गाउँपालिका,4,4080204,47602
गण्डकी,नवलपरासी (बर्दघाट सुस्ता पूर्व),बुलिङ्गटार गाउँपालिका,5,4080205,47602
गण्डकी,नवलपरासी (बर्दघाट सुस्ता पूर्व),बुलिङ्गटार गाउँपालिका,6,4080206,47602
गण्डकी,नवलपरासी (बर्दघाट सुस्ता पूर्व),बौदीकाली गाउँपालिका,1,4080301,47603
गण्डकी,नवलपरासी (बर्दघाट सुस्ता पूर्व),बौदीकाली गाउँपालिका,2,4080302,47603
गण्डकी,नवलपरासी (बर्दघाट सुस्ता पूर्व),बौदीकाली गाउँपालिका,3,4080303,47603
गण्डकी,नवलपरासी (बर्दघाट सुस्ता पूर्व),बौदीकाली गाउँपालिका,4,4080304,47603
गण्डकी,नवलपरासी (बर्दघाट सुस्ता पूर्व),बौदीकाली गाउँपालिका,5,4080305,47603
गण्डकी,नवलपरासी (बर्दघाट सुस्ता पूर्व),बौदीकाली गाउँपालिका,6,4080306,47603
गण्डकी,नवलपरासी (बर्दघाट सुस्ता पूर्व),हुप्सेकोट गाउँपालिका,1,4080401,47606
गण्डकी,नवलपरासी (बर्दघाट सुस्ता पूर्व),हुप्सेकोट गाउँपालिका,2,4080402,47606
गण्डकी,नवलपरासी (बर्दघाट सुस्ता पूर्व),हुप्सेकोट गाउँपालिका,3,4080403,47606
गण्डकी,नवलपरासी (बर्दघाट सुस्ता पूर्व),हुप्सेकोट गाउँपालिका,4,4080404,47606
गण्डकी,नवलपरासी (बर्दघाट सुस्ता पूर्व),हुप्सेकोट गाउँपालिका,5,4080405,47606
गण्डकी,नवलपरासी (बर्दघाट सुस्ता पूर्व),हुप्सेकोट गाउँपालिका,6,4080406,47606
गण्डकी,नवलपरासी (बर्दघाट सुस्ता पूर्व),देवचुली नगरपालिका,1,4080501,47604
गण्डकी,नवलपरासी (बर्दघाट सुस्ता पूर्व),देवचुली नगरपालिका,2,4080502,47604
गण्डकी,नवलपरासी (बर्दघाट सुस्ता पूर्व),देवचुली नगरपालिका,3,4080503,47604
गण्डकी,नवलपरासी (बर्दघाट सुस्ता पूर्व),देवचुली नगरपालिका,4,4080504,47604
गण्डकी,नवलपरासी (बर्दघाट सुस्ता पूर्व),देवचुली नगरपालिका,5,4080505,47604
गण्डकी,नवलपरासी (बर्दघाट सुस्ता पूर्व),देवचुली नगरपालिका,6,4080506,47604
गण्डकी,नवलपरासी (बर्दघाट सुस्ता पूर्व),देवचुली नगरपालिका,7,4080507,47604
गण्डकी,नवलपरासी (बर्दघाट सुस्ता पूर्व),देवचुली नगरपालिका,8,4080508,47604
गण्डकी,नवलपरासी (बर्दघाट सुस्ता पूर्व),देवचुली नगरपालिका,9,4080509,47604
गण्डकी,नवलपरासी (बर्दघाट सुस्ता पूर्व),देवचुली नगरपालिका,10,4080510,47604
गण्डकी,नवलपरासी (बर्दघाट सुस्ता पूर्व),देवचुली नगरपालिका,11,4080511,47604
गण्डकी,नवलपरासी (बर्दघाट सुस्ता पूर्व),देवचुली नगरपालिका,12,4080512,47604
गण्डकी,नवलपरासी (बर्दघाट सुस्ता पूर्व),देवचुली नगरपालिका,13,4080513,47604
गण्डकी,नवलपरासी (बर्दघाट सुस्ता पूर्व),देवचुली नगरपालिका,14,4080514,47604
गण्डकी,नवलपरासी (बर्दघाट सुस्ता पूर्व),देवचुली नगरपालिका,15,4080515,47604
गण्डकी,नवलपरासी (बर्दघाट सुस्ता पूर्व),देवचुली नगरपालिका,16,4080516,47604
गण्डकी,नवलपरासी (बर्दघाट सुस्ता पूर्व),देवचुली नगरपालिका,17,4080517,47604
गण्डकी,नवलपरासी (बर्दघाट सुस्ता पूर्व),कावासोती नगरपालिका,1,4080601,47607
गण्डकी,नवलपरासी (बर्दघाट सुस्ता पूर्व),कावासोती नगरपालिका,2,4080602,47607
गण्डकी,नवलपरासी (बर्दघाट सुस्ता पूर्व),कावासोती नगरपालिका,3,4080603,47607
गण्डकी,नवलपरासी (बर्दघाट सुस्ता पूर्व),कावासोती नगरपालिका,4,4080604,47607
गण्डकी,नवलपरासी (बर्दघाट सुस्ता पूर्व),कावासोती नगरपालिका,5,4080605,47607
गण्डकी,नवलपरासी (बर्दघाट सुस्ता पूर्व),कावासोती नगरपालिका,6,4080606,47607
गण्डकी,नवलपरासी (बर्दघाट सुस्ता पूर्व),कावासोती नगरपालिका,7,4080607,47607
गण्डकी,नवलपरासी (बर्दघाट सुस्ता पूर्व),कावासोती नगरपालिका,8,4080608,47607
गण्डकी,नवलपरासी (बर्दघाट सुस्ता पूर्व),कावासोती नगरपालिका,9,4080609,47607
गण्डकी,नवलपरासी (बर्दघाट सुस्ता पूर्व),कावासोती नगरपालिका,10,4080610,47607
गण्डकी,नवलपरासी (बर्दघाट सुस्ता पूर्व),कावासोती नगरपालिका,11,4080611,47607
गण्डकी,नवलपरासी (बर्दघाट सुस्ता पूर्व),कावासोती नगरपालिका,12,4080612,47607
गण्डकी,नवलपरासी (बर्दघाट सुस्ता पूर्व),कावासोती नगरपालिका,13,4080613,47607
गण्डकी,नवलपरासी (बर्दघाट सुस्ता पूर्व),कावासोती नगरपालिका,14,4080614,47607
गण्डकी,नवलपरासी (बर्दघाट सुस्ता पूर्व),कावासोती नगरपालिका,15,4080615,47607
गण्डकी,नवलपरासी (बर्दघाट सुस्ता पूर्व),कावासोती नगरपालिका,16,4080616,47607
गण्डकी,नवलपरासी (बर्दघाट सुस्ता पूर्व),कावासोती नगरपालिका,17,4080617,47607
गण्डकी,नवलपरासी (बर्दघाट सुस्ता पूर्व),मध्यबिन्दु नगरपालिका,1,4080701,47608
गण्डकी,नवलपरासी (बर्दघाट सुस्ता पूर्व),मध्यबिन्दु नगरपालिका,2,4080702,47608
गण्डकी,नवलपरासी (बर्दघाट सुस्ता पूर्व),मध्यबिन्दु नगरपालिका,3,4080703,47608
गण्डकी,नवलपरासी (बर्दघाट सुस्ता पूर्व),मध्यबिन्दु नगरपालिका,4,4080704,47608
गण्डकी,नवलपरासी (बर्दघाट सुस्ता पूर्व),मध्यबिन्दु नगरपालिका,5,4080705,47608
गण्डकी,नवलपरासी (बर्दघाट सुस्ता पूर्व),मध्यबिन्दु नगरपालिका,6,4080706,47608
गण्डकी,नवलपरासी (बर्दघाट सुस्ता पूर्व),मध्यबिन्दु नगरपालिका,7,4080707,47608
गण्डकी,नवलपरासी (बर्दघाट सुस्ता पूर्व),मध्यबिन्दु नगरपालिका,8,4080708,47608
गण्डकी,नवलपरासी (बर्दघाट सुस्ता पूर्व),मध्यबिन्दु नगरपालिका,9,4080709,47608
गण्डकी,नवलपरासी (बर्दघाट सुस्ता पूर्व),मध्यबिन्दु नगरपालिका,10,4080710,47608
गण्डकी,नवलपरासी (बर्दघाट सुस्ता पूर्व),मध्यबिन्दु नगरपालिका,11,4080711,47608
गण्डकी,नवलपरासी (बर्दघाट सुस्ता पूर्व),मध्यबिन्दु नगरपालिका,12,4080712,47608
गण्डकी,नवलपरासी (बर्दघाट सुस्ता पूर्व),मध्यबिन्दु नगरपालिका,13,4080713,47608
गण्डकी,नवलपरासी (बर्दघाट सुस्ता पूर्व),मध्यबिन्दु नगरपालिका,14,4080714,47608
गण्डकी,नवलपरासी (बर्दघाट सुस्ता पूर्व),मध्यबिन्दु नगरपालिका,15,4080715,47608
गण्डकी,नवलपरासी (बर्दघाट सुस्ता पूर्व),बिनयी त्रिवेणी गाउँपालिका,1,4080801,47601
गण्डकी,नवलपरासी (बर्दघाट सुस्ता पूर्व),बिनयी त्रिवेणी गाउँपालिका,2,4080802,47601
गण्डकी,नवलपरासी (बर्दघाट सुस्ता पूर्व),बिनयी त्रिवेणी गाउँपालिका,3,4080803,47601
गण्डकी,नवलपरासी (बर्दघाट सुस्ता पूर्व),बिनयी त्रिवेणी गाउँपालिका,4,4080804,47601
गण्डकी,नवलपरासी (बर्दघाट सुस्ता पूर्व),बिनयी त्रिवेणी गाउँपालिका,5,4080805,47601
गण्डकी,नवलपरासी (बर्दघाट सुस्ता पूर्व),बिनयी त्रिवेणी गाउँपालिका,6,4080806,47601
गण्डकी,नवलपरासी (बर्दघाट सुस्ता पूर्व),बिनयी त्रिवेणी गाउँपालिका,7,4080807,47601
गण्डकी,स्याङजा,पुतलीबजार नगरपालिका,1,4090101,43910
गण्डकी,स्याङजा,पुतलीबजार नगरपालिका,2,4090102,43910
गण्डकी,स्याङजा,पुतलीबजार नगरपालिका,3,4090103,43910
गण्डकी,स्याङजा,पुतलीबजार नगरपालिका,4,4090104,43910
गण्डकी,स्याङजा,पुतलीबजार नगरपालिका,5,4090105,43910
गण्डकी,स्याङजा,पुतलीबजार नगरपालिका,6,4090106,43910
गण्डकी,स्याङजा,पुतलीबजार नगरपालिका,7,4090107,43910
गण्डकी,स्याङजा,पुतलीबजार नगरपालिका,8,4090108,43910
गण्डकी,स्याङजा,पुतलीबजार नगरपालिका,9,4090109,43910
गण्डकी,स्याङजा,पुतलीबजार नगरपालिका,10,4090110,43910
गण्डकी,स्याङजा,पुतलीबजार नगरपालिका,11,4090111,43910
गण्डकी,स्याङजा,पुतलीबजार नगरपालिका,12,4090112,43910
गण्डकी,स्याङजा,पुतलीबजार नगरपालिका,13,4090113,43910
गण्डकी,स्याङजा,पुतलीबजार नगरपालिका,14,4090114,43910
गण्डकी,स्याङजा,फेदीखोला गाउँपालिका,1,4090201,43909
गण्डकी,स्याङजा,फेदीखोला गाउँपालिका,2,4090202,43909
गण्डकी,स्याङजा,फेदीखोला गाउँपालिका,3,4090203,43909
गण्डकी,स्याङजा,फेदीखोला गाउँपालिका,4,4090204,43909
गण्डकी,स्याङजा,फेदीखोला गाउँपालिका,5,4090205,43909
गण्डकी,स्याङजा,आँधिखोला गाउँपालिका,1,4090301,43901
गण्डकी,स्याङजा,आँधिखोला गाउँपालिका,2,4090302,43901
गण्डकी,स्याङजा,आँधिखोला गाउँपालिका,3,4090303,43901
गण्डकी,स्याङजा,आँधिखोला गाउँपालिका,4,4090304,43901
गण्डकी,स्याङजा,आँधिखोला गाउँपालिका,5,4090305,43901
गण्डकी,स्याङजा,आँधिखोला गाउँपालिका,6,4090306,43901
गण्डकी,स्याङजा,अर्जुनचौपारी गाउँपालिका,1,4090401,43902
गण्डकी,स्याङजा,अर्जुनचौपारी गाउँपालिका,2,4090402,43902
गण्डकी,स्याङजा,अर्जुनचौपारी गाउँपालिका,3,4090403,43902
गण्डकी,स्याङजा,अर्जुनचौपारी गाउँपालिका,4,4090404,43902
गण्डकी,स्याङजा,अर्जुनचौपारी गाउँपालिका,5,4090405,43902
गण्डकी,स्याङजा,अर्जुनचौपारी गाउँपालिका,6,4090406,43902
गण्डकी,स्याङजा,भीरकोट नगरपालिका,1,4090501,43903
गण्डकी,स्याङजा,भीरकोट नगरपालिका,2,4090502,43903
गण्डकी,स्याङजा,भीरकोट नगरपालिका,3,4090503,43903
गण्डकी,स्याङजा,भीरकोट नगरपालिका,4,4090504,43903
गण्डकी,स्याङजा,भीरकोट नगरपालिका,5,4090505,43903
गण्डकी,स्याङजा,भीरकोट नगरपालिका,6,4090506,43903
गण्डकी,स्याङजा,भीरकोट नगरपालिका,7,4090507,43903
गण्डकी,स्याङजा,भीरकोट नगरपालिका,8,4090508,43903
गण्डकी,स्याङजा,भीरकोट नगरपालिका,9,4090509,43903
गण्डकी,स्याङजा,बिरुवा गाउँपालिका,1,4090601,43904
गण्डकी,स्याङजा,बिरुवा गाउँपालिका,2,4090602,43904
गण्डकी,स्याङजा,बिरुवा गाउँपालिका,3,4090603,43904
गण्डकी,स्याङजा,बिरुवा गाउँपालिका,4,4090604,43904
गण्डकी,स्याङजा,बिरुवा गाउँपालिका,5,4090605,43904
गण्डकी,स्याङजा,बिरुवा गाउँपालिका,6,4090606,43904
गण्डकी,स्याङजा,बिरुवा गाउँपालिका,7,4090607,43904
गण्डकी,स्याङजा,बिरुवा गाउँपालिका,8,4090608,43904
गण्डकी,स्याङजा,हरिनास गाउँपालिका,1,4090701,43907
गण्डकी,स्याङजा,हरिनास गाउँपालिका,2,4090702,43907
गण्डकी,स्याङजा,हरिनास गाउँपालिका,3,4090703,43907
गण्डकी,स्याङजा,हरिनास गाउँपालिका,4,4090704,43907
गण्डकी,स्याङजा,हरिनास गाउँपालिका,5,4090705,43907
गण्डकी,स्याङजा,हरिनास गाउँपालिका,6,4090706,43907
गण्डकी,स्याङजा,हरिनास गाउँपालिका,7,4090707,43907
गण्डकी,स्याङजा,चापाकोट नगरपालिका,1,4090801,43905
गण्डकी,स्याङजा,चापाकोट नगरपालिका,2,4090802,43905
गण्डकी,स्याङजा,चापाकोट नगरपालिका,3,4090803,43905
गण्डकी,स्याङजा,चापाकोट नगरपालिका,4,4090804,43905
गण्डकी,स्याङजा,चापाकोट नगरपालिका,5,4090805,43905
गण्डकी,स्याङजा,चापाकोट नगरपालिका,6,4090806,43905
गण्डकी,स्याङजा,चापाकोट नगरपालिका,7,4090807,43905
गण्डकी,स्याङजा,चापाकोट नगरपालिका,8,4090808,43905
गण्डकी,स्याङजा,चापाकोट नगरपालिका,9,4090809,43905
गण्डकी,स्याङजा,चापाकोट नगरपालिका,10,4090810,43905
गण्डकी,स्याङजा,वालिङ्ग नगरपालिका,1,4090901,43911
गण्डकी,स्याङजा,वालिङ्ग नगरपालिका,2,4090902,43911
गण्डकी,स्याङजा,वालिङ्ग नगरपालिका,3,4090903,43911
गण्डकी,स्याङजा,वालिङ्ग नगरपालिका,4,4090904,43911
गण्डकी,स्याङजा,वालिङ्ग नगरपालिका,5,4090905,43911
गण्डकी,स्याङजा,वालिङ्ग नगरपालिका,6,4090906,43911
गण्डकी,स्याङजा,वालिङ्ग नगरपालिका,7,4090907,43911
गण्डकी,स्याङजा,वालिङ्ग नगरपालिका,8,4090908,43911
गण्डकी,स्याङजा,वालिङ्ग नगरपालिका,9,4090909,43911
गण्डकी,स्याङजा,वालिङ्ग नगरपालिका,10,4090910,43911
गण्डकी,स्याङजा,वालिङ्ग नगरपालिका,11,4090911,43911
गण्डकी,स्याङजा,वालिङ्ग नगरपालिका,12,4090912,43911
गण्डकी,स्याङजा,वालिङ्ग नगरपालिका,13,4090913,43911
गण्डकी,स्याङजा,वालिङ्ग नगरपालिका,14,4090914,43911
गण्डकी,स्याङजा,गल्याङ नगरपालिका,1,4091001,43906
गण्डकी,स्याङजा,गल्याङ नगरपालिका,2,4091002,43906
गण्डकी,स्याङजा,गल्याङ नगरपालिका,3,4091003,43906
गण्डकी,स्याङजा,गल्याङ नगरपालिका,4,4091004,43906
गण्डकी,स्याङजा,गल्याङ नगरपालिका,5,4091005,43906
गण्डकी,स्याङजा,गल्याङ नगरपालिका,6,4091006,43906
गण्डकी,स्याङजा,गल्याङ नगरपालिका,7,4091007,43906
गण्डकी,स्याङजा,गल्याङ नगरपालिका,8,4091008,43906
गण्डकी,स्याङजा,गल्याङ नगरपालिका,9,4091009,43906
गण्डकी,स्याङजा,गल्याङ नगरपालिका,10,4091010,43906
गण्डकी,स्याङजा,गल्याङ नगरपालिका,11,4091011,43906
गण्डकी,स्याङजा,कालीगण्डकी गाउँपालिका,1,4091101,43908
गण्डकी,स्याङजा,कालीगण्डकी गाउँपालिका,2,4091102,43908
गण्डकी,स्याङजा,कालीगण्डकी गाउँपालिका,3,4091103,43908
गण्डकी,स्याङजा,कालीगण्डकी गाउँपालिका,4,4091104,43908
गण्डकी,स्याङजा,कालीगण्डकी गाउँपालिका,5,4091105,43908
गण्डकी,स्याङजा,कालीगण्डकी गाउँपालिका,6,4091106,43908
गण्डकी,स्याङजा,कालीगण्डकी गाउँपालिका,7,4091107,43908
गण्डकी,पर्वत,मोदी गाउँपालिका,1,4100101,44405
गण्डकी,पर्वत,मोदी गाउँपालिका,2,4100102,44405
गण्डकी,पर्वत,मोदी गाउँपालिका,3,4100103,44405
गण्डकी,पर्वत,मोदी गाउँपालिका,4,4100104,44405
गण्डकी,पर्वत,मोदी गाउँपालिका,5,4100105,44405
गण्डकी,पर्वत,मोदी गाउँपालिका,6,4100106,44405
गण्डकी,पर्वत,मोदी गाउँपालिका,7,4100107,44405
गण्डकी,पर्वत,मोदी गाउँपालिका,8,4100108,44405
गण्डकी,पर्वत,जलजला गाउँपालिका,1,4100201,44402
गण्डकी,पर्वत,जलजला गाउँपालिका,2,4100202,44402
गण्डकी,पर्वत,जलजला गाउँपालिका,3,4100203,44402
गण्डकी,पर्वत,जलजला गाउँपालिका,4,4100204,44402
गण्डकी,पर्वत,जलजला गाउँपालिका,5,4100205,44402
गण्डकी,पर्वत,जलजला गाउँपालिका,6,4100206,44402
गण्डकी,पर्वत,जलजला गाउँपालिका,7,4100207,44402
गण्डकी,पर्वत,जलजला गाउँपालिका,8,4100208,44402
गण्डकी,पर्वत,जलजला गाउँपालिका,9,4100209,44402
गण्डकी,पर्वत,कुश्मा नगरपालिका,1,4100301,44403
गण्डकी,पर्वत,कुश्मा नगरपालिका,2,4100302,44403
गण्डकी,पर्वत,कुश्मा नगरपालिका,3,4100303,44403
गण्डकी,पर्वत,कुश्मा नगरपालिका,4,4100304,44403
गण्डकी,पर्वत,कुश्मा नगरपालिका,5,4100305,44403
गण्डकी,पर्वत,कुश्मा नगरपालिका,6,4100306,44403
गण्डकी,पर्वत,कुश्मा नगरपालिका,7,4100307,44403
गण्डकी,पर्वत,कुश्मा नगरपालिका,8,4100308,44403
गण्डकी,पर्वत,कुश्मा नगरपालिका,9,4100309,44403
गण्डकी,पर्वत,कुश्मा नगरपालिका,10,4100310,44403
गण्डकी,पर्वत,कुश्मा नगरपालिका,11,4100311,44403
गण्डकी,पर्वत,कुश्मा नगरपालिका,12,4100312,44403
गण्डकी,पर्वत,कुश्मा नगरपालिका,13,4100313,44403
गण्डकी,पर्वत,कुश्मा नगरपालिका,14,4100314,44403
गण्डकी,पर्वत,फलेबास नगरपालिका,1,4100401,44407
गण्डकी,पर्वत,फलेबास नगरपालिका,2,4100402,44407
गण्डकी,पर्वत,फलेबास नगरपालिका,3,4100403,44407
गण्डकी,पर्वत,फलेबास नगरपालिका,4,4100404,44407
गण्डकी,पर्वत,फलेबास नगरपालिका,5,4100405,44407
गण्डकी,पर्वत,फलेबास नगरपालिका,6,4100406,44407
गण्डकी,पर्वत,फलेबास नगरपालिका,7,4100407,44407
गण्डकी,पर्वत,फलेबास नगरपालिका,8,4100408,44407
गण्डकी,पर्वत,फलेबास नगरपालिका,9,4100409,44407
गण्डकी,पर्वत,फलेबास नगरपालिका,10,4100410,44407
गण्डकी,पर्वत,फलेबास नगरपालिका,11,4100411,44407
गण्डकी,पर्वत,महाशिला गाउँपालिका,1,4100501,44404
गण्डकी,पर्वत,महाशिला गाउँपालिका,2,4100502,44404
गण्डकी,पर्वत,महाशिला गाउँपालिका,3,4100503,44404
गण्डकी,पर्वत,महाशिला गाउँपालिका,4,4100504,44404
गण्डकी,पर्वत,महाशिला गाउँपालिका,5,4100505,44404
गण्डकी,पर्वत,महाशिला गाउँपालिका,6,4100506,44404
गण्डकी,पर्वत,बिहादी गाउँपालिका,1,4100601,44401
गण्डकी,पर्वत,बिहादी गाउँपालिका,2,4100602,44401
गण्डकी,पर्वत,बिहादी गाउँपालिका,3,4100603,44401
गण्डकी,पर्वत,बिहादी गाउँपालिका,4,4100604,44401
गण्डकी,पर्वत,बिहादी गाउँपालिका,5,4100605,44401
गण्डकी,पर्वत,बिहादी गाउँपालिका,6,4100606,44401
गण्डकी,पर्वत,पैयुं गाउँपालिका,1,4100701,44406
गण्डकी,पर्वत,पैयुं गाउँपालिका,2,4100702,44406
गण्डकी,पर्वत,पैयुं गाउँपालिका,3,4100703,44406
गण्डकी,पर्वत,पैयुं गाउँपालिका,4,4100704,44406
गण्डकी,पर्वत,पैयुं गाउँपालिका,5,4100705,44406
गण्डकी,पर्वत,पैयुं गाउँपालिका,6,4100706,44406
गण्डकी,पर्वत,पैयुं गाउँपालिका,7,4100707,44406
गण्डकी,बागलुङ,बाग्लुङ्ग नगरपालिका,1,4110101,44502
गण्डकी,बागलुङ,बाग्लुङ्ग नगरपालिका,2,4110102,44502
गण्डकी,बागलुङ,बाग्लुङ्ग नगरपालिका,3,4110103,44502
गण्डकी,बागलुङ,बाग्लुङ्ग नगरपालिका,4,4110104,44502
गण्डकी,बागलुङ,बाग्लुङ्ग नगरपालिका,5,4110105,44502
गण्डकी,बागलुङ,बाग्लुङ्ग नगरपालिका,6,4110106,44502
गण्डकी,बागलुङ,बाग्लुङ्ग नगरपालिका,7,4110107,44502
गण्डकी,बागलुङ,बाग्लुङ्ग नगरपालिका,8,4110108,44502
गण्डकी,बागलुङ,बाग्लुङ्ग नगरपालिका,9,4110109,44502
गण्डकी,बागलुङ,बाग्लुङ्ग नगरपालिका,10,4110110,44502
गण्डकी,बागलुङ,बाग्लुङ्ग नगरपालिका,11,4110111,44502
गण्डकी,बागलुङ,बाग्लुङ्ग नगरपालिका,12,4110112,44502
गण्डकी,बागलुङ,बाग्लुङ्ग नगरपालिका,13,4110113,44502
गण्डकी,बागलुङ,बाग्लुङ्ग नगरपालिका,14,4110114,44502
गण्डकी,बागलुङ,काठेखोला गाउँपालिका,1,4110201,44507
गण्डकी,बागलुङ,काठेखोला गाउँपालिका,2,4110202,44507
गण्डकी,बागलुङ,काठेखोला गाउँपालिका,3,4110203,44507
गण्डकी,बागलुङ,काठेखोला गाउँपालिका,4,4110204,44507
गण्डकी,बागलुङ,काठेखोला गाउँपालिका,5,4110205,44507
गण्डकी,बागलुङ,काठेखोला गाउँपालिका,6,4110206,44507
गण्डकी,बागलुङ,काठेखोला गाउँपालिका,7,4110207,44507
गण्डकी,बागलुङ,काठेखोला गाउँपालिका,8,4110208,44507
गण्डकी,बागलुङ,ताराखोला गाउँपालिका,1,4110301,44510
गण्डकी,बागलुङ,ताराखोला गाउँपालिका,2,4110302,44510
गण्डकी,बागलुङ,ताराखोला गाउँपालिका,3,4110303,44510
गण्डकी,बागलुङ,ताराखोला गाउँपालिका,4,4110304,44510
गण्डकी,बागलुङ,ताराखोला गाउँपालिका,5,4110305,44510
गण्डकी,बागलुङ,तमानखोला गाउँपालिका,1,4110401,44509
गण्डकी,बागलुङ,तमानखोला गाउँपालिका,2,4110402,44509
गण्डकी,बागलुङ,तमानखोला गाउँपालिका,3,4110403,44509
गण्डकी,बागलुङ,तमानखोला गाउँपालिका,4,4110404,44509
गण्डकी,बागलुङ,तमानखोला गाउँपालिका,5,4110405,44509
गण्डकी,बागलुङ,तमानखोला गाउँपालिका,6,4110406,44509
गण्डकी,बागलुङ,ढोरपाटन नगरपालिका,1,4110501,44504
गण्डकी,बागलुङ,ढोरपाटन नगरपालिका,2,4110502,44504
गण्डकी,बागलुङ,ढोरपाटन नगरपालिका,3,4110503,44504
गण्डकी,बागलुङ,ढोरपाटन नगरपालिका,4,4110504,44504
गण्डकी,बागलुङ,ढोरपाटन नगरपालिका,5,4110505,44504
गण्डकी,बागलुङ,ढोरपाटन नगरपालिका,6,4110506,44504
गण्डकी,बागलुङ,ढोरपाटन नगरपालिका,7,4110507,44504
गण्डकी,बागलुङ,ढोरपाटन नगरपालिका,8,4110508,44504
गण्डकी,बागलुङ,ढोरपाटन नगरपालिका,9,4110509,44504
गण्डकी,बागलुङ,निसीखोला गाउँपालिका,1,4110601,44508
गण्डकी,बागलुङ,निसीखोला गाउँपालिका,2,4110602,44508
गण्डकी,बागलुङ,निसीखोला गाउँपालिका,3,4110603,44508
गण्डकी,बागलुङ,निसीखोला गाउँपालिका,4,4110604,44508
गण्डकी,बागलुङ,निसीखोला गाउँपालिका,5,4110605,44508
गण्डकी,बागलुङ,निसीखोला गाउँपालिका,6,4110606,44508
गण्डकी,बागलुङ,निसीखोला गाउँपालिका,7,4110607,44508
गण्डकी,बागलुङ,बडिगाड गाउँपालिका,1,4110701,44501
गण्डकी,बागलुङ,बडिगाड गाउँपालिका,2,4110702,44501
गण्डकी,बागलुङ,बडिगाड गाउँपालिका,3,4110703,44501
गण्डकी,बागलुङ,बडिगाड गाउँपालिका,4,4110704,44501
गण्डकी,बागलुङ,बडिगाड गाउँपालिका,5,4110705,44501
गण्डकी,बागलुङ,बडिगाड गाउँपालिका,6,4110706,44501
गण्डकी,बागलुङ,बडिगाड गाउँपालिका,7,4110707,44501
गण्डकी,बागलुङ,बडिगाड गाउँपालिका,8,4110708,44501
गण्डकी,बागलुङ,बडिगाड गाउँपालिका,9,4110709,44501
गण्डकी,बागलुङ,बडिगाड गाउँपालिका,10,4110710,44501
गण्डकी,बागलुङ,गल्कोट नगरपालिका,1,4110801,44505
गण्डकी,बागलुङ,गल्कोट नगरपालिका,2,4110802,44505
गण्डकी,बागलुङ,गल्कोट नगरपालिका,3,4110803,44505
गण्डकी,बागलुङ,गल्कोट नगरपालिका,4,4110804,44505
गण्डकी,बागलुङ,गल्कोट नगरपालिका,5,4110805,44505
गण्डकी,बागलुङ,गल्कोट नगरपालिका,6,4110806,44505
गण्डकी,बागलुङ,गल्कोट नगरपालिका,7,4110807,44505
गण्डकी,बागलुङ,गल्कोट नगरपालिका,8,4110808,44505
गण्डकी,बागलुङ,गल्कोट नगरपालिका,9,4110809,44505
गण्डकी,बागलुङ,गल्कोट नगरपालिका,10,4110810,44505
गण्डकी,बागलुङ,गल्कोट नगरपालिका,11,4110811,44505
गण्डकी,बागलुङ,बरेङ गाउँपालिका,1,4110901,44503
गण्डकी,बागलुङ,बरेङ गाउँपालिका,2,4110902,44503
गण्डकी,बागलुङ,बरेङ गाउँपालिका,3,4110903,44503
गण्डकी,बागलुङ,बरेङ गाउँपालिका,4,4110904,44503
गण्डकी,बागलुङ,बरेङ गाउँपालिका,5,4110905,44503
गण्डकी,बागलुङ,जैमिनी नगरपालिका,1,4111001,44506
गण्डकी,बागलुङ,जैमिनी नगरपालिका,2,4111002,44506
गण्डकी,बागलुङ,जैमिनी नगरपालिका,3,4111003,44506
गण्डकी,बागलुङ,जैमिनी नगरपालिका,4,4111004,44506
गण्डकी,बागलुङ,जैमिनी नगरपालिका,5,4111005,44506
गण्डकी,बागलुङ,जैमिनी नगरपालिका,6,4111006,44506
गण्डकी,बागलुङ,जैमिनी नगरपालिका,7,4111007,44506
गण्डकी,बागलुङ,जैमिनी नगरपालिका,8,4111008,44506
गण्डकी,बागलुङ,जैमिनी नगरपालिका,9,4111009,44506
गण्डकी,बागलुङ,जैमिनी नगरपालिका,10,4111010,44506
लुम्बिनी,रुकुम (पूर्वी भाग),पुथा उत्तरगंगा गाउँपालिका,1,5010101,57702
लुम्बिनी,रुकुम (पूर्वी भाग),पुथा उत्तरगंगा गाउँपालिका,2,5010102,57702
लुम्बिनी,रुकुम (पूर्वी भाग),पुथा उत्तरगंगा गाउँपालिका,3,5010103,57702
लुम्बिनी,रुकुम (पूर्वी भाग),पुथा उत्तरगंगा गाउँपालिका,4,5010104,57702
लुम्बिनी,रुकुम (पूर्वी भाग),पुथा उत्तरगंगा गाउँपालिका,5,5010105,57702
लुम्बिनी,रुकुम (पूर्वी भाग),पुथा उत्तरगंगा गाउँपालिका,6,5010106,57702
लुम्बिनी,रुकुम (पूर्वी भाग),पुथा उत्तरगंगा गाउँपालिका,7,5010107,57702
लुम्बिनी,रुकुम (पूर्वी भाग),पुथा उत्तरगंगा गाउँपालिका,8,5010108,57702
लुम्बिनी,रुकुम (पूर्वी भाग),पुथा उत्तरगंगा गाउँपालिका,9,5010109,57702
लुम्बिनी,रुकुम (पूर्वी भाग),पुथा उत्तरगंगा गाउँपालिका,10,5010110,57702
लुम्बिनी,रुकुम (पूर्वी भाग),पुथा उत्तरगंगा गाउँपालिका,11,5010111,57702
लुम्बिनी,रुकुम (पूर्वी भाग),पुथा उत्तरगंगा गाउँपालिका,12,5010112,57702
लुम्बिनी,रुकुम (पूर्वी भाग),पुथा उत्तरगंगा गाउँपालिका,13,5010113,57702
लुम्बिनी,रुकुम (पूर्वी भाग),पुथा उत्तरगंगा गाउँपालिका,14,5010114,57702
लुम्बिनी,रुकुम (पूर्वी भाग),सिस्ने गाउँपालिका,1,5010201,57703
लुम्बिनी,रुकुम (पूर्वी भाग),सिस्ने गाउँपालिका,2,5010202,57703
लुम्बिनी,रुकुम (पूर्वी भाग),सिस्ने गाउँपालिका,3,5010203,57703
लुम्बिनी,रुकुम (पूर्वी भाग),सिस्ने गाउँपालिका,4,5010204,57703
लुम्बिनी,रुकुम (पूर्वी भाग),सिस्ने गाउँपालिका,5,5010205,57703
लुम्बिनी,रुकुम (पूर्वी भाग),सिस्ने गाउँपालिका,6,5010206,57703
लुम्बिनी,रुकुम (पूर्वी भाग),सिस्ने गाउँपालिका,7,5010207,57703
लुम्बिनी,रुकुम (पूर्वी भाग),सिस्ने गाउँपालिका,8,5010208,57703
लुम्बिनी,रुकुम (पूर्वी भाग),भूमे गाउँपालिका,1,5010301,57701
लुम्बिनी,रुकुम (पूर्वी भाग),भूमे गाउँपालिका,2,5010302,57701
लुम्बिनी,रुकुम (पूर्वी भाग),भूमे गाउँपालिका,3,5010303,57701
लुम्बिनी,रुकुम (पूर्वी भाग),भूमे गाउँपालिका,4,5010304,57701
लुम्बिनी,रुकुम (पूर्वी भाग),भूमे गाउँपालिका,5,5010305,57701
लुम्बिनी,रुकुम (पूर्वी भाग),भूमे गाउँपालिका,6,5010306,57701
लुम्बिनी,रुकुम (पूर्वी भाग),भूमे गाउँपालिका,7,5010307,57701
लुम्बिनी,रुकुम (पूर्वी भाग),भूमे गाउँपालिका,8,5010308,57701
लुम्बिनी,रुकुम (पूर्वी भाग),भूमे गाउँपालिका,9,5010309,57701
लुम्बिनी,रोल्पा,सुनछहरी गाउँपालिका,1,5020101,55307
लुम्बिनी,रोल्पा,सुनछहरी गाउँपालिका,2,5020102,55307
लुम्बिनी,रोल्पा,सुनछहरी गाउँपालिका,3,5020103,55307
लुम्बिनी,रोल्पा,सुनछहरी गाउँपालिका,4,5020104,55307
लुम्बिनी,रोल्पा,सुनछहरी गाउँपालिका,5,5020105,55307
लुम्बिनी,रोल्पा,सुनछहरी गाउँपालिका,6,5020106,55307
लुम्बिनी,रोल्पा,सुनछहरी गाउँपालिका,7,5020107,55307
लुम्बिनी,रोल्पा,थबाङ्ग गाउँपालिका,1,5020201,55309
लुम्बिनी,रोल्पा,थबाङ्ग गाउँपालिका,2,5020202,55309
लुम्बिनी,रोल्पा,थबाङ्ग गाउँपालिका,3,5020203,55309
लुम्बिनी,रोल्पा,थबाङ्ग गाउँपालिका,4,5020204,55309
लुम्बिनी,रोल्पा,थबाङ्ग गाउँपालिका,5,5020205,55309
लुम्बिनी,रोल्पा,परिवर्तन गाउँपालिका,1,5020301,55301
लुम्बिनी,रोल्पा,परिवर्तन गाउँपालिका,2,5020302,55301
लुम्बिनी,रोल्पा,परिवर्तन गाउँपालिका,3,5020303,55301
लुम्बिनी,रोल्पा,परिवर्तन गाउँपालिका,4,5020304,55301
लुम्बिनी,रोल्पा,परिवर्तन गाउँपालिका,5,5020305,55301
लुम्बिनी,रोल्पा,परिवर्तन गाउँपालिका,6,5020306,55301
लुम्बिनी,रोल्पा,ग‌गादेव गाउँपालिका,1,5020401,55306
लुम्बिनी,रोल्पा,ग‌गादेव गाउँपालिका,2,5020402,55306
लुम्बिनी,रोल्पा,ग‌गादेव गाउँपालिका,3,5020403,55306
लुम्बिनी,रोल्पा,ग‌गादेव गाउँपालिका,4,5020404,55306
लुम्बिनी,रोल्पा,ग‌गादेव गाउँपालिका,5,5020405,55306
लुम्बिनी,रोल्पा,ग‌गादेव गाउँपालिका,6,5020406,55306
लुम्बिनी,रोल्पा,ग‌गादेव गाउँपालिका,7,5020407,55306
लुम्बिनी,रोल्पा,माडी गाउँपालिका,1,5020501,55303
लुम्बिनी,रोल्पा,माडी गाउँपालिका,2,5020502,55303
लुम्बिनी,रोल्पा,माडी गाउँपालिका,3,5020503,55303
लुम्बिनी,रोल्पा,माडी गाउँपालिका,4,5020504,55303
लुम्बिनी,रोल्पा,माडी गाउँपालिका,5,5020505,55303
लुम्बिनी,रोल्पा,माडी गाउँपालिका,6,5020506,55303
लुम्बिनी,रोल्पा,त्रिवेणी गाउँपालिका,1,5020601,55310
लुम्बिनी,रोल्पा,त्रिवेणी गाउँपालिका,2,5020602,55310
लुम्बिनी,रोल्पा,त्रिवेणी गाउँपालिका,3,5020603,55310
लुम्बिनी,रोल्पा,त्रिवेणी गाउँपालिका,4,5020604,55310
लुम्बिनी,रोल्पा,त्रिवेणी गाउँपालिका,5,5020605,55310
लुम्बिनी,रोल्पा,त्रिवेणी गाउँपालिका,6,5020606,55310
लुम्बिनी,रोल्पा,त्रिवेणी गाउँपालिका,7,5020607,55310
लुम्बिनी,रोल्पा,रोल्पा नगरपालिका,1,5020701,55304
लुम्बिनी,रोल्पा,रोल्पा नगरपालिका,2,5020702,55304
लुम्बिनी,रोल्पा,रोल्पा नगरपालिका,3,5020703,55304
लुम्बिनी,रोल्पा,रोल्पा नगरपालिका,4,5020704,55304
लुम्बिनी,रोल्पा,रोल्पा नगरपालिका,5,5020705,55304
लुम्बिनी,रोल्पा,रोल्पा नगरपालिका,6,5020706,55304
लुम्बिनी,रोल्पा,रोल्पा नगरपालिका,7,5020707,55304
लुम्बिनी,रोल्पा,रोल्पा नगरपालिका,8,5020708,55304
लुम्बिनी,रोल्पा,रोल्पा नगरपालिका,9,5020709,55304
लुम्बिनी,रोल्पा,रोल्पा नगरपालिका,10,5020710,55304
लुम्बिनी,रोल्पा,रुन्टीगढी गाउँपालिका,1,5020801,55305
लुम्बिनी,रोल्पा,रुन्टीगढी गाउँपालिका,2,5020802,55305
लुम्बिनी,रोल्पा,रुन्टीगढी गाउँपालिका,3,5020803,55305
लुम्बिनी,रोल्पा,रुन्टीगढी गाउँपालिका,4,5020804,55305
लुम्बिनी,रोल्पा,रुन्टीगढी गाउँपालिका,5,5020805,55305
लुम्बिनी,रोल्पा,रुन्टीगढी गाउँपालिका,6,5020806,55305
लुम्बिनी,रोल्पा,रुन्टीगढी गाउँपालिका,7,5020807,55305
लुम्बिनी,रोल्पा,रुन्टीगढी गाउँपालिका,8,5020808,55305
लुम्बिनी,रोल्पा,रुन्टीगढी गाउँपालिका,9,5020809,55305
लुम्बिनी,रोल्पा,सुनिल स्मृति गाउँपालिका,1,5020901,55308
लुम्बिनी,रोल्पा,सुनिल स्मृति गाउँपालिका,2,5020902,55308
लुम्बिनी,रोल्पा,सुनिल स्मृति गाउँपालिका,3,5020903,55308
लुम्बिनी,रोल्पा,सुनिल स्मृति गाउँपालिका,4,5020904,55308
लुम्बिनी,रोल्पा,सुनिल स्मृति गाउँपालिका,5,5020905,55308
लुम्बिनी,रोल्पा,सुनिल स्मृति गाउँपालिका,6,5020906,55308
लुम्बिनी,रोल्पा,सुनिल स्मृति गाउँपालिका,7,5020907,55308
लुम्बिनी,रोल्पा,सुनिल स्मृति गाउँपालिका,8,5020908,55308
लुम्बिनी,रोल्पा,लुङ्ग्री गाउँपालिका,1,5021001,55302
लुम्बिनी,रोल्पा,लुङ्ग्री गाउँपालिका,2,5021002,55302
लुम्बिनी,रोल्पा,लुङ्ग्री गाउँपालिका,3,5021003,55302
लुम्बिनी,रोल्पा,लुङ्ग्री गाउँपालिका,4,5021004,55302
लुम्बिनी,रोल्पा,लुङ्ग्री गाउँपालिका,5,5021005,55302
लुम्बिनी,रोल्पा,लुङ्ग्री गाउँपालिका,6,5021006,55302
लुम्बिनी,रोल्पा,लुङ्ग्री गाउँपालिका,7,5021007,55302
लुम्बिनी,प्यूठान,गौमुखी गाउँपालिका,1,5030101,55202
लुम्बिनी,प्यूठान,गौमुखी गाउँपालिका,2,5030102,55202
लुम्बिनी,प्यूठान,गौमुखी गाउँपालिका,3,5030103,55202
लुम्बिनी,प्यूठान,गौमुखी गाउँपालिका,4,5030104,55202
लुम्बिनी,प्यूठान,गौमुखी गाउँपालिका,5,5030105,55202
लुम्बिनी,प्यूठान,गौमुखी गाउँपालिका,6,5030106,55202
लुम्बिनी,प्यूठान,गौमुखी गाउँपालिका,7,5030107,55202
लुम्बिनी,प्यूठान,नौबहिनी गाउँपालिका,1,5030201,55206
लुम्बिनी,प्यूठान,नौबहिनी गाउँपालिका,2,5030202,55206
लुम्बिनी,प्यूठान,नौबहिनी गाउँपालिका,3,5030203,55206
लुम्बिनी,प्यूठान,नौबहिनी गाउँपालिका,4,5030204,55206
लुम्बिनी,प्यूठान,नौबहिनी गाउँपालिका,5,5030205,55206
लुम्बिनी,प्यूठान,नौबहिनी गाउँपालिका,6,5030206,55206
लुम्बिनी,प्यूठान,नौबहिनी गाउँपालिका,7,5030207,55206
लुम्बिनी,प्यूठान,नौबहिनी गाउँपालिका,8,5030208,55206
लुम्बिनी,प्यूठान,झिमरुक गाउँपालिका,1,5030301,55203
लुम्बिनी,प्यूठान,झिमरुक गाउँपालिका,2,5030302,55203
लुम्बिनी,प्यूठान,झिमरुक गाउँपालिका,3,5030303,55203
लुम्बिनी,प्यूठान,झिमरुक गाउँपालिका,4,5030304,55203
लुम्बिनी,प्यूठान,झिमरुक गाउँपालिका,5,5030305,55203
लुम्बिनी,प्यूठान,झिमरुक गाउँपालिका,6,5030306,55203
लुम्बिनी,प्यूठान,झिमरुक गाउँपालिका,7,5030307,55203
लुम्बिनी,प्यूठान,झिमरुक गाउँपालिका,8,5030308,55203
लुम्बिनी,प्यूठान,प्यूठान नगरपालिका,1,5030401,55207
लुम्बिनी,प्यूठान,प्यूठान नगरपालिका,2,5030402,55207
लुम्बिनी,प्यूठान,प्यूठान नगरपालिका,3,5030403,55207
लुम्बिनी,प्यूठान,प्यूठान नगरपालिका,4,5030404,55207
लुम्बिनी,प्यूठान,प्यूठान नगरपालिका,5,5030405,55207
लुम्बिनी,प्यूठान,प्यूठान नगरपालिका,6,5030406,55207
लुम्बिनी,प्यूठान,प्यूठान नगरपालिका,7,5030407,55207
लुम्बिनी,प्यूठान,प्यूठान नगरपालिका,8,5030408,55207
लुम्बिनी,प्यूठान,प्यूठान नगरपालिका,9,5030409,55207
लुम्बिनी,प्यूठान,प्यूठान नगरपालिका,10,5030410,55207
लुम्बिनी,प्यूठान,स्वर्गद्धारी नगरपालिका,1,5030501,55209
लुम्बिनी,प्यूठान,स्वर्गद्धारी नगरपालिका,2,5030502,55209
लुम्बिनी,प्यूठान,स्वर्गद्धारी नगरपालिका,3,5030503,55209
लुम्बिनी,प्यूठान,स्वर्गद्धारी नगरपालिका,4,5030504,55209
लुम्बिनी,प्यूठान,स्वर्गद्धारी नगरपालिका,5,5030505,55209
लुम्बिनी,प्यूठान,स्वर्गद्धारी नगरपालिका,6,5030506,55209
लुम्बिनी,प्यूठान,स्वर्गद्धारी नगरपालिका,7,5030507,55209
लुम्बिनी,प्यूठान,स्वर्गद्धारी नगरपालिका,8,5030508,55209
लुम्बिनी,प्यूठान,स्वर्गद्धारी नगरपालिका,9,5030509,55209
लुम्बिनी,प्यूठान,माण्डवी गाउँपालिका,1,5030601,55205
लुम्बिनी,प्यूठान,माण्डवी गाउँपालिका,2,5030602,55205
लुम्बिनी,प्यूठान,माण्डवी गाउँपालिका,3,5030603,55205
लुम्बिनी,प्यूठान,माण्डवी गाउँपालिका,4,5030604,55205
लुम्बिनी,प्यूठान,माण्डवी गाउँपालिका,5,5030605,55205
लुम्बिनी,प्यूठान,मल्लरानी गाउँपालिका,1,5030701,55204
लुम्बिनी,प्यूठान,मल्लरानी गाउँपालिका,2,5030702,55204
लुम्बिनी,प्यूठान,मल्लरानी गाउँपालिका,3,5030703,55204
लुम्बिनी,प्यूठान,मल्लरानी गाउँपालिका,4,5030704,55204
लुम्बिनी,प्यूठान,मल्लरानी गाउँपालिका,5,5030705,55204
लुम्बिनी,प्यूठान,ऐरावती गाउँपालिका,1,5030801,55201
लुम्बिनी,प्यूठान,ऐरावती गाउँपालिका,2,5030802,55201
लुम्बिनी,प्यूठान,ऐरावती गाउँपालिका,3,5030803,55201
लुम्बिनी,प्यूठान,ऐरावती गाउँपालिका,4,5030804,55201
लुम्बिनी,प्यूठान,ऐरावती गाउँपालिका,5,5030805,55201
लुम्बिनी,प्यूठान,ऐरावती गाउँपालिका,6,5030806,55201
लुम्बिनी,प्यूठान,सरुमारानी गाउँपालिका,1,5030901,55208
लुम्बिनी,प्यूठान,सरुमारानी गाउँपालिका,2,5030902,55208
लुम्बिनी,प्यूठान,सरुमारानी गाउँपालिका,3,5030903,55208
लुम्बिनी,प्यूठान,सरुमारानी गाउँपालिका,4,5030904,55208
लुम्बिनी,प्यूठान,सरुमारानी गाउँपालिका,5,5030905,55208
लुम्बिनी,प्यूठान,सरुमारानी गाउँपालिका,6,5030906,55208
लुम्बिनी,गुल्मी,कालिगण्डकी गाउँपालिका,1,5040101,54606
लुम्बिनी,गुल्मी,कालिगण्डकी गाउँपालिका,2,5040102,54606
लुम्बिनी,गुल्मी,कालिगण्डकी गाउँपालिका,3,5040103,54606
लुम्बिनी,गुल्मी,कालिगण्डकी गाउँपालिका,4,5040104,54606
लुम्बिनी,गुल्मी,कालिगण्डकी गाउँपालिका,5,5040105,54606
लुम्बिनी,गुल्मी,कालिगण्डकी गाउँपालिका,6,5040106,54606
लुम्बिनी,गुल्मी,कालिगण्डकी गाउँपालिका,7,5040107,54606
लुम्बिनी,गुल्मी,सत्यवती गाउँपालिका,1,5040201,54612
लुम्बिनी,गुल्मी,सत्यवती गाउँपालिका,2,5040202,54612
लुम्बिनी,गुल्मी,सत्यवती गाउँपालिका,3,5040203,54612
लुम्बिनी,गुल्मी,सत्यवती गाउँपालिका,4,5040204,54612
लुम्बिनी,गुल्मी,सत्यवती गाउँपालिका,5,5040205,54612
लुम्बिनी,गुल्मी,सत्यवती गाउँपालिका,6,5040206,54612
लुम्बिनी,गुल्मी,सत्यवती गाउँपालिका,7,5040207,54612
लुम्बिनी,गुल्मी,सत्यवती गाउँपालिका,8,5040208,54612
लुम्बिनी,गुल्मी,चन्द्रकोट गाउँपालिका,1,5040301,54601
लुम्बिनी,गुल्मी,चन्द्रकोट गाउँपालिका,2,5040302,54601
लुम्बिनी,गुल्मी,चन्द्रकोट गाउँपालिका,3,5040303,54601
लुम्बिनी,गुल्मी,चन्द्रकोट गाउँपालिका,4,5040304,54601
लुम्बिनी,गुल्मी,चन्द्रकोट गाउँपालिका,5,5040305,54601
लुम्बिनी,गुल्मी,चन्द्रकोट गाउँपालिका,6,5040306,54601
लुम्बिनी,गुल्मी,चन्द्रकोट गाउँपालिका,7,5040307,54601
लुम्बिनी,गुल्मी,चन्द्रकोट गाउँपालिका,8,5040308,54601
लुम्बिनी,गुल्मी,मुसिकोट नगरपालिका,1,5040401,54609
लुम्बिनी,गुल्मी,मुसिकोट नगरपालिका,2,5040402,54609
लुम्बिनी,गुल्मी,मुसिकोट नगरपालिका,3,5040403,54609
लुम्बिनी,गुल्मी,मुसिकोट नगरपालिका,4,5040404,54609
लुम्बिनी,गुल्मी,मुसिकोट नगरपालिका,5,5040405,54609
लुम्बिनी,गुल्मी,मुसिकोट नगरपालिका,6,5040406,54609
लुम्बिनी,गुल्मी,मुसिकोट नगरपालिका,7,5040407,54609
लुम्बिनी,गुल्मी,मुसिकोट नगरपालिका,8,5040408,54609
लुम्बिनी,गुल्मी,मुसिकोट नगरपालिका,9,5040409,54609
लुम्बिनी,गुल्मी,ईस्मा गाउँपालिका,1,5040501,54605
लुम्बिनी,गुल्मी,ईस्मा गाउँपालिका,2,5040502,54605
लुम्बिनी,गुल्मी,ईस्मा गाउँपालिका,3,5040503,54605
लुम्बिनी,गुल्मी,ईस्मा गाउँपालिका,4,5040504,54605
लुम्बिनी,गुल्मी,ईस्मा गाउँपालिका,5,5040505,54605
लुम्बिनी,गुल्मी,ईस्मा गाउँपालिका,6,5040506,54605
लुम्बिनी,गुल्मी,मालिका गाउँपालिका,1,5040601,54608
लुम्बिनी,गुल्मी,मालिका गाउँपालिका,2,5040602,54608
लुम्बिनी,गुल्मी,मालिका गाउँपालिका,3,5040603,54608
लुम्बिनी,गुल्मी,मालिका गाउँपालिका,4,5040604,54608
लुम्बिनी,गुल्मी,मालिका गाउँपालिका,5,5040605,54608
लुम्बिनी,गुल्मी,मालिका गाउँपालिका,6,5040606,54608
लुम्बिनी,गुल्मी,मालिका गाउँपालिका,7,5040607,54608
लुम्बिनी,गुल्मी,मालिका गाउँपालिका,8,5040608,54608
लुम्बिनी,गुल्मी,मदाने गाउँपालिका,1,5040701,54607
लुम्बिनी,गुल्मी,मदाने गाउँपालिका,2,5040702,54607
लुम्बिनी,गुल्मी,मदाने गाउँपालिका,3,5040703,54607
लुम्बिनी,गुल्मी,मदाने गाउँपालिका,4,5040704,54607
लुम्बिनी,गुल्मी,मदाने गाउँपालिका,5,5040705,54607
लुम्बिनी,गुल्मी,मदाने गाउँपालिका,6,5040706,54607
लुम्बिनी,गुल्मी,मदाने गाउँपालिका,7,5040707,54607
लुम्बिनी,गुल्मी,धुर्कोट गाउँपालिका,1,5040801,54603
लुम्बिनी,गुल्मी,धुर्कोट गाउँपालिका,2,5040802,54603
लुम्बिनी,गुल्मी,धुर्कोट गाउँपालिका,3,5040803,54603
लुम्बिनी,गुल्मी,धुर्कोट गाउँपालिका,4,5040804,54603
लुम्बिनी,गुल्मी,धुर्कोट गाउँपालिका,5,5040805,54603
लुम्बिनी,गुल्मी,धुर्कोट गाउँपालिका,6,5040806,54603
लुम्बिनी,गुल्मी,धुर्कोट गाउँपालिका,7,5040807,54603
लुम्बिनी,गुल्मी,रेसुङ्गा नगरपालिका,1,5040901,54610
लुम्बिनी,गुल्मी,रेसुङ्गा नगरपालिका,2,5040902,54610
लुम्बिनी,गुल्मी,रेसुङ्गा नगरपालिका,3,5040903,54610
लुम्बिनी,गुल्मी,रेसुङ्गा नगरपालिका,4,5040904,54610
लुम्बिनी,गुल्मी,रेसुङ्गा नगरपालिका,5,5040905,54610
लुम्बिनी,गुल्मी,रेसुङ्गा नगरपालिका,6,5040906,54610
लुम्बिनी,गुल्मी,रेसुङ्गा नगरपालिका,7,5040907,54610
लुम्बिनी,गुल्मी,रेसुङ्गा नगरपालिका,8,5040908,54610
लुम्बिनी,गुल्मी,रेसुङ्गा नगरपालिका,9,5040909,54610
लुम्बिनी,गुल्मी,रेसुङ्गा नगरपालिका,10,5040910,54610
लुम्बिनी,गुल्मी,रेसुङ्गा नगरपालिका,11,5040911,54610
लुम्बिनी,गुल्मी,रेसुङ्गा नगरपालिका,12,5040912,54610
लुम्बिनी,गुल्मी,रेसुङ्गा नगरपालिका,13,5040913,54610
लुम्बिनी,गुल्मी,रेसुङ्गा नगरपालिका,14,5040914,54610
लुम्बिनी,गुल्मी,गुल्मी दरबार गाउँपालिका,1,5041001,54604
लुम्बिनी,गुल्मी,गुल्मी दरबार गाउँपालिका,2,5041002,54604
लुम्बिनी,गुल्मी,गुल्मी दरबार गाउँपालिका,3,5041003,54604
लुम्बिनी,गुल्मी,गुल्मी दरबार गाउँपालिका,4,5041004,54604
लुम्बिनी,गुल्मी,गुल्मी दरबार गाउँपालिका,5,5041005,54604
लुम्बिनी,गुल्मी,गुल्मी दरबार गाउँपालिका,6,5041006,54604
लुम्बिनी,गुल्मी,गुल्मी दरबार गाउँपालिका,7,5041007,54604
लुम्बिनी,गुल्मी,छत्रकोट गाउँपालिका,1,5041101,54602
लुम्बिनी,गुल्मी,छत्रकोट गाउँपालिका,2,5041102,54602
लुम्बिनी,गुल्मी,छत्रकोट गाउँपालिका,3,5041103,54602
लुम्बिनी,गुल्मी,छत्रकोट गाउँपालिका,4,5041104,54602
लुम्बिनी,गुल्मी,छत्रकोट गाउँपालिका,5,5041105,54602
लुम्बिनी,गुल्मी,छत्रकोट गाउँपालिका,6,5041106,54602
लुम्बिनी,गुल्मी,रूरू क्षेत्र गाउँपालिका,1,5041201,54611
लुम्बिनी,गुल्मी,रूरू क्षेत्र गाउँपालिका,2,5041202,54611
लुम्बिनी,गुल्मी,रूरू क्षेत्र गाउँपालिका,3,5041203,54611
लुम्बिनी,गुल्मी,रूरू क्षेत्र गाउँपालिका,4,5041204,54611
लुम्बिनी,गुल्मी,रूरू क्षेत्र गाउँपालिका,5,5041205,54611
लुम्बिनी,गुल्मी,रूरू क्षेत्र गाउँपालिका,6,5041206,54611
लुम्बिनी,अर्घाखाँची,छत्रदेव गाउँपालिका,1,5050101,55102
लुम्बिनी,अर्घाखाँची,छत्रदेव गाउँपालिका,2,5050102,55102
लुम्बिनी,अर्घाखाँची,छत्रदेव गाउँपालिका,3,5050103,55102
लुम्बिनी,अर्घाखाँची,छत्रदेव गाउँपालिका,4,5050104,55102
लुम्बिनी,अर्घाखाँची,छत्रदेव गाउँपालिका,5,5050105,55102
लुम्बिनी,अर्घाखाँची,छत्रदेव गाउँपालिका,6,5050106,55102
लुम्बिनी,अर्घाखाँची,छत्रदेव गाउँपालिका,7,5050107,55102
लुम्बिनी,अर्घाखाँची,छत्रदेव गाउँपालिका,8,5050108,55102
लुम्बिनी,अर्घाखाँची,मालारानी गाउँपालिका,1,5050201,55103
लुम्बिनी,अर्घाखाँची,मालारानी गाउँपालिका,2,5050202,55103
लुम्बिनी,अर्घाखाँची,मालारानी गाउँपालिका,3,5050203,55103
लुम्बिनी,अर्घाखाँची,मालारानी गाउँपालिका,4,5050204,55103
लुम्बिनी,अर्घाखाँची,मालारानी गाउँपालिका,5,5050205,55103
लुम्बिनी,अर्घाखाँची,मालारानी गाउँपालिका,6,5050206,55103
लुम्बिनी,अर्घाखाँची,मालारानी गाउँपालिका,7,5050207,55103
लुम्बिनी,अर्घाखाँची,मालारानी गाउँपालिका,8,5050208,55103
लुम्बिनी,अर्घाखाँची,मालारानी गाउँपालिका,9,5050209,55103
लुम्बिनी,अर्घाखाँची,भुमिकास्थान नगरपालिका,1,5050301,55101
लुम्बिनी,अर्घाखाँची,भुमिकास्थान नगरपालिका,2,5050302,55101
लुम्बिनी,अर्घाखाँची,भुमिकास्थान नगरपालिका,3,5050303,55101
लुम्बिनी,अर्घाखाँची,भुमिकास्थान नगरपालिका,4,5050304,55101
लुम्बिनी,अर्घाखाँची,भुमिकास्थान नगरपालिका,5,5050305,55101
लुम्बिनी,अर्घाखाँची,भुमिकास्थान नगरपालिका,6,5050306,55101
लुम्बिनी,अर्घाखाँची,भुमिकास्थान नगरपालिका,7,5050307,55101
लुम्बिनी,अर्घाखाँची,भुमिकास्थान नगरपालिका,8,5050308,55101
लुम्बिनी,अर्घाखाँची,भुमिकास्थान नगरपालिका,9,5050309,55101
लुम्बिनी,अर्घाखाँची,भुमिकास्थान नगरपालिका,10,5050310,55101
लुम्बिनी,अर्घाखाँची,सन्धिखर्क नगरपालिका,1,5050401,55105
लुम्बिनी,अर्घाखाँची,सन्धिखर्क नगरपालिका,2,5050402,55105
लुम्बिनी,अर्घाखाँची,सन्धिखर्क नगरपालिका,3,5050403,55105
लुम्बिनी,अर्घाखाँची,सन्धिखर्क नगरपालिका,4,5050404,55105
लुम्बिनी,अर्घाखाँची,सन्धिखर्क नगरपालिका,5,5050405,55105
लुम्बिनी,अर्घाखाँची,सन्धिखर्क नगरपालिका,6,5050406,55105
लुम्बिनी,अर्घाखाँची,सन्धिखर्क नगरपालिका,7,5050407,55105
लुम्बिनी,अर्घाखाँची,सन्धिखर्क नगरपालिका,8,5050408,55105
लुम्बिनी,अर्घाखाँची,सन्धिखर्क नगरपालिका,9,5050409,55105
लुम्बिनी,अर्घाखाँची,सन्धिखर्क नगरपालिका,10,5050410,55105
लुम्बिनी,अर्घाखाँची,सन्धिखर्क नगरपालिका,11,5050411,55105
लुम्बिनी,अर्घाखाँची,सन्धिखर्क नगरपालिका,12,5050412,55105
लुम्बिनी,अर्घाखाँची,पाणिनी गाउँपालिका,1,5050501,55104
लुम्बिनी,अर्घाखाँची,पाणिनी गाउँपालिका,2,5050502,55104
लुम्बिनी,अर्घाखाँची,पाणिनी गाउँपालिका,3,5050503,55104
लुम्बिनी,अर्घाखाँची,पाणिनी गाउँपालिका,4,5050504,55104
लुम्बिनी,अर्घाखाँची,पाणिनी गाउँपालिका,5,5050505,55104
लुम्बिनी,अर्घाखाँची,पाणिनी गाउँपालिका,6,5050506,55104
लुम्बिनी,अर्घाखाँची,पाणिनी गाउँपालिका,7,5050507,55104
लुम्बिनी,अर्घाखाँची,पाणिनी गाउँपालिका,8,5050508,55104
लुम्बिनी,अर्घाखाँची,शितगंगा नगरपालिका,1,5050601,55106
लुम्बिनी,अर्घाखाँची,शितगंगा नगरपालिका,2,5050602,55106
लुम्बिनी,अर्घाखाँची,शितगंगा नगरपालिका,3,5050603,55106
लुम्बिनी,अर्घाखाँची,शितगंगा नगरपालिका,4,5050604,55106
लुम्बिनी,अर्घाखाँची,शितगंगा नगरपालिका,5,5050605,55106
लुम्बिनी,अर्घाखाँची,शितगंगा नगरपालिका,6,5050606,55106
लुम्बिनी,अर्घाखाँची,शितगंगा नगरपालिका,7,5050607,55106
लुम्बिनी,अर्घाखाँची,शितगंगा नगरपालिका,8,5050608,55106
लुम्बिनी,अर्घाखाँची,शितगंगा नगरपालिका,9,5050609,55106
लुम्बिनी,अर्घाखाँची,शितगंगा नगरपालिका,10,5050610,55106
लुम्बिनी,अर्घाखाँची,शितगंगा नगरपालिका,11,5050611,55106
लुम्बिनी,अर्घाखाँची,शितगंगा नगरपालिका,12,5050612,55106
लुम्बिनी,अर्घाखाँची,शितगंगा नगरपालिका,13,5050613,55106
लुम्बिनी,अर्घाखाँची,शितगंगा नगरपालिका,14,5050614,55106
लुम्बिनी,पाल्पा,रामपुर नगरपालिका,1,5060101,54707
लुम्बिनी,पाल्पा,रामपुर नगरपालिका,2,5060102,54707
लुम्बिनी,पाल्पा,रामपुर नगरपालिका,3,5060103,54707
लुम्बिनी,पाल्पा,रामपुर नगरपालिका,4,5060104,54707
लुम्बिनी,पाल्पा,रामपुर नगरपालिका,5,5060105,54707
लुम्बिनी,पाल्पा,रामपुर नगरपालिका,6,5060106,54707
लुम्बिनी,पाल्पा,रामपुर नगरपालिका,7,5060107,54707
लुम्बिनी,पाल्पा,रामपुर नगरपालिका,8,5060108,54707
लुम्बिनी,पाल्पा,रामपुर नगरपालिका,9,5060109,54707
लुम्बिनी,पाल्पा,रामपुर नगरपालिका,10,5060110,54707
लुम्बिनी,पाल्पा,पुर्वखोला गाउँपालिका,1,5060201,54704
लुम्बिनी,पाल्पा,पुर्वखोला गाउँपालिका,2,5060202,54704
लुम्बिनी,पाल्पा,पुर्वखोला गाउँपालिका,3,5060203,54704
लुम्बिनी,पाल्पा,पुर्वखोला गाउँपालिका,4,5060204,54704
लुम्बिनी,पाल्पा,पुर्वखोला गाउँपालिका,5,5060205,54704
लुम्बिनी,पाल्पा,पुर्वखोला गाउँपालिका,6,5060206,54704
लुम्बिनी,पाल्पा,रम्भा गाउँपालिका,1,5060301,54706
लुम्बिनी,पाल्पा,रम्भा गाउँपालिका,2,5060302,54706
लुम्बिनी,पाल्पा,रम्भा गाउँपालिका,3,5060303,54706
लुम्बिनी,पाल्पा,रम्भा गाउँपालिका,4,5060304,54706
लुम्बिनी,पाल्पा,रम्भा गाउँपालिका,5,5060305,54706
लुम्बिनी,पाल्पा,बगनासकाली गाउँपालिका,1,5060401,54701
लुम्बिनी,पाल्पा,बगनासकाली गाउँपालिका,2,5060402,54701
लुम्बिनी,पाल्पा,बगनासकाली गाउँपालिका,3,5060403,54701
लुम्बिनी,पाल्पा,बगनासकाली गाउँपालिका,4,5060404,54701
लुम्बिनी,पाल्पा,बगनासकाली गाउँपालिका,5,5060405,54701
लुम्बिनी,पाल्पा,बगनासकाली गाउँपालिका,6,5060406,54701
लुम्बिनी,पाल्पा,बगनासकाली गाउँपालिका,7,5060407,54701
लुम्बिनी,पाल्पा,बगनासकाली गाउँपालिका,8,5060408,54701
लुम्बिनी,पाल्पा,बगनासकाली गाउँपालिका,9,5060409,54701
लुम्बिनी,पाल्पा,तानसेन नगरपालिका,1,5060501,54709
लुम्बिनी,पाल्पा,तानसेन नगरपालिका,2,5060502,54709
लुम्बिनी,पाल्पा,तानसेन नगरपालिका,3,5060503,54709
लुम्बिनी,पाल्पा,तानसेन नगरपालिका,4,5060504,54709
लुम्बिनी,पाल्पा,तानसेन नगरपालिका,5,5060505,54709
लुम्बिनी,पाल्पा,तानसेन नगरपालिका,6,5060506,54709
लुम्बिनी,पाल्पा,तानसेन नगरपालिका,7,5060507,54709
लुम्बिनी,पाल्पा,तानसेन नगरपालिका,8,5060508,54709
लुम्बिनी,पाल्पा,तानसेन नगरपालिका,9,5060509,54709
लुम्बिनी,पाल्पा,तानसेन नगरपालिका,10,5060510,54709
लुम्बिनी,पाल्पा,तानसेन नगरपालिका,11,5060511,54709
लुम्बिनी,पाल्पा,तानसेन नगरपालिका,12,5060512,54709
लुम्बिनी,पाल्पा,तानसेन नगरपालिका,13,5060513,54709
लुम्बिनी,पाल्पा,तानसेन नगरपालिका,14,5060514,54709
लुम्बिनी,पाल्पा,रिब्दीकोट गाउँपालिका,1,5060601,54708
लुम्बिनी,पाल्पा,रिब्दीकोट गाउँपालिका,2,5060602,54708
लुम्बिनी,पाल्पा,रिब्दीकोट गाउँपालिका,3,5060603,54708
लुम्बिनी,पाल्पा,रिब्दीकोट गाउँपालिका,4,5060604,54708
लुम्बिनी,पाल्पा,रिब्दीकोट गाउँपालिका,5,5060605,54708
लुम्बिनी,पाल्पा,रिब्दीकोट गाउँपालिका,6,5060606,54708
लुम्बिनी,पाल्पा,रिब्दीकोट गाउँपालिका,7,5060607,54708
लुम्बिनी,पाल्पा,रिब्दीकोट गाउँपालिका,8,5060608,54708
लुम्बिनी,पाल्पा,रैनादेवी छहरा गाउँपालिका,1,5060701,54705
लुम्बिनी,पाल्पा,रैनादेवी छहरा गाउँपालिका,2,5060702,54705
लुम्बिनी,पाल्पा,रैनादेवी छहरा गाउँपालिका,3,5060703,54705
लुम्बिनी,पाल्पा,रैनादेवी छहरा गाउँपालिका,4,5060704,54705
लुम्बिनी,पाल्पा,रैनादेवी छहरा गाउँपालिका,5,5060705,54705
लुम्बिनी,पाल्पा,रैनादेवी छहरा गाउँपालिका,6,5060706,54705
लुम्बिनी,पाल्पा,रैनादेवी छहरा गाउँपालिका,7,5060707,54705
लुम्बिनी,पाल्पा,रैनादेवी छहरा गाउँपालिका,8,5060708,54705
लुम्बिनी,पाल्पा,तिनाउ गाउँपालिका,1,5060801,54710
लुम्बिनी,पाल्पा,तिनाउ गाउँपालिका,2,5060802,54710
लुम्बिनी,पाल्पा,तिनाउ गाउँपालिका,3,5060803,54710
लुम्बिनी,पाल्पा,तिनाउ गाउँपालिका,4,5060804,54710
लुम्बिनी,पाल्पा,तिनाउ गाउँपालिका,5,5060805,54710
लुम्बिनी,पाल्पा,तिनाउ गाउँपालिका,6,5060806,54710
लुम्बिनी,पाल्पा,माथागढी गाउँपालिका,1,5060901,54702
लुम्बिनी,पाल्पा,माथागढी गाउँपालिका,2,5060902,54702
लुम्बिनी,पाल्पा,माथागढी गाउँपालिका,3,5060903,54702
लुम्बिनी,पाल्पा,माथागढी गाउँपालिका,4,5060904,54702
लुम्बिनी,पाल्पा,माथागढी गाउँपालिका,5,5060905,54702
लुम्बिनी,पाल्पा,माथागढी गाउँपालिका,6,5060906,54702
लुम्बिनी,पाल्पा,माथागढी गाउँपालिका,7,5060907,54702
लुम्बिनी,पाल्पा,माथागढी गाउँपालिका,8,5060908,54702
लुम्बिनी,पाल्पा,निस्दी गाउँपालिका,1,5061001,54703
लुम्बिनी,पाल्पा,निस्दी गाउँपालिका,2,5061002,54703
लुम्बिनी,पाल्पा,निस्दी गाउँपालिका,3,5061003,54703
लुम्बिनी,पाल्पा,निस्दी गाउँपालिका,4,5061004,54703
लुम्बिनी,पाल्पा,निस्दी गाउँपालिका,5,5061005,54703
लुम्बिनी,पाल्पा,निस्दी गाउँपालिका,6,5061006,54703
लुम्बिनी,पाल्पा,निस्दी गाउँपालिका,7,5061007,54703
लुम्बिनी,नवलपरासी (बर्दघाट सुस्ता पश्चिम),बर्दघाट नगरपालिका,1,5070101,54801
लुम्बिनी,नवलपरासी (बर्दघाट सुस्ता पश्चिम),बर्दघाट नगरपालिका,2,5070102,54801
लुम्बिनी,नवलपरासी (बर्दघाट सुस्ता पश्चिम),बर्दघाट नगरपालिका,3,5070103,54801
लुम्बिनी,नवलपरासी (बर्दघाट सुस्ता पश्चिम),बर्दघाट नगरपालिका,4,5070104,54801
लुम्बिनी,नवलपरासी (बर्दघाट सुस्ता पश्चिम),बर्दघाट नगरपालिका,5,5070105,54801
लुम्बिनी,नवलपरासी (बर्दघाट सुस्ता पश्चिम),बर्दघाट नगरपालिका,6,5070106,54801
लुम्बिनी,नवलपरासी (बर्दघाट सुस्ता पश्चिम),बर्दघाट नगरपालिका,7,5070107,54801
लुम्बिनी,नवलपरासी (बर्दघाट सुस्ता पश्चिम),बर्दघाट नगरपालिका,8,5070108,54801
लुम्बिनी,नवलपरासी (बर्दघाट सुस्ता पश्चिम),बर्दघाट नगरपालिका,9,5070109,54801
लुम्बिनी,नवलपरासी (बर्दघाट सुस्ता पश्चिम),बर्दघाट नगरपालिका,10,5070110,54801
लुम्बिनी,नवलपरासी (बर्दघाट सुस्ता पश्चिम),बर्दघाट नगरपालिका,11,5070111,54801
लुम्बिनी,नवलपरासी (बर्दघाट सुस्ता पश्चिम),बर्दघाट नगरपालिका,12,5070112,54801
लुम्बिनी,नवलपरासी (बर्दघाट सुस्ता पश्चिम),बर्दघाट नगरपालिका,13,5070113,54801
लुम्बिनी,नवलपरासी (बर्दघाट सुस्ता पश्चिम),बर्दघाट नगरपालिका,14,5070114,54801
लुम्बिनी,नवलपरासी (बर्दघाट सुस्ता पश्चिम),बर्दघाट नगरपालिका,15,5070115,54801
लुम्बिनी,नवलपरासी (बर्दघाट सुस्ता पश्चिम),बर्दघाट नगरपालिका,16,5070116,54801
लुम्बिनी,नवलपरासी (बर्दघाट सुस्ता पश्चिम),सुनवल नगरपालिका,1,5070201,54806
लुम्बिनी,नवलपरासी (बर्दघाट सुस्ता पश्चिम),सुनवल नगरपालिका,2,5070202,54806
लुम्बिनी,नवलपरासी (बर्दघाट सुस्ता पश्चिम),सुनवल नगरपालिका,3,5070203,54806
लुम्बिनी,नवलपरासी (बर्दघाट सुस्ता पश्चिम),सुनवल नगरपालिका,4,5070204,54806
लुम्बिनी,नवलपरासी (बर्दघाट सुस्ता पश्चिम),सुनवल नगरपालिका,5,5070205,54806
लुम्बिनी,नवलपरासी (बर्दघाट सुस्ता पश्चिम),सुनवल नगरपालिका,6,5070206,54806
लुम्बिनी,नवलपरासी (बर्दघाट सुस्ता पश्चिम),सुनवल नगरपालिका,7,5070207,54806
लुम्बिनी,नवलपरासी (बर्दघाट सुस्ता पश्चिम),सुनवल नगरपालिका,8,5070208,54806
लुम्बिनी,नवलपरासी (बर्दघाट सुस्ता पश्चिम),सुनवल नगरपालिका,9,5070209,54806
लुम्बिनी,नवलपरासी (बर्दघाट सुस्ता पश्चिम),सुनवल नगरपालिका,10,5070210,54806
लुम्बिनी,नवलपरासी (बर्दघाट सुस्ता पश्चिम),सुनवल नगरपालिका,11,5070211,54806
लुम्बिनी,नवलपरासी (बर्दघाट सुस्ता पश्चिम),सुनवल नगरपालिका,12,5070212,54806
लुम्बिनी,नवलपरासी (बर्दघाट सुस्ता पश्चिम),सुनवल नगरपालिका,13,5070213,54806
लुम्बिनी,नवलपरासी (बर्दघाट सुस्ता पश्चिम),रामग्राम नगरपालिका,1,5070301,54804
लुम्बिनी,नवलपरासी (बर्दघाट सुस्ता पश्चिम),रामग्राम नगरपालिका,2,5070302,54804
लुम्बिनी,नवलपरासी (बर्दघाट सुस्ता पश्चिम),रामग्राम नगरपालिका,3,5070303,54804
लुम्बिनी,नवलपरासी (बर्दघाट सुस्ता पश्चिम),रामग्राम नगरपालिका,4,5070304,54804
लुम्बिनी,नवलपरासी (बर्दघाट सुस्ता पश्चिम),रामग्राम नगरपालिका,5,5070305,54804
लुम्बिनी,नवलपरासी (बर्दघाट सुस्ता पश्चिम),रामग्राम नगरपालिका,6,5070306,54804
लुम्बिनी,नवलपरासी (बर्दघाट सुस्ता पश्चिम),रामग्राम नगरपालिका,7,5070307,54804
लुम्बिनी,नवलपरासी (बर्दघाट सुस्ता पश्चिम),रामग्राम नगरपालिका,8,5070308,54804
लुम्बिनी,नवलपरासी (बर्दघाट सुस्ता पश्चिम),रामग्राम नगरपालिका,9,5070309,54804
लुम्बिनी,नवलपरासी (बर्दघाट सुस्ता पश्चिम),रामग्राम नगरपालिका,10,5070310,54804
लुम्बिनी,नवलपरासी (बर्दघाट सुस्ता पश्चिम),रामग्राम नगरपालिका,11,5070311,54804
लुम्बिनी,नवलपरासी (बर्दघाट सुस्ता पश्चिम),रामग्राम नगरपालिका,12,5070312,54804
लुम्बिनी,नवलपरासी (बर्दघाट सुस्ता पश्चिम),रामग्राम नगरपालिका,13,5070313,54804
लुम्बिनी,नवलपरासी (बर्दघाट सुस्ता पश्चिम),रामग्राम नगरपालिका,14,5070314,54804
लुम्बिनी,नवलपरासी (बर्दघाट सुस्ता पश्चिम),रामग्राम नगरपालिका,15,5070315,54804
लुम्बिनी,नवलपरासी (बर्दघाट सुस्ता पश्चिम),रामग्राम नगरपालिका,16,5070316,54804
लुम्बिनी,नवलपरासी (बर्दघाट सुस्ता पश्चिम),रामग्राम नगरपालिका,17,5070317,54804
लुम्बिनी,नवलपरासी (बर्दघाट सुस्ता पश्चिम),रामग्राम नगरपालिका,18,5070318,54804
लुम्बिनी,नवलपरासी (बर्दघाट सुस्ता पश्चिम),पाल्हीनन्दन गाउँपालिका,1,5070401,54802
लुम्बिनी,नवलपरासी (बर्दघाट सुस्ता पश्चिम),पाल्हीनन्दन गाउँपालिका,2,5070402,54802
लुम्बिनी,नवलपरासी (बर्दघाट सुस्ता पश्चिम),पाल्हीनन्दन गाउँपालिका,3,5070403,54802
लुम्बिनी,नवलपरासी (बर्दघाट सुस्ता पश्चिम),पाल्हीनन्दन गाउँपालिका,4,5070404,54802
लुम्बिनी,नवलपरासी (बर्दघाट सुस्ता पश्चिम),पाल्हीनन्दन गाउँपालिका,5,5070405,54802
लुम्बिनी,नवलपरासी (बर्दघाट सुस्ता पश्चिम),पाल्हीनन्दन गाउँपालिका,6,5070406,54802
लुम्बिनी,नवलपरासी (बर्दघाट सुस्ता पश्चिम),सरावल गाउँपालिका,1,5070501,54805
लुम्बिनी,नवलपरासी (बर्दघाट सुस्ता पश्चिम),सरावल गाउँपालिका,2,5070502,54805
लुम्बिनी,नवलपरासी (बर्दघाट सुस्ता पश्चिम),सरावल गाउँपालिका,3,5070503,54805
लुम्बिनी,नवलपरासी (बर्दघाट सुस्ता पश्चिम),सरावल गाउँपालिका,4,5070504,54805
लुम्बिनी,नवलपरासी (बर्दघाट सुस्ता पश्चिम),सरावल गाउँपालिका,5,5070505,54805
लुम्बिनी,नवलपरासी (बर्दघाट सुस्ता पश्चिम),सरावल गाउँपालिका,6,5070506,54805
लुम्बिनी,नवलपरासी (बर्दघाट सुस्ता पश्चिम),सरावल गाउँपालिका,7,5070507,54805
लुम्बिनी,नवलपरासी (बर्दघाट सुस्ता पश्चिम),प्रतापपुर गाउँपालिका,1,5070601,54803
लुम्बिनी,नवलपरासी (बर्दघाट सुस्ता पश्चिम),प्रतापपुर गाउँपालिका,2,5070602,54803
लुम्बिनी,नवलपरासी (बर्दघाट सुस्ता पश्चिम),प्रतापपुर गाउँपालिका,3,5070603,54803
लुम्बिनी,नवलपरासी (बर्दघाट सुस्ता पश्चिम),प्रतापपुर गाउँपालिका,4,5070604,54803
लुम्बिनी,नवलपरासी (बर्दघाट सुस्ता पश्चिम),प्रतापपुर गाउँपालिका,5,5070605,54803
लुम्बिनी,नवलपरासी (बर्दघाट सुस्ता पश्चिम),प्रतापपुर गाउँपालिका,6,5070606,54803
लुम्बिनी,नवलपरासी (बर्दघाट सुस्ता पश्चिम),प्रतापपुर गाउँपालिका,7,5070607,54803
लुम्बिनी,नवलपरासी (बर्दघाट सुस्ता पश्चिम),प्रतापपुर गाउँपालिका,8,5070608,54803
लुम्बिनी,नवलपरासी (बर्दघाट सुस्ता पश्चिम),प्रतापपुर गाउँपालिका,9,5070609,54803
लुम्बिनी,नवलपरासी (बर्दघाट सुस्ता पश्चिम),सुस्ता गाउँपालिका,1,5070701,54807
लुम्बिनी,नवलपरासी (बर्दघाट सुस्ता पश्चिम),सुस्ता गाउँपालिका,2,5070702,54807
लुम्बिनी,नवलपरासी (बर्दघाट सुस्ता पश्चिम),सुस्ता गाउँपालिका,3,5070703,54807
लुम्बिनी,नवलपरासी (बर्दघाट सुस्ता पश्चिम),सुस्ता गाउँपालिका,4,5070704,54807
लुम्बिनी,नवलपरासी (बर्दघाट सुस्ता पश्चिम),सुस्ता गाउँपालिका,5,5070705,54807
लुम्बिनी,रुपन्देही,देबदह नगरपालिका,1,5080101,54902
लुम्बिनी,रुपन्देही,देबदह नगरपालिका,2,5080102,54902
लुम्बिनी,रुपन्देही,देबदह नगरपालिका,3,5080103,54902
लुम्बिनी,रुपन्देही,देबदह नगरपालिका,4,5080104,54902
लुम्बिनी,रुपन्देही,देबदह नगरपालिका,5,5080105,54902
लुम्बिनी,रुपन्देही,देबदह नगरपालिका,6,5080106,54902
लुम्बिनी,रुपन्देही,देबदह नगरपालिका,7,5080107,54902
लुम्बिनी,रुपन्देही,देबदह नगरपालिका,8,5080108,54902
लुम्बिनी,रुपन्देही,देबदह नगरपालिका,9,5080109,54902
लुम्बिनी,रुपन्देही,देबदह नगरपालिका,10,5080110,54902
लुम्बिनी,रुपन्देही,देबदह नगरपालिका,11,5080111,54902
लुम्बिनी,रुपन्देही,देबदह नगरपालिका,12,5080112,54902
लुम्बिनी,रुपन्देही,बुटवल उपमहानगरपालिका,1,5080201,54901
लुम्बिनी,रुपन्देही,बुटवल उपमहानगरपालिका,2,5080202,54901
लुम्बिनी,रुपन्देही,बुटवल उपमहानगरपालिका,3,5080203,54901
लुम्बिनी,रुपन्देही,बुटवल उपमहानगरपालिका,4,5080204,54901
लुम्बिनी,रुपन्देही,बुटवल उपमहानगरपालिका,5,5080205,54901
लुम्बिनी,रुपन्देही,बुटवल उपमहानगरपालिका,6,5080206,54901
लुम्बिनी,रुपन्देही,बुटवल उपमहानगरपालिका,7,5080207,54901
लुम्बिनी,रुपन्देही,बुटवल उपमहानगरपालिका,8,5080208,54901
लुम्बिनी,रुपन्देही,बुटवल उपमहानगरपालिका,9,5080209,54901
लुम्बिनी,रुपन्देही,बुटवल उपमहानगरपालिका,10,5080210,54901
लुम्बिनी,रुपन्देही,बुटवल उपमहानगरपालिका,11,5080211,54901
लुम्बिनी,रुपन्देही,बुटवल उपमहानगरपालिका,12,5080212,54901
लुम्बिनी,रुपन्देही,बुटवल उपमहानगरपालिका,13,5080213,54901
लुम्बिनी,रुपन्देही,बुटवल उपमहानगरपालिका,14,5080214,54901
लुम्बिनी,रुपन्देही,बुटवल उपमहानगरपालिका,15,5080215,54901
लुम्बिनी,रुपन्देही,बुटवल उपमहानगरपालिका,16,5080216,54901
लुम्बिनी,रुपन्देही,बुटवल उपमहानगरपालिका,17,5080217,54901
लुम्बिनी,रुपन्देही,बुटवल उपमहानगरपालिका,18,5080218,54901
लुम्बिनी,रुपन्देही,बुटवल उपमहानगरपालिका,19,5080219,54901
लुम्बिनी,रुपन्देही,सैनामैना नगरपालिका,1,5080301,54911
लुम्बिनी,रुपन्देही,सैनामैना नगरपालिका,2,5080302,54911
लुम्बिनी,रुपन्देही,सैनामैना नगरपालिका,3,5080303,54911
लुम्बिनी,रुपन्देही,सैनामैना नगरपालिका,4,5080304,54911
लुम्बिनी,रुपन्देही,सैनामैना नगरपालिका,5,5080305,54911
लुम्बिनी,रुपन्देही,सैनामैना नगरपालिका,6,5080306,54911
लुम्बिनी,रुपन्देही,सैनामैना नगरपालिका,7,5080307,54911
लुम्बिनी,रुपन्देही,सैनामैना नगरपालिका,8,5080308,54911
लुम्बिनी,रुपन्देही,सैनामैना नगरपालिका,9,5080309,54911
लुम्बिनी,रुपन्देही,सैनामैना नगरपालिका,10,5080310,54911
लुम्बिनी,रुपन्देही,सैनामैना नगरपालिका,11,5080311,54911
लुम्बिनी,रुपन्देही,कन्चन गाउँपालिका,1,5080401,54904
लुम्बिनी,रुपन्देही,कन्चन गाउँपालिका,2,5080402,54904
लुम्बिनी,रुपन्देही,कन्चन गाउँपालिका,3,5080403,54904
लुम्बिनी,रुपन्देही,कन्चन गाउँपालिका,4,5080404,54904
लुम्बिनी,रुपन्देही,कन्चन गाउँपालिका,5,5080405,54904
लुम्बिनी,रुपन्देही,गैडहवा गाउँपालिका,1,5080501,54903
लुम्बिनी,रुपन्देही,गैडहवा गाउँपालिका,2,5080502,54903
लुम्बिनी,रुपन्देही,गैडहवा गाउँपालिका,3,5080503,54903
लुम्बिनी,रुपन्देही,गैडहवा गाउँपालिका,4,5080504,54903
लुम्बिनी,रुपन्देही,गैडहवा गाउँपालिका,5,5080505,54903
लुम्बिनी,रुपन्देही,गैडहवा गाउँपालिका,6,5080506,54903
लुम्बिनी,रुपन्देही,गैडहवा गाउँपालिका,7,5080507,54903
लुम्बिनी,रुपन्देही,गैडहवा गाउँपालिका,8,5080508,54903
लुम्बिनी,रुपन्देही,गैडहवा गाउँपालिका,9,5080509,54903
लुम्बिनी,रुपन्देही,सुद्धोधन गाउँपालिका,1,5080601,54915
लुम्बिनी,रुपन्देही,सुद्धोधन गाउँपालिका,2,5080602,54915
लुम्बिनी,रुपन्देही,सुद्धोधन गाउँपालिका,3,5080603,54915
लुम्बिनी,रुपन्देही,सुद्धोधन गाउँपालिका,4,5080604,54915
लुम्बिनी,रुपन्देही,सुद्धोधन गाउँपालिका,5,5080605,54915
लुम्बिनी,रुपन्देही,सुद्धोधन गाउँपालिका,6,5080606,54915
लुम्बिनी,रुपन्देही,सुद्धोधन गाउँपालिका,7,5080607,54915
लुम्बिनी,रुपन्देही,सियारी गाउँपालिका,1,5080701,54914
लुम्बिनी,रुपन्देही,सियारी गाउँपालिका,2,5080702,54914
लुम्बिनी,रुपन्देही,सियारी गाउँपालिका,3,5080703,54914
लुम्बिनी,रुपन्देही,सियारी गाउँपालिका,4,5080704,54914
लुम्बिनी,रुपन्देही,सियारी गाउँपालिका,5,5080705,54914
लुम्बिनी,रुपन्देही,सियारी गाउँपालिका,6,5080706,54914
लुम्बिनी,रुपन्देही,सियारी गाउँपालिका,7,5080707,54914
लुम्बिनी,रुपन्देही,तिलोत्तमा नगरापालिका,1,5080801,54916
लुम्बिनी,रुपन्देही,तिलोत्तमा नगरापालिका,2,5080802,54916
लुम्बिनी,रुपन्देही,तिलोत्तमा नगरापालिका,3,5080803,54916
लुम्बिनी,रुपन्देही,तिलोत्तमा नगरापालिका,4,5080804,54916
लुम्बिनी,रुपन्देही,तिलोत्तमा नगरापालिका,5,5080805,54916
लुम्बिनी,रुपन्देही,तिलोत्तमा नगरापालिका,6,5080806,54916
लुम्बिनी,रुपन्देही,तिलोत्तमा नगरापालिका,7,5080807,54916
लुम्बिनी,रुपन्देही,तिलोत्तमा नगरापालिका,8,5080808,54916
लुम्बिनी,रुपन्देही,तिलोत्तमा नगरापालिका,9,5080809,54916
लुम्बिनी,रुपन्देही,तिलोत्तमा नगरापालिका,10,5080810,54916
लुम्बिनी,रुपन्देही,तिलोत्तमा नगरापालिका,11,5080811,54916
लुम्बिनी,रुपन्देही,तिलोत्तमा नगरापालिका,12,5080812,54916
लुम्बिनी,रुपन्देही,तिलोत्तमा नगरापालिका,13,5080813,54916
लुम्बिनी,रुपन्देही,तिलोत्तमा नगरापालिका,14,5080814,54916
लुम्बिनी,रुपन्देही,तिलोत्तमा नगरापालिका,15,5080815,54916
लुम्बिनी,रुपन्देही,तिलोत्तमा नगरापालिका,16,5080816,54916
लुम्बिनी,रुपन्देही,तिलोत्तमा नगरापालिका,17,5080817,54916
लुम्बिनी,रुपन्देही,ओमसतिया गाउँपालिका,1,5080901,54909
लुम्बिनी,रुपन्देही,ओमसतिया गाउँपालिका,2,5080902,54909
लुम्बिनी,रुपन्देही,ओमसतिया गाउँपालिका,3,5080903,54909
लुम्बिनी,रुपन्देही,ओमसतिया गाउँपालिका,4,5080904,54909
लुम्बिनी,रुपन्देही,ओमसतिया गाउँपालिका,5,5080905,54909
लुम्बिनी,रुपन्देही,ओमसतिया गाउँपालिका,6,5080906,54909
लुम्बिनी,रुपन्देही,रोहिणी गाउँपालिका,1,5081001,54910
लुम्बिनी,रुपन्देही,रोहिणी गाउँपालिका,2,5081002,54910
लुम्बिनी,रुपन्देही,रोहिणी गाउँपालिका,3,5081003,54910
लुम्बिनी,रुपन्देही,रोहिणी गाउँपालिका,4,5081004,54910
लुम्बिनी,रुपन्देही,रोहिणी गाउँपालिका,5,5081005,54910
लुम्बिनी,रुपन्देही,रोहिणी गाउँपालिका,6,5081006,54910
लुम्बिनी,रुपन्देही,रोहिणी गाउँपालिका,7,5081007,54910
लुम्बिनी,रुपन्देही,सिद्धार्थनगर नगरपालिका,1,5081101,54913
लुम्बिनी,रुपन्देही,सिद्धार्थनगर नगरपालिका,2,5081102,54913
लुम्बिनी,रुपन्देही,सिद्धार्थनगर नगरपालिका,3,5081103,54913
लुम्बिनी,रुपन्देही,सिद्धार्थनगर नगरपालिका,4,5081104,54913
लुम्बिनी,रुपन्देही,सिद्धार्थनगर नगरपालिका,5,5081105,54913
लुम्बिनी,रुपन्देही,सिद्धार्थनगर नगरपालिका,6,5081106,54913
लुम्बिनी,रुपन्देही,सिद्धार्थनगर नगरपालिका,7,5081107,54913
लुम्बिनी,रुपन्देही,सिद्धार्थनगर नगरपालिका,8,5081108,54913
लुम्बिनी,रुपन्देही,सिद्धार्थनगर नगरपालिका,9,5081109,54913
लुम्बिनी,रुपन्देही,सिद्धार्थनगर नगरपालिका,10,5081110,54913
लुम्बिनी,रुपन्देही,सिद्धार्थनगर नगरपालिका,11,5081111,54913
लुम्बिनी,रुपन्देही,सिद्धार्थनगर नगरपालिका,12,5081112,54913
लुम्बिनी,रुपन्देही,सिद्धार्थनगर नगरपालिका,13,5081113,54913
लुम्बिनी,रुपन्देही,मायादेवी गाउँपालिका,1,5081201,54908
लुम्बिनी,रुपन्देही,मायादेवी गाउँपालिका,2,5081202,54908
लुम्बिनी,रुपन्देही,मायादेवी गाउँपालिका,3,5081203,54908
लुम्बिनी,रुपन्देही,मायादेवी गाउँपालिका,4,5081204,54908
लुम्बिनी,रुपन्देही,मायादेवी गाउँपालिका,5,5081205,54908
लुम्बिनी,रुपन्देही,मायादेवी गाउँपालिका,6,5081206,54908
लुम्बिनी,रुपन्देही,मायादेवी गाउँपालिका,7,5081207,54908
लुम्बिनी,रुपन्देही,मायादेवी गाउँपालिका,8,5081208,54908
लुम्बिनी,रुपन्देही,लुम्बिनी साँस्कृतिक नगरपालिका,1,5081301,54906
लुम्बिनी,रुपन्देही,लुम्बिनी साँस्कृतिक नगरपालिका,2,5081302,54906
लुम्बिनी,रुपन्देही,लुम्बिनी साँस्कृतिक नगरपालिका,3,5081303,54906
लुम्बिनी,रुपन्देही,लुम्बिनी साँस्कृतिक नगरपालिका,4,5081304,54906
लुम्बिनी,रुपन्देही,लुम्बिनी साँस्कृतिक नगरपालिका,5,5081305,54906
लुम्बिनी,रुपन्देही,लुम्बिनी साँस्कृतिक नगरपालिका,6,5081306,54906
लुम्बिनी,रुपन्देही,लुम्बिनी साँस्कृतिक नगरपालिका,7,5081307,54906
लुम्बिनी,रुपन्देही,लुम्बिनी साँस्कृतिक नगरपालिका,8,5081308,54906
लुम्बिनी,रुपन्देही,लुम्बिनी साँस्कृतिक नगरपालिका,9,5081309,54906
लुम्बिनी,रुपन्देही,लुम्बिनी साँस्कृतिक नगरपालिका,10,5081310,54906
लुम्बिनी,रुपन्देही,लुम्बिनी साँस्कृतिक नगरपालिका,11,5081311,54906
लुम्बिनी,रुपन्देही,लुम्बिनी साँस्कृतिक नगरपालिका,12,5081312,54906
लुम्बिनी,रुपन्देही,लुम्बिनी साँस्कृतिक नगरपालिका,13,5081313,54906
लुम्बिनी,रुपन्देही,कोटहीमाई गाउँपालिका,1,5081401,54905
लुम्बिनी,रुपन्देही,कोटहीमाई गाउँपालिका,2,5081402,54905
लुम्बिनी,रुपन्देही,कोटहीमाई गाउँपालिका,3,5081403,54905
लुम्बिनी,रुपन्देही,कोटहीमाई गाउँपालिका,4,5081404,54905
लुम्बिनी,रुपन्देही,कोटहीमाई गाउँपालिका,5,5081405,54905
लुम्बिनी,रुपन्देही,कोटहीमाई गाउँपालिका,6,5081406,54905
लुम्बिनी,रुपन्देही,कोटहीमाई गाउँपालिका,7,5081407,54905
लुम्बिनी,रुपन्देही,सम्मरीमाई गाउँपालिका,1,5081501,54912
लुम्बिनी,रुपन्देही,सम्मरीमाई गाउँपालिका,2,5081502,54912
लुम्बिनी,रुपन्देही,सम्मरीमाई गाउँपालिका,3,5081503,54912
लुम्बिनी,रुपन्देही,सम्मरीमाई गाउँपालिका,4,5081504,54912
लुम्बिनी,रुपन्देही,सम्मरीमाई गाउँपालिका,5,5081505,54912
लुम्बिनी,रुपन्देही,सम्मरीमाई गाउँपालिका,6,5081506,54912
लुम्बिनी,रुपन्देही,सम्मरीमाई गाउँपालिका,7,5081507,54912
लुम्बिनी,रुपन्देही,मर्चवारी गाउँपालिका,1,5081601,54907
लुम्बिनी,रुपन्देही,मर्चवारी गाउँपालिका,2,5081602,54907
लुम्बिनी,रुपन्देही,मर्चवारी गाउँपालिका,3,5081603,54907
लुम्बिनी,रुपन्देही,मर्चवारी गाउँपालिका,4,5081604,54907
लुम्बिनी,रुपन्देही,मर्चवारी गाउँपालिका,5,5081605,54907
लुम्बिनी,रुपन्देही,मर्चवारी गाउँपालिका,6,5081606,54907
लुम्बिनी,रुपन्देही,मर्चवारी गाउँपालिका,7,5081607,54907
लुम्बिनी,कपिलवस्तु,बाणगंगा नगरपालिका,1,5090101,55001
लुम्बिनी,कपिलवस्तु,बाणगंगा नगरपालिका,2,5090102,55001
लुम्बिनी,कपिलवस्तु,बाणगंगा नगरपालिका,3,5090103,55001
लुम्बिनी,कपिलवस्तु,बाणगंगा नगरपालिका,4,5090104,55001
लुम्बिनी,कपिलवस्तु,बाणगंगा नगरपालिका,5,5090105,55001
लुम्बिनी,कपिलवस्तु,बाणगंगा नगरपालिका,6,5090106,55001
लुम्बिनी,कपिलवस्तु,बाणगंगा नगरपालिका,7,5090107,55001
लुम्बिनी,कपिलवस्तु,बाणगंगा नगरपालिका,8,5090108,55001
लुम्बिनी,कपिलवस्तु,बाणगंगा नगरपालिका,9,5090109,55001
लुम्बिनी,कपिलवस्तु,बाणगंगा नगरपालिका,10,5090110,55001
लुम्बिनी,कपिलवस्तु,बाणगंगा नगरपालिका,11,5090111,55001
लुम्बिनी,कपिलवस्तु,बुद्धभूमी नगरपालिका,1,5090201,55003
लुम्बिनी,कपिलवस्तु,बुद्धभूमी नगरपालिका,2,5090202,55003
लुम्बिनी,कपिलवस्तु,बुद्धभूमी नगरपालिका,3,5090203,55003
लुम्बिनी,कपिलवस्तु,बुद्धभूमी नगरपालिका,4,5090204,55003
लुम्बिनी,कपिलवस्तु,बुद्धभूमी नगरपालिका,5,5090205,55003
लुम्बिनी,कपिलवस्तु,बुद्धभूमी नगरपालिका,6,5090206,55003
लुम्बिनी,कपिलवस्तु,बुद्धभूमी नगरपालिका,7,5090207,55003
लुम्बिनी,कपिलवस्तु,बुद्धभूमी नगरपालिका,8,5090208,55003
लुम्बिनी,कपिलवस्तु,बुद्धभूमी नगरपालिका,9,5090209,55003
लुम्बिनी,कपिलवस्तु,बुद्धभूमी नगरपालिका,10,5090210,55003
लुम्बिनी,कपिलवस्तु,शिवराज नगरपालिका,1,5090301,55008
लुम्बिनी,कपिलवस्तु,शिवराज नगरपालिका,2,5090302,55008
लुम्बिनी,कपिलवस्तु,शिवराज नगरपालिका,3,5090303,55008
लुम्बिनी,कपिलवस्तु,शिवराज नगरपालिका,4,5090304,55008
लुम्बिनी,कपिलवस्तु,शिवराज नगरपालिका,5,5090305,55008
लुम्बिनी,कपिलवस्तु,शिवराज नगरपालिका,6,5090306,55008
लुम्बिनी,कपिलवस्तु,शिवराज नगरपालिका,7,5090307,55008
लुम्बिनी,कपिलवस्तु,शिवराज नगरपालिका,8,5090308,55008
लुम्बिनी,कपिलवस्तु,शिवराज नगरपालिका,9,5090309,55008
लुम्बिनी,कपिलवस्तु,शिवराज नगरपालिका,10,5090310,55008
लुम्बिनी,कपिलवस्तु,शिवराज नगरपालिका,11,5090311,55008
लुम्बिनी,कपिलवस्तु,बिजयनगर गाउँपालिका,1,5090401,55002
लुम्बिनी,कपिलवस्तु,बिजयनगर गाउँपालिका,2,5090402,55002
लुम्बिनी,कपिलवस्तु,बिजयनगर गाउँपालिका,3,5090403,55002
लुम्बिनी,कपिलवस्तु,बिजयनगर गाउँपालिका,4,5090404,55002
लुम्बिनी,कपिलवस्तु,बिजयनगर गाउँपालिका,5,5090405,55002
लुम्बिनी,कपिलवस्तु,बिजयनगर गाउँपालिका,6,5090406,55002
लुम्बिनी,कपिलवस्तु,बिजयनगर गाउँपालिका,7,5090407,55002
लुम्बिनी,कपिलवस्तु,कृष्णनगर नगरपालिका,1,5090501,55005
लुम्बिनी,कपिलवस्तु,कृष्णनगर नगरपालिका,2,5090502,55005
लुम्बिनी,कपिलवस्तु,कृष्णनगर नगरपालिका,3,5090503,55005
लुम्बिनी,कपिलवस्तु,कृष्णनगर नगरपालिका,4,5090504,55005
लुम्बिनी,कपिलवस्तु,कृष्णनगर नगरपालिका,5,5090505,55005
लुम्बिनी,कपिलवस्तु,कृष्णनगर नगरपालिका,6,5090506,55005
लुम्बिनी,कपिलवस्तु,कृष्णनगर नगरपालिका,7,5090507,55005
लुम्बिनी,कपिलवस्तु,कृष्णनगर नगरपालिका,8,5090508,55005
लुम्बिनी,कपिलवस्तु,कृष्णनगर नगरपालिका,9,5090509,55005
लुम्बिनी,कपिलवस्तु,कृष्णनगर नगरपालिका,10,5090510,55005
लुम्बिनी,कपिलवस्तु,कृष्णनगर नगरपालिका,11,5090511,55005
लुम्बिनी,कपिलवस्तु,कृष्णनगर नगरपालिका,12,5090512,55005
लुम्बिनी,कपिलवस्तु,महाराजगन्ज नगरपालिका,1,5090601,55006
लुम्बिनी,कपिलवस्तु,महाराजगन्ज नगरपालिका,2,5090602,55006
लुम्बिनी,कपिलवस्तु,महाराजगन्ज नगरपालिका,3,5090603,55006
लुम्बिनी,कपिलवस्तु,महाराजगन्ज नगरपालिका,4,5090604,55006
लुम्बिनी,कपिलवस्तु,महाराजगन्ज नगरपालिका,5,5090605,55006
लुम्बिनी,कपिलवस्तु,महाराजगन्ज नगरपालिका,6,5090606,55006
लुम्बिनी,कपिलवस्तु,महाराजगन्ज नगरपालिका,7,5090607,55006
लुम्बिनी,कपिलवस्तु,महाराजगन्ज नगरपालिका,8,5090608,55006
लुम्बिनी,कपिलवस्तु,महाराजगन्ज नगरपालिका,9,5090609,55006
लुम्बिनी,कपिलवस्तु,महाराजगन्ज नगरपालिका,10,5090610,55006
लुम्बिनी,कपिलवस्तु,महाराजगन्ज नगरपालिका,11,5090611,55006
लुम्बिनी,कपिलवस्तु,कपिलबस्तु नगरपालिका,1,5090701,55004
लुम्बिनी,कपिलवस्तु,कपिलबस्तु नगरपालिका,2,5090702,55004
लुम्बिनी,कपिलवस्तु,कपिलबस्तु नगरपालिका,3,5090703,55004
लुम्बिनी,कपिलवस्तु,कपिलबस्तु नगरपालिका,4,5090704,55004
लुम्बिनी,कपिलवस्तु,कपिलबस्तु नगरपालिका,5,5090705,55004
लुम्बिनी,कपिलवस्तु,कपिलबस्तु नगरपालिका,6,5090706,55004
लुम्बिनी,कपिलवस्तु,कपिलबस्तु नगरपालिका,7,5090707,55004
लुम्बिनी,कपिलवस्तु,कपिलबस्तु नगरपालिका,8,5090708,55004
लुम्बिनी,कपिलवस्तु,कपिलबस्तु नगरपालिका,9,5090709,55004
लुम्बिनी,कपिलवस्तु,कपिलबस्तु नगरपालिका,10,5090710,55004
लुम्बिनी,कपिलवस्तु,कपिलबस्तु नगरपालिका,11,5090711,55004
लुम्बिनी,कपिलवस्तु,कपिलबस्तु नगरपालिका,12,5090712,55004
लुम्बिनी,कपिलवस्तु,यसोधरा गाउँपालिका,1,5090801,55010
लुम्बिनी,कपिलवस्तु,यसोधरा गाउँपालिका,2,5090802,55010
लुम्बिनी,कपिलवस्तु,यसोधरा गाउँपालिका,3,5090803,55010
लुम्बिनी,कपिलवस्तु,यसोधरा गाउँपालिका,4,5090804,55010
लुम्बिनी,कपिलवस्तु,यसोधरा गाउँपालिका,5,5090805,55010
लुम्बिनी,कपिलवस्तु,यसोधरा गाउँपालिका,6,5090806,55010
लुम्बिनी,कपिलवस्तु,यसोधरा गाउँपालिका,7,5090807,55010
लुम्बिनी,कपिलवस्तु,यसोधरा गाउँपालिका,8,5090808,55010
लुम्बिनी,कपिलवस्तु,मायादेवी गाउँपालिका,1,5090901,55007
लुम्बिनी,कपिलवस्तु,मायादेवी गाउँपालिका,2,5090902,55007
लुम्बिनी,कपिलवस्तु,मायादेवी गाउँपालिका,3,5090903,55007
लुम्बिनी,कपिलवस्तु,मायादेवी गाउँपालिका,4,5090904,55007
लुम्बिनी,कपिलवस्तु,मायादेवी गाउँपालिका,5,5090905,55007
लुम्बिनी,कपिलवस्तु,मायादेवी गाउँपालिका,6,5090906,55007
लुम्बिनी,कपिलवस्तु,मायादेवी गाउँपालिका,7,5090907,55007
लुम्बिनी,कपिलवस्तु,मायादेवी गाउँपालिका,8,5090908,55007
लुम्बिनी,कपिलवस्तु,शुद्धोधन गाउँपालिका,1,5091001,55009
लुम्बिनी,कपिलवस्तु,शुद्धोधन गाउँपालिका,2,5091002,55009
लुम्बिनी,कपिलवस्तु,शुद्धोधन गाउँपालिका,3,5091003,55009
लुम्बिनी,कपिलवस्तु,शुद्धोधन गाउँपालिका,4,5091004,55009
लुम्बिनी,कपिलवस्तु,शुद्धोधन गाउँपालिका,5,5091005,55009
लुम्बिनी,कपिलवस्तु,शुद्धोधन गाउँपालिका,6,5091006,55009
लुम्बिनी,दाङ,बंगलाचुली गाउँपालिका,1,5100101,55602
लुम्बिनी,दाङ,बंगलाचुली गाउँपालिका,2,5100102,55602
लुम्बिनी,दाङ,बंगलाचुली गाउँपालिका,3,5100103,55602
लुम्बिनी,दाङ,बंगलाचुली गाउँपालिका,4,5100104,55602
लुम्बिनी,दाङ,बंगलाचुली गाउँपालिका,5,5100105,55602
लुम्बिनी,दाङ,बंगलाचुली गाउँपालिका,6,5100106,55602
लुम्बिनी,दाङ,बंगलाचुली गाउँपालिका,7,5100107,55602
लुम्बिनी,दाङ,बंगलाचुली गाउँपालिका,8,5100108,55602
लुम्बिनी,दाङ,घोराही उपमहानगरपालिका,1,5100201,55605
लुम्बिनी,दाङ,घोराही उपमहानगरपालिका,2,5100202,55605
लुम्बिनी,दाङ,घोराही उपमहानगरपालिका,3,5100203,55605
लुम्बिनी,दाङ,घोराही उपमहानगरपालिका,4,5100204,55605
लुम्बिनी,दाङ,घोराही उपमहानगरपालिका,5,5100205,55605
लुम्बिनी,दाङ,घोराही उपमहानगरपालिका,6,5100206,55605
लुम्बिनी,दाङ,घोराही उपमहानगरपालिका,7,5100207,55605
लुम्बिनी,दाङ,घोराही उपमहानगरपालिका,8,5100208,55605
लुम्बिनी,दाङ,घोराही उपमहानगरपालिका,9,5100209,55605
लुम्बिनी,दाङ,घोराही उपमहानगरपालिका,10,5100210,55605
लुम्बिनी,दाङ,घोराही उपमहानगरपालिका,11,5100211,55605
लुम्बिनी,दाङ,घोराही उपमहानगरपालिका,12,5100212,55605
लुम्बिनी,दाङ,घोराही उपमहानगरपालिका,13,5100213,55605
लुम्बिनी,दाङ,घोराही उपमहानगरपालिका,14,5100214,55605
लुम्बिनी,दाङ,घोराही उपमहानगरपालिका,15,5100215,55605
लुम्बिनी,दाङ,घोराही उपमहानगरपालिका,16,5100216,55605
लुम्बिनी,दाङ,घोराही उपमहानगरपालिका,17,5100217,55605
लुम्बिनी,दाङ,घोराही उपमहानगरपालिका,18,5100218,55605
लुम्बिनी,दाङ,घोराही उपमहानगरपालिका,19,5100219,55605
लुम्बिनी,दाङ,तुल्सीपुर उपमहानगरपालिका,1,5100301,55610
लुम्बिनी,दाङ,तुल्सीपुर उपमहानगरपालिका,2,5100302,55610
लुम्बिनी,दाङ,तुल्सीपुर उपमहानगरपालिका,3,5100303,55610
लुम्बिनी,दाङ,तुल्सीपुर उपमहानगरपालिका,4,5100304,55610
लुम्बिनी,दाङ,तुल्सीपुर उपमहानगरपालिका,5,5100305,55610
लुम्बिनी,दाङ,तुल्सीपुर उपमहानगरपालिका,6,5100306,55610
लुम्बिनी,दाङ,तुल्सीपुर उपमहानगरपालिका,7,5100307,55610
लुम्बिनी,दाङ,तुल्सीपुर उपमहानगरपालिका,8,5100308,55610
लुम्बिनी,दाङ,तुल्सीपुर उपमहानगरपालिका,9,5100309,55610
लुम्बिनी,दाङ,तुल्सीपुर उपमहानगरपालिका,10,5100310,55610
लुम्बिनी,दाङ,तुल्सीपुर उपमहानगरपालिका,11,5100311,55610
लुम्बिनी,दाङ,तुल्सीपुर उपमहानगरपालिका,12,5100312,55610
लुम्बिनी,दाङ,तुल्सीपुर उपमहानगरपालिका,13,5100313,55610
लुम्बिनी,दाङ,तुल्सीपुर उपमहानगरपालिका,14,5100314,55610
लुम्बिनी,दाङ,तुल्सीपुर उपमहानगरपालिका,15,5100315,55610
लुम्बिनी,दाङ,तुल्सीपुर उपमहानगरपालिका,16,5100316,55610
लुम्बिनी,दाङ,तुल्सीपुर उपमहानगरपालिका,17,5100317,55610
लुम्बिनी,दाङ,तुल्सीपुर उपमहानगरपालिका,18,5100318,55610
लुम्बिनी,दाङ,तुल्सीपुर उपमहानगरपालिका,19,5100319,55610
लुम्बिनी,दाङ,शान्तिनगर गाउँपालिका,1,5100401,55609
लुम्बिनी,दाङ,शान्तिनगर गाउँपालिका,2,5100402,55609
लुम्बिनी,दाङ,शान्तिनगर गाउँपालिका,3,5100403,55609
लुम्बिनी,दाङ,शान्तिनगर गाउँपालिका,4,5100404,55609
लुम्बिनी,दाङ,शान्तिनगर गाउँपालिका,5,5100405,55609
लुम्बिनी,दाङ,शान्तिनगर गाउँपालिका,6,5100406,55609
लुम्बिनी,दाङ,शान्तिनगर गाउँपालिका,7,5100407,55609
लुम्बिनी,दाङ,बबई गाउँपालिका,1,5100501,55601
लुम्बिनी,दाङ,बबई गाउँपालिका,2,5100502,55601
लुम्बिनी,दाङ,बबई गाउँपालिका,3,5100503,55601
लुम्बिनी,दाङ,बबई गाउँपालिका,4,5100504,55601
लुम्बिनी,दाङ,बबई गाउँपालिका,5,5100505,55601
लुम्बिनी,दाङ,बबई गाउँपालिका,6,5100506,55601
लुम्बिनी,दाङ,बबई गाउँपालिका,7,5100507,55601
लुम्बिनी,दाङ,दंगीशरण गाउँपालिका,1,5100601,55603
लुम्बिनी,दाङ,दंगीशरण गाउँपालिका,2,5100602,55603
लुम्बिनी,दाङ,दंगीशरण गाउँपालिका,3,5100603,55603
लुम्बिनी,दाङ,दंगीशरण गाउँपालिका,4,5100604,55603
लुम्बिनी,दाङ,दंगीशरण गाउँपालिका,5,5100605,55603
लुम्बिनी,दाङ,दंगीशरण गाउँपालिका,6,5100606,55603
लुम्बिनी,दाङ,दंगीशरण गाउँपालिका,7,5100607,55603
लुम्बिनी,दाङ,लमही नगरपालिका,1,5100701,55606
लुम्बिनी,दाङ,लमही नगरपालिका,2,5100702,55606
लुम्बिनी,दाङ,लमही नगरपालिका,3,5100703,55606
लुम्बिनी,दाङ,लमही नगरपालिका,4,5100704,55606
लुम्बिनी,दाङ,लमही नगरपालिका,5,5100705,55606
लुम्बिनी,दाङ,लमही नगरपालिका,6,5100706,55606
लुम्बिनी,दाङ,लमही नगरपालिका,7,5100707,55606
लुम्बिनी,दाङ,लमही नगरपालिका,8,5100708,55606
लुम्बिनी,दाङ,लमही नगरपालिका,9,5100709,55606
लुम्बिनी,दाङ,राप्ती गाउँपालिका,1,5100801,55608
लुम्बिनी,दाङ,राप्ती गाउँपालिका,2,5100802,55608
लुम्बिनी,दाङ,राप्ती गाउँपालिका,3,5100803,55608
लुम्बिनी,दाङ,राप्ती गाउँपालिका,4,5100804,55608
लुम्बिनी,दाङ,राप्ती गाउँपालिका,5,5100805,55608
लुम्बिनी,दाङ,राप्ती गाउँपालिका,6,5100806,55608
लुम्बिनी,दाङ,राप्ती गाउँपालिका,7,5100807,55608
लुम्बिनी,दाङ,राप्ती गाउँपालिका,8,5100808,55608
लुम्बिनी,दाङ,राप्ती गाउँपालिका,9,5100809,55608
लुम्बिनी,दाङ,गढवा गाउँपालिका,1,5100901,55604
लुम्बिनी,दाङ,गढवा गाउँपालिका,2,5100902,55604
लुम्बिनी,दाङ,गढवा गाउँपालिका,3,5100903,55604
लुम्बिनी,दाङ,गढवा गाउँपालिका,4,5100904,55604
लुम्बिनी,दाङ,गढवा गाउँपालिका,5,5100905,55604
लुम्बिनी,दाङ,गढवा गाउँपालिका,6,5100906,55604
लुम्बिनी,दाङ,गढवा गाउँपालिका,7,5100907,55604
लुम्बिनी,दाङ,गढवा गाउँपालिका,8,5100908,55604
लुम्बिनी,दाङ,राजपुर गाउँपालिका,1,5101001,55607
लुम्बिनी,दाङ,राजपुर गाउँपालिका,2,5101002,55607
लुम्बिनी,दाङ,राजपुर गाउँपालिका,3,5101003,55607
लुम्बिनी,दाङ,राजपुर गाउँपालिका,4,5101004,55607
लुम्बिनी,दाङ,राजपुर गाउँपालिका,5,5101005,55607
लुम्बिनी,दाङ,राजपुर गाउँपालिका,6,5101006,55607
लुम्बिनी,दाङ,राजपुर गाउँपालिका,7,5101007,55607
लुम्बिनी,बाँके,राप्ती सोनारी गाउँपालिका,1,5110101,55708
लुम्बिनी,बाँके,राप्ती सोनारी गाउँपालिका,2,5110102,55708
लुम्बिनी,बाँके,राप्ती सोनारी गाउँपालिका,3,5110103,55708
लुम्बिनी,बाँके,राप्ती सोनारी गाउँपालिका,4,5110104,55708
लुम्बिनी,बाँके,राप्ती सोनारी गाउँपालिका,5,5110105,55708
लुम्बिनी,बाँके,राप्ती सोनारी गाउँपालिका,6,5110106,55708
लुम्बिनी,बाँके,राप्ती सोनारी गाउँपालिका,7,5110107,55708
लुम्बिनी,बाँके,राप्ती सोनारी गाउँपालिका,8,5110108,55708
लुम्बिनी,बाँके,राप्ती सोनारी गाउँपालिका,9,5110109,55708
लुम्बिनी,बाँके,कोहलपुर नगरपालिका,1,5110201,55705
लुम्बिनी,बाँके,कोहलपुर नगरपालिका,2,5110202,55705
लुम्बिनी,बाँके,कोहलपुर नगरपालिका,3,5110203,55705
लुम्बिनी,बाँके,कोहलपुर नगरपालिका,4,5110204,55705
लुम्बिनी,बाँके,कोहलपुर नगरपालिका,5,5110205,55705
लुम्बिनी,बाँके,कोहलपुर नगरपालिका,6,5110206,55705
लुम्बिनी,बाँके,कोहलपुर नगरपालिका,7,5110207,55705
लुम्बिनी,बाँके,कोहलपुर नगरपालिका,8,5110208,55705
लुम्बिनी,बाँके,कोहलपुर नगरपालिका,9,5110209,55705
लुम्बिनी,बाँके,कोहलपुर नगरपालिका,10,5110210,55705
लुम्बिनी,बाँके,कोहलपुर नगरपालिका,11,5110211,55705
लुम्बिनी,बाँके,कोहलपुर नगरपालिका,12,5110212,55705
लुम्बिनी,बाँके,कोहलपुर नगरपालिका,13,5110213,55705
लुम्बिनी,बाँके,कोहलपुर नगरपालिका,14,5110214,55705
लुम्बिनी,बाँके,कोहलपुर नगरपालिका,15,5110215,55705
लुम्बिनी,बाँके,बैजनाथ गाउँपालिका,1,5110301,55701
लुम्बिनी,बाँके,बैजनाथ गाउँपालिका,2,5110302,55701
लुम्बिनी,बाँके,बैजनाथ गाउँपालिका,3,5110303,55701
लुम्बिनी,बाँके,बैजनाथ गाउँपालिका,4,5110304,55701
लुम्बिनी,बाँके,बैजनाथ गाउँपालिका,5,5110305,55701
लुम्बिनी,बाँके,बैजनाथ गाउँपालिका,6,5110306,55701
लुम्बिनी,बाँके,बैजनाथ गाउँपालिका,7,5110307,55701
लुम्बिनी,बाँके,बैजनाथ गाउँपालिका,8,5110308,55701
लुम्बिनी,बाँके,खजुरा गाउँपालिका,1,5110401,55704
लुम्बिनी,बाँके,खजुरा गाउँपालिका,2,5110402,55704
लुम्बिनी,बाँके,खजुरा गाउँपालिका,3,5110403,55704
लुम्बिनी,बाँके,खजुरा गाउँपालिका,4,5110404,55704
लुम्बिनी,बाँके,खजुरा गाउँपालिका,5,5110405,55704
लुम्बिनी,बाँके,खजुरा गाउँपालिका,6,5110406,55704
लुम्बिनी,बाँके,खजुरा गाउँपालिका,7,5110407,55704
लुम्बिनी,बाँके,खजुरा गाउँपालिका,8,5110408,55704
लुम्बिनी,बाँके,जानकी गाउँपालिका,1,5110501,55703
लुम्बिनी,बाँके,जानकी गाउँपालिका,2,5110502,55703
लुम्बिनी,बाँके,जानकी गाउँपालिका,3,5110503,55703
लुम्बिनी,बाँके,जानकी गाउँपालिका,4,5110504,55703
लुम्बिनी,बाँके,जानकी गाउँपालिका,5,5110505,55703
लुम्बिनी,बाँके,जानकी गाउँपालिका,6,5110506,55703
लुम्बिनी,बाँके,नेपालगञ्ज उपमहानगरपालिका,1,5110601,55707
लुम्बिनी,बाँके,नेपालगञ्ज उपमहानगरपालिका,2,5110602,55707
लुम्बिनी,बाँके,नेपालगञ्ज उपमहानगरपालिका,3,5110603,55707
लुम्बिनी,बाँके,नेपालगञ्ज उपमहानगरपालिका,4,5110604,55707
लुम्बिनी,बाँके,नेपालगञ्ज उपमहानगरपालिका,5,5110605,55707
लुम्बिनी,बाँके,नेपालगञ्ज उपमहानगरपालिका,6,5110606,55707
लुम्बिनी,बाँके,नेपालगञ्ज उपमहानगरपालिका,7,5110607,55707
लुम्बिनी,बाँके,नेपालगञ्ज उपमहानगरपालिका,8,5110608,55707
लुम्बिनी,बाँके,नेपालगञ्ज उपमहानगरपालिका,9,5110609,55707
लुम्बिनी,बाँके,नेपालगञ्ज उपमहानगरपालिका,10,5110610,55707
लुम्बिनी,बाँके,नेपालगञ्ज उपमहानगरपालिका,11,5110611,55707
लुम्बिनी,बाँके,नेपालगञ्ज उपमहानगरपालिका,12,5110612,55707
लुम्बिनी,बाँके,नेपालगञ्ज उपमहानगरपालिका,13,5110613,55707
लुम्बिनी,बाँके,नेपालगञ्ज उपमहानगरपालिका,14,5110614,55707
लुम्बिनी,बाँके,नेपालगञ्ज उपमहानगरपालिका,15,5110615,55707
लुम्बिनी,बाँके,नेपालगञ्ज उपमहानगरपालिका,16,5110616,55707
लुम्बिनी,बाँके,नेपालगञ्ज उपमहानगरपालिका,17,5110617,55707
लुम्बिनी,बाँके,नेपालगञ्ज उपमहानगरपालिका,18,5110618,55707
लुम्बिनी,बाँके,नेपालगञ्ज उपमहानगरपालिका,19,5110619,55707
लुम्बिनी,बाँके,नेपालगञ्ज उपमहानगरपालिका,20,5110620,55707
लुम्बिनी,बाँके,नेपालगञ्ज उपमहानगरपालिका,21,5110621,55707
लुम्बिनी,बाँके,नेपालगञ्ज उपमहानगरपालिका,22,5110622,55707
लुम्बिनी,बाँके,नेपालगञ्ज उपमहानगरपालिका,23,5110623,55707
लुम्बिनी,बाँके,डुडुवा गाउँपालिका,1,5110701,55702
लुम्बिनी,बाँके,डुडुवा गाउँपालिका,2,5110702,55702
लुम्बिनी,बाँके,डुडुवा गाउँपालिका,3,5110703,55702
लुम्बिनी,बाँके,डुडुवा गाउँपालिका,4,5110704,55702
लुम्बिनी,बाँके,डुडुवा गाउँपालिका,5,5110705,55702
लुम्बिनी,बाँके,डुडुवा गाउँपालिका,6,5110706,55702
लुम्बिनी,बाँके,नरैनापुर गाउँपालिका,1,5110801,55706
लुम्बिनी,बाँके,नरैनापुर गाउँपालिका,2,5110802,55706
लुम्बिनी,बाँके,नरैनापुर गाउँपालिका,3,5110803,55706
लुम्बिनी,बाँके,नरैनापुर गाउँपालिका,4,5110804,55706
लुम्बिनी,बाँके,नरैनापुर गाउँपालिका,5,5110805,55706
लुम्बिनी,बाँके,नरैनापुर गाउँपालिका,6,5110806,55706
लुम्बिनी,बर्दिया,बाँसगढी नगरपालिका,1,5120101,55802
लुम्बिनी,बर्दिया,बाँसगढी नगरपालिका,2,5120102,55802
लुम्बिनी,बर्दिया,बाँसगढी नगरपालिका,3,5120103,55802
लुम्बिनी,बर्दिया,बाँसगढी नगरपालिका,4,5120104,55802
लुम्बिनी,बर्दिया,बाँसगढी नगरपालिका,5,5120105,55802
लुम्बिनी,बर्दिया,बाँसगढी नगरपालिका,6,5120106,55802
लुम्बिनी,बर्दिया,बाँसगढी नगरपालिका,7,5120107,55802
लुम्बिनी,बर्दिया,बाँसगढी नगरपालिका,8,5120108,55802
लुम्बिनी,बर्दिया,बाँसगढी नगरपालिका,9,5120109,55802
लुम्बिनी,बर्दिया,बारबर्दिया नगरपालिका,1,5120201,55803
लुम्बिनी,बर्दिया,बारबर्दिया नगरपालिका,2,5120202,55803
लुम्बिनी,बर्दिया,बारबर्दिया नगरपालिका,3,5120203,55803
लुम्बिनी,बर्दिया,बारबर्दिया नगरपालिका,4,5120204,55803
लुम्बिनी,बर्दिया,बारबर्दिया नगरपालिका,5,5120205,55803
लुम्बिनी,बर्दिया,बारबर्दिया नगरपालिका,6,5120206,55803
लुम्बिनी,बर्दिया,बारबर्दिया नगरपालिका,7,5120207,55803
लुम्बिनी,बर्दिया,बारबर्दिया नगरपालिका,8,5120208,55803
लुम्बिनी,बर्दिया,बारबर्दिया नगरपालिका,9,5120209,55803
लुम्बिनी,बर्दिया,बारबर्दिया नगरपालिका,10,5120210,55803
लुम्बिनी,बर्दिया,बारबर्दिया नगरपालिका,11,5120211,55803
लुम्बिनी,बर्दिया,ठाकुरबाबा नगरपालिका,1,5120301,55808
लुम्बिनी,बर्दिया,ठाकुरबाबा नगरपालिका,2,5120302,55808
लुम्बिनी,बर्दिया,ठाकुरबाबा नगरपालिका,3,5120303,55808
लुम्बिनी,बर्दिया,ठाकुरबाबा नगरपालिका,4,5120304,55808
लुम्बिनी,बर्दिया,ठाकुरबाबा नगरपालिका,5,5120305,55808
लुम्बिनी,बर्दिया,ठाकुरबाबा नगरपालिका,6,5120306,55808
लुम्बिनी,बर्दिया,ठाकुरबाबा नगरपालिका,7,5120307,55808
लुम्बिनी,बर्दिया,ठाकुरबाबा नगरपालिका,8,5120308,55808
लुम्बिनी,बर्दिया,ठाकुरबाबा नगरपालिका,9,5120309,55808
लुम्बिनी,बर्दिया,गेरुवा गाउँपालिका,1,5120401,55804
लुम्बिनी,बर्दिया,गेरुवा गाउँपालिका,2,5120402,55804
लुम्बिनी,बर्दिया,गेरुवा गाउँपालिका,3,5120403,55804
लुम्बिनी,बर्दिया,गेरुवा गाउँपालिका,4,5120404,55804
लुम्बिनी,बर्दिया,गेरुवा गाउँपालिका,5,5120405,55804
लुम्बिनी,बर्दिया,गेरुवा गाउँपालिका,6,5120406,55804
लुम्बिनी,बर्दिया,राजापुर नगरपालिका,1,5120501,55807
लुम्बिनी,बर्दिया,राजापुर नगरपालिका,2,5120502,55807
लुम्बिनी,बर्दिया,राजापुर नगरपालिका,3,5120503,55807
लुम्बिनी,बर्दिया,राजापुर नगरपालिका,4,5120504,55807
लुम्बिनी,बर्दिया,राजापुर नगरपालिका,5,5120505,55807
लुम्बिनी,बर्दिया,राजापुर नगरपालिका,6,5120506,55807
लुम्बिनी,बर्दिया,राजापुर नगरपालिका,7,5120507,55807
लुम्बिनी,बर्दिया,राजापुर नगरपालिका,8,5120508,55807
लुम्बिनी,बर्दिया,राजापुर नगरपालिका,9,5120509,55807
लुम्बिनी,बर्दिया,राजापुर नगरपालिका,10,5120510,55807
लुम्बिनी,बर्दिया,मधुवन नगरपालिका,1,5120601,55806
लुम्बिनी,बर्दिया,मधुवन नगरपालिका,2,5120602,55806
लुम्बिनी,बर्दिया,मधुवन नगरपालिका,3,5120603,55806
लुम्बिनी,बर्दिया,मधुवन नगरपालिका,4,5120604,55806
लुम्बिनी,बर्दिया,मधुवन नगरपालिका,5,5120605,55806
लुम्बिनी,बर्दिया,मधुवन नगरपालिका,6,5120606,55806
लुम्बिनी,बर्दिया,मधुवन नगरपालिका,7,5120607,55806
लुम्बिनी,बर्दिया,मधुवन नगरपालिका,8,5120608,55806
लुम्बिनी,बर्दिया,मधुवन नगरपालिका,9,5120609,55806
लुम्बिनी,बर्दिया,गुलरीया नगरपालिका,1,5120701,55805
लुम्बिनी,बर्दिया,गुलरीया नगरपालिका,2,5120702,55805
लुम्बिनी,बर्दिया,गुलरीया नगरपालिका,3,5120703,55805
लुम्बिनी,बर्दिया,गुलरीया नगरपालिका,4,5120704,55805
लुम्बिनी,बर्दिया,गुलरीया नगरपालिका,5,5120705,55805
लुम्बिनी,बर्दिया,गुलरीया नगरपालिका,6,5120706,55805
लुम्बिनी,बर्दिया,गुलरीया नगरपालिका,7,5120707,55805
लुम्बिनी,बर्दिया,गुलरीया नगरपालिका,8,5120708,55805
लुम्बिनी,बर्दिया,गुलरीया नगरपालिका,9,5120709,55805
लुम्बिनी,बर्दिया,गुलरीया नगरपालिका,10,5120710,55805
लुम्बिनी,बर्दिया,गुलरीया नगरपालिका,11,5120711,55805
लुम्बिनी,बर्दिया,गुलरीया नगरपालिका,12,5120712,55805
लुम्बिनी,बर्दिया,बढैयाताल गाउँपालिका,1,5120801,55801
लुम्बिनी,बर्दिया,बढैयाताल गाउँपालिका,2,5120802,55801
लुम्बिनी,बर्दिया,बढैयाताल गाउँपालिका,3,5120803,55801
लुम्बिनी,बर्दिया,बढैयाताल गाउँपालिका,4,5120804,55801
लुम्बिनी,बर्दिया,बढैयाताल गाउँपालिका,5,5120805,55801
लुम्बिनी,बर्दिया,बढैयाताल गाउँपालिका,6,5120806,55801
लुम्बिनी,बर्दिया,बढैयाताल गाउँपालिका,7,5120807,55801
लुम्बिनी,बर्दिया,बढैयाताल गाउँपालिका,8,5120808,55801
लुम्बिनी,बर्दिया,बढैयाताल गाउँपालिका,9,5120809,55801
कर्णाली,डोल्पा,डोल्पो बुद्ध गाउँपालिका,1,6010101,66202
कर्णाली,डोल्पा,डोल्पो बुद्ध गाउँपालिका,2,6010102,66202
कर्णाली,डोल्पा,डोल्पो बुद्ध गाउँपालिका,3,6010103,66202
कर्णाली,डोल्पा,डोल्पो बुद्ध गाउँपालिका,4,6010104,66202
कर्णाली,डोल्पा,डोल्पो बुद्ध गाउँपालिका,5,6010105,66202
कर्णाली,डोल्पा,डोल्पो बुद्ध गाउँपालिका,6,6010106,66202
कर्णाली,डोल्पा,शे फोक्सुण्डो गाउँपालिका,1,6010201,66206
कर्णाली,डोल्पा,शे फोक्सुण्डो गाउँपालिका,2,6010202,66206
कर्णाली,डोल्पा,शे फोक्सुण्डो गाउँपालिका,3,6010203,66206
कर्णाली,डोल्पा,शे फोक्सुण्डो गाउँपालिका,4,6010204,66206
कर्णाली,डोल्पा,शे फोक्सुण्डो गाउँपालिका,5,6010205,66206
कर्णाली,डोल्पा,शे फोक्सुण्डो गाउँपालिका,6,6010206,66206
कर्णाली,डोल्पा,शे फोक्सुण्डो गाउँपालिका,7,6010207,66206
कर्णाली,डोल्पा,शे फोक्सुण्डो गाउँपालिका,8,6010208,66206
कर्णाली,डोल्पा,शे फोक्सुण्डो गाउँपालिका,9,6010209,66206
कर्णाली,डोल्पा,जगदुल्ला गाउँपालिका,1,6010301,66203
कर्णाली,डोल्पा,जगदुल्ला गाउँपालिका,2,6010302,66203
कर्णाली,डोल्पा,जगदुल्ला गाउँपालिका,3,6010303,66203
कर्णाली,डोल्पा,जगदुल्ला गाउँपालिका,4,6010304,66203
कर्णाली,डोल्पा,जगदुल्ला गाउँपालिका,5,6010305,66203
कर्णाली,डोल्पा,जगदुल्ला गाउँपालिका,6,6010306,66203
कर्णाली,डोल्पा,मुड्केचुला गाउँपालिका,1,6010401,66205
कर्णाली,डोल्पा,मुड्केचुला गाउँपालिका,2,6010402,66205
कर्णाली,डोल्पा,मुड्केचुला गाउँपालिका,3,6010403,66205
कर्णाली,डोल्पा,मुड्केचुला गाउँपालिका,4,6010404,66205
कर्णाली,डोल्पा,मुड्केचुला गाउँपालिका,5,6010405,66205
कर्णाली,डोल्पा,मुड्केचुला गाउँपालिका,6,6010406,66205
कर्णाली,डोल्पा,मुड्केचुला गाउँपालिका,7,6010407,66205
कर्णाली,डोल्पा,मुड्केचुला गाउँपालिका,8,6010408,66205
कर्णाली,डोल्पा,मुड्केचुला गाउँपालिका,9,6010409,66205
कर्णाली,डोल्पा,त्रिपुरासुन्दरी नगरपालिका,1,6010501,66208
कर्णाली,डोल्पा,त्रिपुरासुन्दरी नगरपालिका,2,6010502,66208
कर्णाली,डोल्पा,त्रिपुरासुन्दरी नगरपालिका,3,6010503,66208
कर्णाली,डोल्पा,त्रिपुरासुन्दरी नगरपालिका,4,6010504,66208
कर्णाली,डोल्पा,त्रिपुरासुन्दरी नगरपालिका,5,6010505,66208
कर्णाली,डोल्पा,त्रिपुरासुन्दरी नगरपालिका,6,6010506,66208
कर्णाली,डोल्पा,त्रिपुरासुन्दरी नगरपालिका,7,6010507,66208
कर्णाली,डोल्पा,त्रिपुरासुन्दरी नगरपालिका,8,6010508,66208
कर्णाली,डोल्पा,त्रिपुरासुन्दरी नगरपालिका,9,6010509,66208
कर्णाली,डोल्पा,त्रिपुरासुन्दरी नगरपालिका,10,6010510,66208
कर्णाली,डोल्पा,त्रिपुरासुन्दरी नगरपालिका,11,6010511,66208
कर्णाली,डोल्पा,ठुलीभेरी नगरपालिका,1,6010601,66207
कर्णाली,डोल्पा,ठुलीभेरी नगरपालिका,2,6010602,66207
कर्णाली,डोल्पा,ठुलीभेरी नगरपालिका,3,6010603,66207
कर्णाली,डोल्पा,ठुलीभेरी नगरपालिका,4,6010604,66207
कर्णाली,डोल्पा,ठुलीभेरी नगरपालिका,5,6010605,66207
कर्णाली,डोल्पा,ठुलीभेरी नगरपालिका,6,6010606,66207
कर्णाली,डोल्पा,ठुलीभेरी नगरपालिका,7,6010607,66207
कर्णाली,डोल्पा,ठुलीभेरी नगरपालिका,8,6010608,66207
कर्णाली,डोल्पा,ठुलीभेरी नगरपालिका,9,6010609,66207
कर्णाली,डोल्पा,ठुलीभेरी नगरपालिका,10,6010610,66207
कर्णाली,डोल्पा,ठुलीभेरी नगरपालिका,11,6010611,66207
कर्णाली,डोल्पा,काइके गाउँपालिका,1,6010701,66204
कर्णाली,डोल्पा,काइके गाउँपालिका,2,6010702,66204
कर्णाली,डोल्पा,काइके गाउँपालिका,3,6010703,66204
कर्णाली,डोल्पा,काइके गाउँपालिका,4,6010704,66204
कर्णाली,डोल्पा,काइके गाउँपालिका,5,6010705,66204
कर्णाली,डोल्पा,काइके गाउँपालिका,6,6010706,66204
कर्णाली,डोल्पा,काइके गाउँपालिका,7,6010707,66204
कर्णाली,डोल्पा,छार्का ताङसोङ गाउँपालिका,1,6010801,66201
कर्णाली,डोल्पा,छार्का ताङसोङ गाउँपालिका,2,6010802,66201
कर्णाली,डोल्पा,छार्का ताङसोङ गाउँपालिका,3,6010803,66201
कर्णाली,डोल्पा,छार्का ताङसोङ गाउँपालिका,4,6010804,66201
कर्णाली,डोल्पा,छार्का ताङसोङ गाउँपालिका,5,6010805,66201
कर्णाली,डोल्पा,छार्का ताङसोङ गाउँपालिका,6,6010806,66201
कर्णाली,मुगु,मुगुमकार्मारोग गाउँपालिका,1,6020101,66503
कर्णाली,मुगु,मुगुमकार्मारोग गाउँपालिका,2,6020102,66503
कर्णाली,मुगु,मुगुमकार्मारोग गाउँपालिका,3,6020103,66503
कर्णाली,मुगु,मुगुमकार्मारोग गाउँपालिका,4,6020104,66503
कर्णाली,मुगु,मुगुमकार्मारोग गाउँपालिका,5,6020105,66503
कर्णाली,मुगु,मुगुमकार्मारोग गाउँपालिका,6,6020106,66503
कर्णाली,मुगु,मुगुमकार्मारोग गाउँपालिका,7,6020107,66503
कर्णाली,मुगु,मुगुमकार्मारोग गाउँपालिका,8,6020108,66503
कर्णाली,मुगु,मुगुमकार्मारोग गाउँपालिका,9,6020109,66503
कर्णाली,मुगु,छायाँनाथ रारा नगरपालिका,1,6020201,66501
कर्णाली,मुगु,छायाँनाथ रारा नगरपालिका,2,6020202,66501
कर्णाली,मुगु,छायाँनाथ रारा नगरपालिका,3,6020203,66501
कर्णाली,मुगु,छायाँनाथ रारा नगरपालिका,4,6020204,66501
कर्णाली,मुगु,छायाँनाथ रारा नगरपालिका,5,6020205,66501
कर्णाली,मुगु,छायाँनाथ रारा नगरपालिका,6,6020206,66501
कर्णाली,मुगु,छायाँनाथ रारा नगरपालिका,7,6020207,66501
कर्णाली,मुगु,छायाँनाथ रारा नगरपालिका,8,6020208,66501
कर्णाली,मुगु,छायाँनाथ रारा नगरपालिका,9,6020209,66501
कर्णाली,मुगु,छायाँनाथ रारा नगरपालिका,10,6020210,66501
कर्णाली,मुगु,छायाँनाथ रारा नगरपालिका,11,6020211,66501
कर्णाली,मुगु,छायाँनाथ रारा नगरपालिका,12,6020212,66501
कर्णाली,मुगु,छायाँनाथ रारा नगरपालिका,13,6020213,66501
कर्णाली,मुगु,छायाँनाथ रारा नगरपालिका,14,6020214,66501
कर्णाली,मुगु,सोरु गाउँपालिका,1,6020301,66504
कर्णाली,मुगु,सोरु गाउँपालिका,2,6020302,66504
कर्णाली,मुगु,सोरु गाउँपालिका,3,6020303,66504
कर्णाली,मुगु,सोरु गाउँपालिका,4,6020304,66504
कर्णाली,मुगु,सोरु गाउँपालिका,5,6020305,66504
कर्णाली,मुगु,सोरु गाउँपालिका,6,6020306,66504
कर्णाली,मुगु,सोरु गाउँपालिका,7,6020307,66504
कर्णाली,मुगु,सोरु गाउँपालिका,8,6020308,66504
कर्णाली,मुगु,सोरु गाउँपालिका,9,6020309,66504
कर्णाली,मुगु,सोरु गाउँपालिका,10,6020310,66504
कर्णाली,मुगु,सोरु गाउँपालिका,11,6020311,66504
कर्णाली,मुगु,खत्याड गाउँपालिका,1,6020401,66502
कर्णाली,मुगु,खत्याड गाउँपालिका,2,6020402,66502
कर्णाली,मुगु,खत्याड गाउँपालिका,3,6020403,66502
कर्णाली,मुगु,खत्याड गाउँपालिका,4,6020404,66502
कर्णाली,मुगु,खत्याड गाउँपालिका,5,6020405,66502
कर्णाली,मुगु,खत्याड गाउँपालिका,6,6020406,66502
कर्णाली,मुगु,खत्याड गाउँपालिका,7,6020407,66502
कर्णाली,मुगु,खत्याड गाउँपालिका,8,6020408,66502
कर्णाली,मुगु,खत्याड गाउँपालिका,9,6020409,66502
कर्णाली,मुगु,खत्याड गाउँपालिका,10,6020410,66502
कर्णाली,मुगु,खत्याड गाउँपालिका,11,6020411,66502
कर्णाली,हुम्ला,चंखेली गाउँपालिका,1,6030101,66602
कर्णाली,हुम्ला,चंखेली गाउँपालिका,2,6030102,66602
कर्णाली,हुम्ला,चंखेली गाउँपालिका,3,6030103,66602
कर्णाली,हुम्ला,चंखेली गाउँपालिका,4,6030104,66602
कर्णाली,हुम्ला,चंखेली गाउँपालिका,5,6030105,66602
कर्णाली,हुम्ला,चंखेली गाउँपालिका,6,6030106,66602
कर्णाली,हुम्ला,खार्पुनाथ गाउँपालिका,1,6030201,66603
कर्णाली,हुम्ला,खार्पुनाथ गाउँपालिका,2,6030202,66603
कर्णाली,हुम्ला,खार्पुनाथ गाउँपालिका,3,6030203,66603
कर्णाली,हुम्ला,खार्पुनाथ गाउँपालिका,4,6030204,66603
कर्णाली,हुम्ला,खार्पुनाथ गाउँपालिका,5,6030205,66603
कर्णाली,हुम्ला,सिमकोट गाउँपालिका,1,6030301,66606
कर्णाली,हुम्ला,सिमकोट गाउँपालिका,2,6030302,66606
कर्णाली,हुम्ला,सिमकोट गाउँपालिका,3,6030303,66606
कर्णाली,हुम्ला,सिमकोट गाउँपालिका,4,6030304,66606
कर्णाली,हुम्ला,सिमकोट गाउँपालिका,5,6030305,66606
कर्णाली,हुम्ला,सिमकोट गाउँपालिका,6,6030306,66606
कर्णाली,हुम्ला,सिमकोट गाउँपालिका,7,6030307,66606
कर्णाली,हुम्ला,सिमकोट गाउँपालिका,8,6030308,66606
कर्णाली,हुम्ला,नाम्खा गाउँपालिका,1,6030401,66604
कर्णाली,हुम्ला,नाम्खा गाउँपालिका,2,6030402,66604
कर्णाली,हुम्ला,नाम्खा गाउँपालिका,3,6030403,66604
कर्णाली,हुम्ला,नाम्खा गाउँपालिका,4,6030404,66604
कर्णाली,हुम्ला,नाम्खा गाउँपालिका,5,6030405,66604
कर्णाली,हुम्ला,नाम्खा गाउँपालिका,6,6030406,66604
कर्णाली,हुम्ला,सर्केगाड गाउँपालिका,1,6030501,66605
कर्णाली,हुम्ला,सर्केगाड गाउँपालिका,2,6030502,66605
कर्णाली,हुम्ला,सर्केगाड गाउँपालिका,3,6030503,66605
कर्णाली,हुम्ला,सर्केगाड गाउँपालिका,4,6030504,66605
कर्णाली,हुम्ला,सर्केगाड गाउँपालिका,5,6030505,66605
कर्णाली,हुम्ला,सर्केगाड गाउँपालिका,6,6030506,66605
कर्णाली,हुम्ला,सर्केगाड गाउँपालिका,7,6030507,66605
कर्णाली,हुम्ला,सर्केगाड गाउँपालिका,8,6030508,66605
कर्णाली,हुम्ला,अदानचुली गाउँपालिका,1,6030601,66601
कर्णाली,हुम्ला,अदानचुली गाउँपालिका,2,6030602,66601
कर्णाली,हुम्ला,अदानचुली गाउँपालिका,3,6030603,66601
कर्णाली,हुम्ला,अदानचुली गाउँपालिका,4,6030604,66601
कर्णाली,हुम्ला,अदानचुली गाउँपालिका,5,6030605,66601
कर्णाली,हुम्ला,अदानचुली गाउँपालिका,6,6030606,66601
कर्णाली,हुम्ला,ताँजाकोट गाउँपालिका,1,6030701,66607
कर्णाली,हुम्ला,ताँजाकोट गाउँपालिका,2,6030702,66607
कर्णाली,हुम्ला,ताँजाकोट गाउँपालिका,3,6030703,66607
कर्णाली,हुम्ला,ताँजाकोट गाउँपालिका,4,6030704,66607
कर्णाली,हुम्ला,ताँजाकोट गाउँपालिका,5,6030705,66607
कर्णाली,जुम्ला,पातारासी गाउँपालिका,1,6040101,66305
कर्णाली,जुम्ला,पातारासी गाउँपालिका,2,6040102,66305
कर्णाली,जुम्ला,पातारासी गाउँपालिका,3,6040103,66305
कर्णाली,जुम्ला,पातारासी गाउँपालिका,4,6040104,66305
कर्णाली,जुम्ला,पातारासी गाउँपालिका,5,6040105,66305
कर्णाली,जुम्ला,पातारासी गाउँपालिका,6,6040106,66305
कर्णाली,जुम्ला,पातारासी गाउँपालिका,7,6040107,66305
कर्णाली,जुम्ला,कनका सुन्दरी गाउँपालिका,1,6040201,66304
कर्णाली,जुम्ला,कनका सुन्दरी गाउँपालिका,2,6040202,66304
कर्णाली,जुम्ला,कनका सुन्दरी गाउँपालिका,3,6040203,66304
कर्णाली,जुम्ला,कनका सुन्दरी गाउँपालिका,4,6040204,66304
कर्णाली,जुम्ला,कनका सुन्दरी गाउँपालिका,5,6040205,66304
कर्णाली,जुम्ला,कनका सुन्दरी गाउँपालिका,6,6040206,66304
कर्णाली,जुम्ला,कनका सुन्दरी गाउँपालिका,7,6040207,66304
कर्णाली,जुम्ला,कनका सुन्दरी गाउँपालिका,8,6040208,66304
कर्णाली,जुम्ला,सिंजा गाउँपालिका,1,6040301,66306
कर्णाली,जुम्ला,सिंजा गाउँपालिका,2,6040302,66306
कर्णाली,जुम्ला,सिंजा गाउँपालिका,3,6040303,66306
कर्णाली,जुम्ला,सिंजा गाउँपालिका,4,6040304,66306
कर्णाली,जुम्ला,सिंजा गाउँपालिका,5,6040305,66306
कर्णाली,जुम्ला,सिंजा गाउँपालिका,6,6040306,66306
कर्णाली,जुम्ला,चन्दननाथ नगरपालिका,1,6040401,66301
कर्णाली,जुम्ला,चन्दननाथ नगरपालिका,2,6040402,66301
कर्णाली,जुम्ला,चन्दननाथ नगरपालिका,3,6040403,66301
कर्णाली,जुम्ला,चन्दननाथ नगरपालिका,4,6040404,66301
कर्णाली,जुम्ला,चन्दननाथ नगरपालिका,5,6040405,66301
कर्णाली,जुम्ला,चन्दननाथ नगरपालिका,6,6040406,66301
कर्णाली,जुम्ला,चन्दननाथ नगरपालिका,7,6040407,66301
कर्णाली,जुम्ला,चन्दननाथ नगरपालिका,8,6040408,66301
कर्णाली,जुम्ला,चन्दननाथ नगरपालिका,9,6040409,66301
कर्णाली,जुम्ला,चन्दननाथ नगरपालिका,10,6040410,66301
कर्णाली,जुम्ला,गुठिचौर गाउँपालिका,1,6040501,66302
कर्णाली,जुम्ला,गुठिचौर गाउँपालिका,2,6040502,66302
कर्णाली,जुम्ला,गुठिचौर गाउँपालिका,3,6040503,66302
कर्णाली,जुम्ला,गुठिचौर गाउँपालिका,4,6040504,66302
कर्णाली,जुम्ला,गुठिचौर गाउँपालिका,5,6040505,66302
कर्णाली,जुम्ला,तातोपानी गाउँपालिका,1,6040601,66307
कर्णाली,जुम्ला,तातोपानी गाउँपालिका,2,6040602,66307
कर्णाली,जुम्ला,तातोपानी गाउँपालिका,3,6040603,66307
कर्णाली,जुम्ला,तातोपानी गाउँपालिका,4,6040604,66307
कर्णाली,जुम्ला,तातोपानी गाउँपालिका,5,6040605,66307
कर्णाली,जुम्ला,तातोपानी गाउँपालिका,6,6040606,66307
कर्णाली,जुम्ला,तातोपानी गाउँपालिका,7,6040607,66307
कर्णाली,जुम्ला,तातोपानी गाउँपालिका,8,6040608,66307
कर्णाली,जुम्ला,तिला गाउँपालिका,1,6040701,66308
कर्णाली,जुम्ला,तिला गाउँपालिका,2,6040702,66308
कर्णाली,जुम्ला,तिला गाउँपालिका,3,6040703,66308
कर्णाली,जुम्ला,तिला गाउँपालिका,4,6040704,66308
कर्णाली,जुम्ला,तिला गाउँपालिका,5,6040705,66308
कर्णाली,जुम्ला,तिला गाउँपालिका,6,6040706,66308
कर्णाली,जुम्ला,तिला गाउँपालिका,7,6040707,66308
कर्णाली,जुम्ला,तिला गाउँपालिका,8,6040708,66308
कर्णाली,जुम्ला,तिला गाउँपालिका,9,6040709,66308
कर्णाली,जुम्ला,हिमा गाउँपालिका,1,6040801,66303
कर्णाली,जुम्ला,हिमा गाउँपालिका,2,6040802,66303
कर्णाली,जुम्ला,हिमा गाउँपालिका,3,6040803,66303
कर्णाली,जुम्ला,हिमा गाउँपालिका,4,6040804,66303
कर्णाली,जुम्ला,हिमा गाउँपालिका,5,6040805,66303
कर्णाली,जुम्ला,हिमा गाउँपालिका,6,6040806,66303
कर्णाली,जुम्ला,हिमा गाउँपालिका,7,6040807,66303
कर्णाली,कालिकोट,पलाता गाउँपालिका,1,6050101,66406
कर्णाली,कालिकोट,पलाता गाउँपालिका,2,6050102,66406
कर्णाली,कालिकोट,पलाता गाउँपालिका,3,6050103,66406
कर्णाली,कालिकोट,पलाता गाउँपालिका,4,6050104,66406
कर्णाली,कालिकोट,पलाता गाउँपालिका,5,6050105,66406
कर्णाली,कालिकोट,पलाता गाउँपालिका,6,6050106,66406
कर्णाली,कालिकोट,पलाता गाउँपालिका,7,6050107,66406
कर्णाली,कालिकोट,पलाता गाउँपालिका,8,6050108,66406
कर्णाली,कालिकोट,पलाता गाउँपालिका,9,6050109,66406
कर्णाली,कालिकोट,पचाल झरना गाउँपालिका,1,6050201,66405
कर्णाली,कालिकोट,पचाल झरना गाउँपालिका,2,6050202,66405
कर्णाली,कालिकोट,पचाल झरना गाउँपालिका,3,6050203,66405
कर्णाली,कालिकोट,पचाल झरना गाउँपालिका,4,6050204,66405
कर्णाली,कालिकोट,पचाल झरना गाउँपालिका,5,6050205,66405
कर्णाली,कालिकोट,पचाल झरना गाउँपालिका,6,6050206,66405
कर्णाली,कालिकोट,पचाल झरना गाउँपालिका,7,6050207,66405
कर्णाली,कालिकोट,पचाल झरना गाउँपालिका,8,6050208,66405
कर्णाली,कालिकोट,पचाल झरना गाउँपालिका,9,6050209,66405
कर्णाली,कालिकोट,रास्कोट नगरपालिका,1,6050301,66407
कर्णाली,कालिकोट,रास्कोट नगरपालिका,2,6050302,66407
कर्णाली,कालिकोट,रास्कोट नगरपालिका,3,6050303,66407
कर्णाली,कालिकोट,रास्कोट नगरपालिका,4,6050304,66407
कर्णाली,कालिकोट,रास्कोट नगरपालिका,5,6050305,66407
कर्णाली,कालिकोट,रास्कोट नगरपालिका,6,6050306,66407
कर्णाली,कालिकोट,रास्कोट नगरपालिका,7,6050307,66407
कर्णाली,कालिकोट,रास्कोट नगरपालिका,8,6050308,66407
कर्णाली,कालिकोट,रास्कोट नगरपालिका,9,6050309,66407
कर्णाली,कालिकोट,सान्नी त्रिवेणी गाउँपालिका,1,6050401,66408
कर्णाली,कालिकोट,सान्नी त्रिवेणी गाउँपालिका,2,6050402,66408
कर्णाली,कालिकोट,सान्नी त्रिवेणी गाउँपालिका,3,6050403,66408
कर्णाली,कालिकोट,सान्नी त्रिवेणी गाउँपालिका,4,6050404,66408
कर्णाली,कालिकोट,सान्नी त्रिवेणी गाउँपालिका,5,6050405,66408
कर्णाली,कालिकोट,सान्नी त्रिवेणी गाउँपालिका,6,6050406,66408
कर्णाली,कालिकोट,सान्नी त्रिवेणी गाउँपालिका,7,6050407,66408
कर्णाली,कालिकोट,सान्नी त्रिवेणी गाउँपालिका,8,6050408,66408
कर्णाली,कालिकोट,सान्नी त्रिवेणी गाउँपालिका,9,6050409,66408
कर्णाली,कालिकोट,नरहरिनाथ गाउँपालिका,1,6050501,66404
कर्णाली,कालिकोट,नरहरिनाथ गाउँपालिका,2,6050502,66404
कर्णाली,कालिकोट,नरहरिनाथ गाउँपालिका,3,6050503,66404
कर्णाली,कालिकोट,नरहरिनाथ गाउँपालिका,4,6050504,66404
कर्णाली,कालिकोट,नरहरिनाथ गाउँपालिका,5,6050505,66404
कर्णाली,कालिकोट,नरहरिनाथ गाउँपालिका,6,6050506,66404
कर्णाली,कालिकोट,नरहरिनाथ गाउँपालिका,7,6050507,66404
कर्णाली,कालिकोट,नरहरिनाथ गाउँपालिका,8,6050508,66404
कर्णाली,कालिकोट,नरहरिनाथ गाउँपालिका,9,6050509,66404
कर्णाली,कालिकोट,खाँडाचक्र नगरपालिका,1,6050601,66402
कर्णाली,कालिकोट,खाँडाचक्र नगरपालिका,2,6050602,66402
कर्णाली,कालिकोट,खाँडाचक्र नगरपालिका,3,6050603,66402
कर्णाली,कालिकोट,खाँडाचक्र नगरपालिका,4,6050604,66402
कर्णाली,कालिकोट,खाँडाचक्र नगरपालिका,5,6050605,66402
कर्णाली,कालिकोट,खाँडाचक्र नगरपालिका,6,6050606,66402
कर्णाली,कालिकोट,खाँडाचक्र नगरपालिका,7,6050607,66402
कर्णाली,कालिकोट,खाँडाचक्र नगरपालिका,8,6050608,66402
कर्णाली,कालिकोट,खाँडाचक्र नगरपालिका,9,6050609,66402
कर्णाली,कालिकोट,खाँडाचक्र नगरपालिका,10,6050610,66402
कर्णाली,कालिकोट,खाँडाचक्र नगरपालिका,11,6050611,66402
कर्णाली,कालिकोट,तिलागुफा नगरपालिका,1,6050701,66409
कर्णाली,कालिकोट,तिलागुफा नगरपालिका,2,6050702,66409
कर्णाली,कालिकोट,तिलागुफा नगरपालिका,3,6050703,66409
कर्णाली,कालिकोट,तिलागुफा नगरपालिका,4,6050704,66409
कर्णाली,कालिकोट,तिलागुफा नगरपालिका,5,6050705,66409
कर्णाली,कालिकोट,तिलागुफा नगरपालिका,6,6050706,66409
कर्णाली,कालिकोट,तिलागुफा नगरपालिका,7,6050707,66409
कर्णाली,कालिकोट,तिलागुफा नगरपालिका,8,6050708,66409
कर्णाली,कालिकोट,तिलागुफा नगरपालिका,9,6050709,66409
कर्णाली,कालिकोट,तिलागुफा नगरपालिका,10,6050710,66409
कर्णाली,कालिकोट,तिलागुफा नगरपालिका,11,6050711,66409
कर्णाली,कालिकोट,महावै गाउँपालिका,1,6050801,66403
कर्णाली,कालिकोट,महावै गाउँपालिका,2,6050802,66403
कर्णाली,कालिकोट,महावै गाउँपालिका,3,6050803,66403
कर्णाली,कालिकोट,महावै गाउँपालिका,4,6050804,66403
कर्णाली,कालिकोट,महावै गाउँपालिका,5,6050805,66403
कर्णाली,कालिकोट,महावै गाउँपालिका,6,6050806,66403
कर्णाली,कालिकोट,महावै गाउँपालिका,7,6050807,66403
कर्णाली,कालिकोट,शुभ कालीका गाउँपालिका,1,6050901,66401
कर्णाली,कालिकोट,शुभ कालीका गाउँपालिका,2,6050902,66401
कर्णाली,कालिकोट,शुभ कालीका गाउँपालिका,3,6050903,66401
कर्णाली,कालिकोट,शुभ कालीका गाउँपालिका,4,6050904,66401
कर्णाली,कालिकोट,शुभ कालीका गाउँपालिका,5,6050905,66401
कर्णाली,कालिकोट,शुभ कालीका गाउँपालिका,6,6050906,66401
कर्णाली,कालिकोट,शुभ कालीका गाउँपालिका,7,6050907,66401
कर्णाली,कालिकोट,शुभ कालीका गाउँपालिका,8,6050908,66401
कर्णाली,दैलेख,नौमुले गाउँपालिका,1,6060101,66010
कर्णाली,दैलेख,नौमुले गाउँपालिका,2,6060102,66010
कर्णाली,दैलेख,नौमुले गाउँपालिका,3,6060103,66010
कर्णाली,दैलेख,नौमुले गाउँपालिका,4,6060104,66010
कर्णाली,दैलेख,नौमुले गाउँपालिका,5,6060105,66010
कर्णाली,दैलेख,नौमुले गाउँपालिका,6,6060106,66010
कर्णाली,दैलेख,नौमुले गाउँपालिका,7,6060107,66010
कर्णाली,दैलेख,नौमुले गाउँपालिका,8,6060108,66010
कर्णाली,दैलेख,महाबु गाउँपालिका,1,6060201,66008
कर्णाली,दैलेख,महाबु गाउँपालिका,2,6060202,66008
कर्णाली,दैलेख,महाबु गाउँपालिका,3,6060203,66008
कर्णाली,दैलेख,महाबु गाउँपालिका,4,6060204,66008
कर्णाली,दैलेख,महाबु गाउँपालिका,5,6060205,66008
कर्णाली,दैलेख,महाबु गाउँपालिका,6,6060206,66008
कर्णाली,दैलेख,भैरवी गाउँपालिका,1,6060301,66003
कर्णाली,दैलेख,भैरवी गाउँपालिका,2,6060302,66003
कर्णाली,दैलेख,भैरवी गाउँपालिका,3,6060303,66003
कर्णाली,दैलेख,भैरवी गाउँपालिका,4,6060304,66003
कर्णाली,दैलेख,भैरवी गाउँपालिका,5,6060305,66003
कर्णाली,दैलेख,भैरवी गाउँपालिका,6,6060306,66003
कर्णाली,दैलेख,भैरवी गाउँपालिका,7,6060307,66003
कर्णाली,दैलेख,ठाँटीकाँध गाउँपालिका,1,6060401,66011
कर्णाली,दैलेख,ठाँटीकाँध गाउँपालिका,2,6060402,66011
कर्णाली,दैलेख,ठाँटीकाँध गाउँपालिका,3,6060403,66011
कर्णाली,दैलेख,ठाँटीकाँध गाउँपालिका,4,6060404,66011
कर्णाली,दैलेख,ठाँटीकाँध गाउँपालिका,5,6060405,66011
कर्णाली,दैलेख,ठाँटीकाँध गाउँपालिका,6,6060406,66011
कर्णाली,दैलेख,आठबीस नगरपालिका,1,6060501,66001
कर्णाली,दैलेख,आठबीस नगरपालिका,2,6060502,66001
कर्णाली,दैलेख,आठबीस नगरपालिका,3,6060503,66001
कर्णाली,दैलेख,आठबीस नगरपालिका,4,6060504,66001
कर्णाली,दैलेख,आठबीस नगरपालिका,5,6060505,66001
कर्णाली,दैलेख,आठबीस नगरपालिका,6,6060506,66001
कर्णाली,दैलेख,आठबीस नगरपालिका,7,6060507,66001
कर्णाली,दैलेख,आठबीस नगरपालिका,8,6060508,66001
कर्णाली,दैलेख,आठबीस नगरपालिका,9,6060509,66001
कर्णाली,दैलेख,चामुण्डा बिन्द्रासैनी नगरपालिका,1,6060601,66004
कर्णाली,दैलेख,चामुण्डा बिन्द्रासैनी नगरपालिका,2,6060602,66004
कर्णाली,दैलेख,चामुण्डा बिन्द्रासैनी नगरपालिका,3,6060603,66004
कर्णाली,दैलेख,चामुण्डा बिन्द्रासैनी नगरपालिका,4,6060604,66004
कर्णाली,दैलेख,चामुण्डा बिन्द्रासैनी नगरपालिका,5,6060605,66004
कर्णाली,दैलेख,चामुण्डा बिन्द्रासैनी नगरपालिका,6,6060606,66004
कर्णाली,दैलेख,चामुण्डा बिन्द्रासैनी नगरपालिका,7,6060607,66004
कर्णाली,दैलेख,चामुण्डा बिन्द्रासैनी नगरपालिका,8,6060608,66004
कर्णाली,दैलेख,चामुण्डा बिन्द्रासैनी नगरपालिका,9,6060609,66004
कर्णाली,दैलेख,दुल्लु नगरपालिका,1,6060701,66005
कर्णाली,दैलेख,दुल्लु नगरपालिका,2,6060702,66005
कर्णाली,दैलेख,दुल्लु नगरपालिका,3,6060703,66005
कर्णाली,दैलेख,दुल्लु नगरपालिका,4,6060704,66005
कर्णाली,दैलेख,दुल्लु नगरपालिका,5,6060705,66005
कर्णाली,दैलेख,दुल्लु नगरपालिका,6,6060706,66005
कर्णाली,दैलेख,दुल्लु नगरपालिका,7,6060707,66005
कर्णाली,दैलेख,दुल्लु नगरपालिका,8,6060708,66005
कर्णाली,दैलेख,दुल्लु नगरपालिका,9,6060709,66005
कर्णाली,दैलेख,दुल्लु नगरपालिका,10,6060710,66005
कर्णाली,दैलेख,दुल्लु नगरपालिका,11,6060711,66005
कर्णाली,दैलेख,दुल्लु नगरपालिका,12,6060712,66005
कर्णाली,दैलेख,दुल्लु नगरपालिका,13,6060713,66005
कर्णाली,दैलेख,नारायण नगरपालिका,1,6060801,66009
कर्णाली,दैलेख,नारायण नगरपालिका,2,6060802,66009
कर्णाली,दैलेख,नारायण नगरपालिका,3,6060803,66009
कर्णाली,दैलेख,नारायण नगरपालिका,4,6060804,66009
कर्णाली,दैलेख,नारायण नगरपालिका,5,6060805,66009
कर्णाली,दैलेख,नारायण नगरपालिका,6,6060806,66009
कर्णाली,दैलेख,नारायण नगरपालिका,7,6060807,66009
कर्णाली,दैलेख,नारायण नगरपालिका,8,6060808,66009
कर्णाली,दैलेख,नारायण नगरपालिका,9,6060809,66009
कर्णाली,दैलेख,नारायण नगरपालिका,10,6060810,66009
कर्णाली,दैलेख,नारायण नगरपालिका,11,6060811,66009
कर्णाली,दैलेख,भगवतीमाई गाउँपालिका,1,6060901,66002
कर्णाली,दैलेख,भगवतीमाई गाउँपालिका,2,6060902,66002
कर्णाली,दैलेख,भगवतीमाई गाउँपालिका,3,6060903,66002
कर्णाली,दैलेख,भगवतीमाई गाउँपालिका,4,6060904,66002
कर्णाली,दैलेख,भगवतीमाई गाउँपालिका,5,6060905,66002
कर्णाली,दैलेख,भगवतीमाई गाउँपालिका,6,6060906,66002
कर्णाली,दैलेख,भगवतीमाई गाउँपालिका,7,6060907,66002
कर्णाली,दैलेख,डुङ्गेश्वर गाउँपालिका,1,6061001,66006
कर्णाली,दैलेख,डुङ्गेश्वर गाउँपालिका,2,6061002,66006
कर्णाली,दैलेख,डुङ्गेश्वर गाउँपालिका,3,6061003,66006
कर्णाली,दैलेख,डुङ्गेश्वर गाउँपालिका,4,6061004,66006
कर्णाली,दैलेख,डुङ्गेश्वर गाउँपालिका,5,6061005,66006
कर्णाली,दैलेख,डुङ्गेश्वर गाउँपालिका,6,6061006,66006
कर्णाली,दैलेख,गुराँस गाउँपालिका,1,6061101,66007
कर्णाली,दैलेख,गुराँस गाउँपालिका,2,6061102,66007
कर्णाली,दैलेख,गुराँस गाउँपालिका,3,6061103,66007
कर्णाली,दैलेख,गुराँस गाउँपालिका,4,6061104,66007
कर्णाली,दैलेख,गुराँस गाउँपालिका,5,6061105,66007
कर्णाली,दैलेख,गुराँस गाउँपालिका,6,6061106,66007
कर्णाली,दैलेख,गुराँस गाउँपालिका,7,6061107,66007
कर्णाली,दैलेख,गुराँस गाउँपालिका,8,6061108,66007
कर्णाली,जाजरकोट,बारेकोट गाउँपालिका,1,6070101,66101
कर्णाली,जाजरकोट,बारेकोट गाउँपालिका,2,6070102,66101
कर्णाली,जाजरकोट,बारेकोट गाउँपालिका,3,6070103,66101
कर्णाली,जाजरकोट,बारेकोट गाउँपालिका,4,6070104,66101
कर्णाली,जाजरकोट,बारेकोट गाउँपालिका,5,6070105,66101
कर्णाली,जाजरकोट,बारेकोट गाउँपालिका,6,6070106,66101
कर्णाली,जाजरकोट,बारेकोट गाउँपालिका,7,6070107,66101
कर्णाली,जाजरकोट,बारेकोट गाउँपालिका,8,6070108,66101
कर्णाली,जाजरकोट,बारेकोट गाउँपालिका,9,6070109,66101
कर्णाली,जाजरकोट,कुसे गाउँपालिका,1,6070201,66105
कर्णाली,जाजरकोट,कुसे गाउँपालिका,2,6070202,66105
कर्णाली,जाजरकोट,कुसे गाउँपालिका,3,6070203,66105
कर्णाली,जाजरकोट,कुसे गाउँपालिका,4,6070204,66105
कर्णाली,जाजरकोट,कुसे गाउँपालिका,5,6070205,66105
कर्णाली,जाजरकोट,कुसे गाउँपालिका,6,6070206,66105
कर्णाली,जाजरकोट,कुसे गाउँपालिका,7,6070207,66105
कर्णाली,जाजरकोट,कुसे गाउँपालिका,8,6070208,66105
कर्णाली,जाजरकोट,कुसे गाउँपालिका,9,6070209,66105
कर्णाली,जाजरकोट,जुनीचाँदे गाउँपालिका,1,6070301,66104
कर्णाली,जाजरकोट,जुनीचाँदे गाउँपालिका,2,6070302,66104
कर्णाली,जाजरकोट,जुनीचाँदे गाउँपालिका,3,6070303,66104
कर्णाली,जाजरकोट,जुनीचाँदे गाउँपालिका,4,6070304,66104
कर्णाली,जाजरकोट,जुनीचाँदे गाउँपालिका,5,6070305,66104
कर्णाली,जाजरकोट,जुनीचाँदे गाउँपालिका,6,6070306,66104
कर्णाली,जाजरकोट,जुनीचाँदे गाउँपालिका,7,6070307,66104
कर्णाली,जाजरकोट,जुनीचाँदे गाउँपालिका,8,6070308,66104
कर्णाली,जाजरकोट,जुनीचाँदे गाउँपालिका,9,6070309,66104
कर्णाली,जाजरकोट,जुनीचाँदे गाउँपालिका,10,6070310,66104
कर्णाली,जाजरकोट,जुनीचाँदे गाउँपालिका,11,6070311,66104
कर्णाली,जाजरकोट,छेडागाड नगरपालिका,1,6070401,66103
कर्णाली,जाजरकोट,छेडागाड नगरपालिका,2,6070402,66103
कर्णाली,जाजरकोट,छेडागाड नगरपालिका,3,6070403,66103
कर्णाली,जाजरकोट,छेडागाड नगरपालिका,4,6070404,66103
कर्णाली,जाजरकोट,छेडागाड नगरपालिका,5,6070405,66103
कर्णाली,जाजरकोट,छेडागाड नगरपालिका,6,6070406,66103
कर्णाली,जाजरकोट,छेडागाड नगरपालिका,7,6070407,66103
कर्णाली,जाजरकोट,छेडागाड नगरपालिका,8,6070408,66103
कर्णाली,जाजरकोट,छेडागाड नगरपालिका,9,6070409,66103
कर्णाली,जाजरकोट,छेडागाड नगरपालिका,10,6070410,66103
कर्णाली,जाजरकोट,छेडागाड नगरपालिका,11,6070411,66103
कर्णाली,जाजरकोट,छेडागाड नगरपालिका,12,6070412,66103
कर्णाली,जाजरकोट,छेडागाड नगरपालिका,13,6070413,66103
कर्णाली,जाजरकोट,शिवालय गाउँपालिका,1,6070501,66106
कर्णाली,जाजरकोट,शिवालय गाउँपालिका,2,6070502,66106
कर्णाली,जाजरकोट,शिवालय गाउँपालिका,3,6070503,66106
कर्णाली,जाजरकोट,शिवालय गाउँपालिका,4,6070504,66106
कर्णाली,जाजरकोट,शिवालय गाउँपालिका,5,6070505,66106
कर्णाली,जाजरकोट,शिवालय गाउँपालिका,6,6070506,66106
कर्णाली,जाजरकोट,शिवालय गाउँपालिका,7,6070507,66106
कर्णाली,जाजरकोट,शिवालय गाउँपालिका,8,6070508,66106
कर्णाली,जाजरकोट,शिवालय गाउँपालिका,9,6070509,66106
कर्णाली,जाजरकोट,भेरीमालिका नगरपालिका,1,6070601,66102
कर्णाली,जाजरकोट,भेरीमालिका नगरपालिका,2,6070602,66102
कर्णाली,जाजरकोट,भेरीमालिका नगरपालिका,3,6070603,66102
कर्णाली,जाजरकोट,भेरीमालिका नगरपालिका,4,6070604,66102
कर्णाली,जाजरकोट,भेरीमालिका नगरपालिका,5,6070605,66102
कर्णाली,जाजरकोट,भेरीमालिका नगरपालिका,6,6070606,66102
कर्णाली,जाजरकोट,भेरीमालिका नगरपालिका,7,6070607,66102
कर्णाली,जाजरकोट,भेरीमालिका नगरपालिका,8,6070608,66102
कर्णाली,जाजरकोट,भेरीमालिका नगरपालिका,9,6070609,66102
कर्णाली,जाजरकोट,भेरीमालिका नगरपालिका,10,6070610,66102
कर्णाली,जाजरकोट,भेरीमालिका नगरपालिका,11,6070611,66102
कर्णाली,जाजरकोट,भेरीमालिका नगरपालिका,12,6070612,66102
कर्णाली,जाजरकोट,भेरीमालिका नगरपालिका,13,6070613,66102
कर्णाली,जाजरकोट,नलगाड नगरपालिका,1,6070701,66103
कर्णाली,जाजरकोट,नलगाड नगरपालिका,2,6070702,66103
कर्णाली,जाजरकोट,नलगाड नगरपालिका,3,6070703,66103
कर्णाली,जाजरकोट,नलगाड नगरपालिका,4,6070704,66103
कर्णाली,जाजरकोट,नलगाड नगरपालिका,5,6070705,66103
कर्णाली,जाजरकोट,नलगाड नगरपालिका,6,6070706,66103
कर्णाली,जाजरकोट,नलगाड नगरपालिका,7,6070707,66103
कर्णाली,जाजरकोट,नलगाड नगरपालिका,8,6070708,66103
कर्णाली,जाजरकोट,नलगाड नगरपालिका,9,6070709,66103
कर्णाली,जाजरकोट,नलगाड नगरपालिका,10,6070710,66103
कर्णाली,जाजरकोट,नलगाड नगरपालिका,11,6070711,66103
कर्णाली,जाजरकोट,नलगाड नगरपालिका,12,6070712,66103
कर्णाली,जाजरकोट,नलगाड नगरपालिका,13,6070713,66103
कर्णाली,रुकुम (पश्चिम भाग),आठबिसकोट नगरपालिका,1,6080101,65401
कर्णाली,रुकुम (पश्चिम भाग),आठबिसकोट नगरपालिका,2,6080102,65401
कर्णाली,रुकुम (पश्चिम भाग),आठबिसकोट नगरपालिका,3,6080103,65401
कर्णाली,रुकुम (पश्चिम भाग),आठबिसकोट नगरपालिका,4,6080104,65401
कर्णाली,रुकुम (पश्चिम भाग),आठबिसकोट नगरपालिका,5,6080105,65401
कर्णाली,रुकुम (पश्चिम भाग),आठबिसकोट नगरपालिका,6,6080106,65401
कर्णाली,रुकुम (पश्चिम भाग),आठबिसकोट नगरपालिका,7,6080107,65401
कर्णाली,रुकुम (पश्चिम भाग),आठबिसकोट नगरपालिका,8,6080108,65401
कर्णाली,रुकुम (पश्चिम भाग),आठबिसकोट नगरपालिका,9,6080109,65401
कर्णाली,रुकुम (पश्चिम भाग),आठबिसकोट नगरपालिका,10,6080110,65401
कर्णाली,रुकुम (पश्चिम भाग),आठबिसकोट नगरपालिका,11,6080111,65401
कर्णाली,रुकुम (पश्चिम भाग),आठबिसकोट नगरपालिका,12,6080112,65401
कर्णाली,रुकुम (पश्चिम भाग),आठबिसकोट नगरपालिका,13,6080113,65401
कर्णाली,रुकुम (पश्चिम भाग),आठबिसकोट नगरपालिका,14,6080114,65401
कर्णाली,रुकुम (पश्चिम भाग),सानीभेरी गाउँपालिका,1,6080201,65405
कर्णाली,रुकुम (पश्चिम भाग),सानीभेरी गाउँपालिका,2,6080202,65405
कर्णाली,रुकुम (पश्चिम भाग),सानीभेरी गाउँपालिका,3,6080203,65405
कर्णाली,रुकुम (पश्चिम भाग),सानीभेरी गाउँपालिका,4,6080204,65405
कर्णाली,रुकुम (पश्चिम भाग),सानीभेरी गाउँपालिका,5,6080205,65405
कर्णाली,रुकुम (पश्चिम भाग),सानीभेरी गाउँपालिका,6,6080206,65405
कर्णाली,रुकुम (पश्चिम भाग),सानीभेरी गाउँपालिका,7,6080207,65405
कर्णाली,रुकुम (पश्चिम भाग),सानीभेरी गाउँपालिका,8,6080208,65405
कर्णाली,रुकुम (पश्चिम भाग),सानीभेरी गाउँपालिका,9,6080209,65405
कर्णाली,रुकुम (पश्चिम भाग),सानीभेरी गाउँपालिका,10,6080210,65405
कर्णाली,रुकुम (पश्चिम भाग),सानीभेरी गाउँपालिका,11,6080211,65405
कर्णाली,रुकुम (पश्चिम भाग),बाँफिकोट गाउँपालिका,1,6080301,65402
कर्णाली,रुकुम (पश्चिम भाग),बाँफिकोट गाउँपालिका,2,6080302,65402
कर्णाली,रुकुम (पश्चिम भाग),बाँफिकोट गाउँपालिका,3,6080303,65402
कर्णाली,रुकुम (पश्चिम भाग),बाँफिकोट गाउँपालिका,4,6080304,65402
कर्णाली,रुकुम (पश्चिम भाग),बाँफिकोट गाउँपालिका,5,6080305,65402
कर्णाली,रुकुम (पश्चिम भाग),बाँफिकोट गाउँपालिका,6,6080306,65402
कर्णाली,रुकुम (पश्चिम भाग),बाँफिकोट गाउँपालिका,7,6080307,65402
कर्णाली,रुकुम (पश्चिम भाग),बाँफिकोट गाउँपालिका,8,6080308,65402
कर्णाली,रुकुम (पश्चिम भाग),बाँफिकोट गाउँपालिका,9,6080309,65402
कर्णाली,रुकुम (पश्चिम भाग),बाँफिकोट गाउँपालिका,10,6080310,65402
कर्णाली,रुकुम (पश्चिम भाग),मुसिकोट नगरपालिका,1,6080401,65404
कर्णाली,रुकुम (पश्चिम भाग),मुसिकोट नगरपालिका,2,6080402,65404
कर्णाली,रुकुम (पश्चिम भाग),मुसिकोट नगरपालिका,3,6080403,65404
कर्णाली,रुकुम (पश्चिम भाग),मुसिकोट नगरपालिका,4,6080404,65404
कर्णाली,रुकुम (पश्चिम भाग),मुसिकोट नगरपालिका,5,6080405,65404
कर्णाली,रुकुम (पश्चिम भाग),मुसिकोट नगरपालिका,6,6080406,65404
कर्णाली,रुकुम (पश्चिम भाग),मुसिकोट नगरपालिका,7,6080407,65404
कर्णाली,रुकुम (पश्चिम भाग),मुसिकोट नगरपालिका,8,6080408,65404
कर्णाली,रुकुम (पश्चिम भाग),मुसिकोट नगरपालिका,9,6080409,65404
कर्णाली,रुकुम (पश्चिम भाग),मुसिकोट नगरपालिका,10,6080410,65404
कर्णाली,रुकुम (पश्चिम भाग),मुसिकोट नगरपालिका,11,6080411,65404
कर्णाली,रुकुम (पश्चिम भाग),मुसिकोट नगरपालिका,12,6080412,65404
कर्णाली,रुकुम (पश्चिम भाग),मुसिकोट नगरपालिका,13,6080413,65404
कर्णाली,रुकुम (पश्चिम भाग),मुसिकोट नगरपालिका,14,6080414,65404
कर्णाली,रुकुम (पश्चिम भाग),त्रिवेणी गाउँपालिका,1,6080501,65406
कर्णाली,रुकुम (पश्चिम भाग),त्रिवेणी गाउँपालिका,2,6080502,65406
कर्णाली,रुकुम (पश्चिम भाग),त्रिवेणी गाउँपालिका,3,6080503,65406
कर्णाली,रुकुम (पश्चिम भाग),त्रिवेणी गाउँपालिका,4,6080504,65406
कर्णाली,रुकुम (पश्चिम भाग),त्रिवेणी गाउँपालिका,5,6080505,65406
कर्णाली,रुकुम (पश्चिम भाग),त्रिवेणी गाउँपालिका,6,6080506,65406
कर्णाली,रुकुम (पश्चिम भाग),त्रिवेणी गाउँपालिका,7,6080507,65406
कर्णाली,रुकुम (पश्चिम भाग),त्रिवेणी गाउँपालिका,8,6080508,65406
कर्णाली,रुकुम (पश्चिम भाग),त्रिवेणी गाउँपालिका,9,6080509,65406
कर्णाली,रुकुम (पश्चिम भाग),त्रिवेणी गाउँपालिका,10,6080510,65406
कर्णाली,रुकुम (पश्चिम भाग),चौरजहारी नगरपालिका,1,6080601,65403
कर्णाली,रुकुम (पश्चिम भाग),चौरजहारी नगरपालिका,2,6080602,65403
कर्णाली,रुकुम (पश्चिम भाग),चौरजहारी नगरपालिका,3,6080603,65403
कर्णाली,रुकुम (पश्चिम भाग),चौरजहारी नगरपालिका,4,6080604,65403
कर्णाली,रुकुम (पश्चिम भाग),चौरजहारी नगरपालिका,5,6080605,65403
कर्णाली,रुकुम (पश्चिम भाग),चौरजहारी नगरपालिका,6,6080606,65403
कर्णाली,रुकुम (पश्चिम भाग),चौरजहारी नगरपालिका,7,6080607,65403
कर्णाली,रुकुम (पश्चिम भाग),चौरजहारी नगरपालिका,8,6080608,65403
कर्णाली,रुकुम (पश्चिम भाग),चौरजहारी नगरपालिका,9,6080609,65403
कर्णाली,रुकुम (पश्चिम भाग),चौरजहारी नगरपालिका,10,6080610,65403
कर्णाली,रुकुम (पश्चिम भाग),चौरजहारी नगरपालिका,11,6080611,65403
कर्णाली,रुकुम (पश्चिम भाग),चौरजहारी नगरपालिका,12,6080612,65403
कर्णाली,रुकुम (पश्चिम भाग),चौरजहारी नगरपालिका,13,6080613,65403
कर्णाली,रुकुम (पश्चिम भाग),चौरजहारी नगरपालिका,14,6080614,65403
कर्णाली,सल्यान,दार्मा गाउँपालिका,1,6090101,65504
कर्णाली,सल्यान,दार्मा गाउँपालिका,2,6090102,65504
कर्णाली,सल्यान,दार्मा गाउँपालिका,3,6090103,65504
कर्णाली,सल्यान,दार्मा गाउँपालिका,4,6090104,65504
कर्णाली,सल्यान,दार्मा गाउँपालिका,5,6090105,65504
कर्णाली,सल्यान,दार्मा गाउँपालिका,6,6090106,65504
कर्णाली,सल्यान,कुमाख गाउँपालिका,1,6090201,65508
कर्णाली,सल्यान,कुमाख गाउँपालिका,2,6090202,65508
कर्णाली,सल्यान,कुमाख गाउँपालिका,3,6090203,65508
कर्णाली,सल्यान,कुमाख गाउँपालिका,4,6090204,65508
कर्णाली,सल्यान,कुमाख गाउँपालिका,5,6090205,65508
कर्णाली,सल्यान,कुमाख गाउँपालिका,6,6090206,65508
कर्णाली,सल्यान,कुमाख गाउँपालिका,7,6090207,65508
कर्णाली,सल्यान,बनगाड कुपिण्डे नगरपालिका,1,6090301,65502
कर्णाली,सल्यान,बनगाड कुपिण्डे नगरपालिका,2,6090302,65502
कर्णाली,सल्यान,बनगाड कुपिण्डे नगरपालिका,3,6090303,65502
कर्णाली,सल्यान,बनगाड कुपिण्डे नगरपालिका,4,6090304,65502
कर्णाली,सल्यान,बनगाड कुपिण्डे नगरपालिका,5,6090305,65502
कर्णाली,सल्यान,बनगाड कुपिण्डे नगरपालिका,6,6090306,65502
कर्णाली,सल्यान,बनगाड कुपिण्डे नगरपालिका,7,6090307,65502
कर्णाली,सल्यान,बनगाड कुपिण्डे नगरपालिका,8,6090308,65502
कर्णाली,सल्यान,बनगाड कुपिण्डे नगरपालिका,9,6090309,65502
कर्णाली,सल्यान,बनगाड कुपिण्डे नगरपालिका,10,6090310,65502
कर्णाली,सल्यान,बनगाड कुपिण्डे नगरपालिका,11,6090311,65502
कर्णाली,सल्यान,बनगाड कुपिण्डे नगरपालिका,12,6090312,65502
कर्णाली,सल्यान,सिद्धकुमाख गाउँपालिका,1,6090401,65504
कर्णाली,सल्यान,सिद्धकुमाख गाउँपालिका,2,6090402,65504
कर्णाली,सल्यान,सिद्धकुमाख गाउँपालिका,3,6090403,65504
कर्णाली,सल्यान,सिद्धकुमाख गाउँपालिका,4,6090404,65504
कर्णाली,सल्यान,सिद्धकुमाख गाउँपालिका,5,6090405,65504
कर्णाली,सल्यान,बागचौर नगरपालिका,1,6090501,65501
कर्णाली,सल्यान,बागचौर नगरपालिका,2,6090502,65501
कर्णाली,सल्यान,बागचौर नगरपालिका,3,6090503,65501
कर्णाली,सल्यान,बागचौर नगरपालिका,4,6090504,65501
कर्णाली,सल्यान,बागचौर नगरपालिका,5,6090505,65501
कर्णाली,सल्यान,बागचौर नगरपालिका,6,6090506,65501
कर्णाली,सल्यान,बागचौर नगरपालिका,7,6090507,65501
कर्णाली,सल्यान,बागचौर नगरपालिका,8,6090508,65501
कर्णाली,सल्यान,बागचौर नगरपालिका,9,6090509,65501
कर्णाली,सल्यान,बागचौर नगरपालिका,10,6090510,65501
कर्णाली,सल्यान,बागचौर नगरपालिका,11,6090511,65501
कर्णाली,सल्यान,बागचौर नगरपालिका,12,6090512,65501
कर्णाली,सल्यान,छत्रेश्वरी गाउँपालिका,1,6090601,65503
कर्णाली,सल्यान,छत्रेश्वरी गाउँपालिका,2,6090602,65503
कर्णाली,सल्यान,छत्रेश्वरी गाउँपालिका,3,6090603,65503
कर्णाली,सल्यान,छत्रेश्वरी गाउँपालिका,4,6090604,65503
कर्णाली,सल्यान,छत्रेश्वरी गाउँपालिका,5,6090605,65503
कर्णाली,सल्यान,छत्रेश्वरी गाउँपालिका,6,6090606,65503
कर्णाली,सल्यान,छत्रेश्वरी गाउँपालिका,7,6090607,65503
कर्णाली,सल्यान,शारदा नगरपालिका,1,6090701,65509
कर्णाली,सल्यान,शारदा नगरपालिका,2,6090702,65509
कर्णाली,सल्यान,शारदा नगरपालिका,3,6090703,65509
कर्णाली,सल्यान,शारदा नगरपालिका,4,6090704,65509
कर्णाली,सल्यान,शारदा नगरपालिका,5,6090705,65509
कर्णाली,सल्यान,शारदा नगरपालिका,6,6090706,65509
कर्णाली,सल्यान,शारदा नगरपालिका,7,6090707,65509
कर्णाली,सल्यान,शारदा नगरपालिका,8,6090708,65509
कर्णाली,सल्यान,शारदा नगरपालिका,9,6090709,65509
कर्णाली,सल्यान,शारदा नगरपालिका,10,6090710,65509
कर्णाली,सल्यान,शारदा नगरपालिका,11,6090711,65509
कर्णाली,सल्यान,शारदा नगरपालिका,12,6090712,65509
कर्णाली,सल्यान,शारदा नगरपालिका,13,6090713,65509
कर्णाली,सल्यान,शारदा नगरपालिका,14,6090714,65509
कर्णाली,सल्यान,शारदा नगरपालिका,15,6090715,65509
कर्णाली,सल्यान,कालिमाटी गाउँपालिका,1,6090801,65506
कर्णाली,सल्यान,कालिमाटी गाउँपालिका,2,6090802,65506
कर्णाली,सल्यान,कालिमाटी गाउँपालिका,3,6090803,65506
कर्णाली,सल्यान,कालिमाटी गाउँपालिका,4,6090804,65506
कर्णाली,सल्यान,कालिमाटी गाउँपालिका,5,6090805,65506
कर्णाली,सल्यान,कालिमाटी गाउँपालिका,6,6090806,65506
कर्णाली,सल्यान,कालिमाटी गाउँपालिका,7,6090807,65506
कर्णाली,सल्यान,त्रिवेणी गाउँपालिका,1,6090901,65510
कर्णाली,सल्यान,त्रिवेणी गाउँपालिका,2,6090902,65510
कर्णाली,सल्यान,त्रिवेणी गाउँपालिका,3,6090903,65510
कर्णाली,सल्यान,त्रिवेणी गाउँपालिका,4,6090904,65510
कर्णाली,सल्यान,त्रिवेणी गाउँपालिका,5,6090905,65510
कर्णाली,सल्यान,त्रिवेणी गाउँपालिका,6,6090906,65510
कर्णाली,सल्यान,कपुरकोट गाउँपालिका,1,6091001,65507
कर्णाली,सल्यान,कपुरकोट गाउँपालिका,2,6091002,65507
कर्णाली,सल्यान,कपुरकोट गाउँपालिका,3,6091003,65507
कर्णाली,सल्यान,कपुरकोट गाउँपालिका,4,6091004,65507
कर्णाली,सल्यान,कपुरकोट गाउँपालिका,5,6091005,65507
कर्णाली,सल्यान,कपुरकोट गाउँपालिका,6,6091006,65507
कर्णाली,सुर्खेत,सिम्ता गाउँपालिका,1,6100101,65909
कर्णाली,सुर्खेत,सिम्ता गाउँपालिका,2,6100102,65909
कर्णाली,सुर्खेत,सिम्ता गाउँपालिका,3,6100103,65909
कर्णाली,सुर्खेत,सिम्ता गाउँपालिका,4,6100104,65909
कर्णाली,सुर्खेत,सिम्ता गाउँपालिका,5,6100105,65909
कर्णाली,सुर्खेत,सिम्ता गाउँपालिका,6,6100106,65909
कर्णाली,सुर्खेत,सिम्ता गाउँपालिका,7,6100107,65909
कर्णाली,सुर्खेत,सिम्ता गाउँपालिका,8,6100108,65909
कर्णाली,सुर्खेत,सिम्ता गाउँपालिका,9,6100109,65909
कर्णाली,सुर्खेत,चिङ्गगाड गाउँपालिका,1,6100201,65905
कर्णाली,सुर्खेत,चिङ्गगाड गाउँपालिका,2,6100202,65905
कर्णाली,सुर्खेत,चिङ्गगाड गाउँपालिका,3,6100203,65905
कर्णाली,सुर्खेत,चिङ्गगाड गाउँपालिका,4,6100204,65905
कर्णाली,सुर्खेत,चिङ्गगाड गाउँपालिका,5,6100205,65905
कर्णाली,सुर्खेत,चिङ्गगाड गाउँपालिका,6,6100206,65905
कर्णाली,सुर्खेत,लेकबेशी नगरपालिका,1,6100301,65907
कर्णाली,सुर्खेत,लेकबेशी नगरपालिका,2,6100302,65907
कर्णाली,सुर्खेत,लेकबेशी नगरपालिका,3,6100303,65907
कर्णाली,सुर्खेत,लेकबेशी नगरपालिका,4,6100304,65907
कर्णाली,सुर्खेत,लेकबेशी नगरपालिका,5,6100305,65907
कर्णाली,सुर्खेत,लेकबेशी नगरपालिका,6,6100306,65907
कर्णाली,सुर्खेत,लेकबेशी नगरपालिका,7,6100307,65907
कर्णाली,सुर्खेत,लेकबेशी नगरपालिका,8,6100308,65907
कर्णाली,सुर्खेत,लेकबेशी नगरपालिका,9,6100309,65907
कर्णाली,सुर्खेत,लेकबेशी नगरपालिका,10,6100310,65907
कर्णाली,सुर्खेत,गुर्भाकोट नगरपालिका,1,6100401,65906
कर्णाली,सुर्खेत,गुर्भाकोट नगरपालिका,2,6100402,65906
कर्णाली,सुर्खेत,गुर्भाकोट नगरपालिका,3,6100403,65906
कर्णाली,सुर्खेत,गुर्भाकोट नगरपालिका,4,6100404,65906
कर्णाली,सुर्खेत,गुर्भाकोट नगरपालिका,5,6100405,65906
कर्णाली,सुर्खेत,गुर्भाकोट नगरपालिका,6,6100406,65906
कर्णाली,सुर्खेत,गुर्भाकोट नगरपालिका,7,6100407,65906
कर्णाली,सुर्खेत,गुर्भाकोट नगरपालिका,8,6100408,65906
कर्णाली,सुर्खेत,गुर्भाकोट नगरपालिका,9,6100409,65906
कर्णाली,सुर्खेत,गुर्भाकोट नगरपालिका,10,6100410,65906
कर्णाली,सुर्खेत,गुर्भाकोट नगरपालिका,11,6100411,65906
कर्णाली,सुर्खेत,गुर्भाकोट नगरपालिका,12,6100412,65906
कर्णाली,सुर्खेत,गुर्भाकोट नगरपालिका,13,6100413,65906
कर्णाली,सुर्खेत,गुर्भाकोट नगरपालिका,14,6100414,65906
कर्णाली,सुर्खेत,भेरीगंगा नगरपालिका,1,6100501,65902
कर्णाली,सुर्खेत,भेरीगंगा नगरपालिका,2,6100502,65902
कर्णाली,सुर्खेत,भेरीगंगा नगरपालिका,3,6100503,65902
कर्णाली,सुर्खेत,भेरीगंगा नगरपालिका,4,6100504,65902
कर्णाली,सुर्खेत,भेरीगंगा नगरपालिका,5,6100505,65902
कर्णाली,सुर्खेत,भेरीगंगा नगरपालिका,6,6100506,65902
कर्णाली,सुर्खेत,भेरीगंगा नगरपालिका,7,6100507,65902
कर्णाली,सुर्खेत,भेरीगंगा नगरपालिका,8,6100508,65902
कर्णाली,सुर्खेत,भेरीगंगा नगरपालिका,9,6100509,65902
कर्णाली,सुर्खेत,भेरीगंगा नगरपालिका,10,6100510,65902
कर्णाली,सुर्खेत,भेरीगंगा नगरपालिका,11,6100511,65902
कर्णाली,सुर्खेत,भेरीगंगा नगरपालिका,12,6100512,65902
कर्णाली,सुर्खेत,भेरीगंगा नगरपालिका,13,6100513,65902
कर्णाली,सुर्खेत,बीरेन्द्रनगर नगरपालिका,1,6100601,65903
कर्णाली,सुर्खेत,बीरेन्द्रनगर नगरपालिका,2,6100602,65903
कर्णाली,सुर्खेत,बीरेन्द्रनगर नगरपालिका,3,6100603,65903
कर्णाली,सुर्खेत,बीरेन्द्रनगर नगरपालिका,4,6100604,65903
कर्णाली,सुर्खेत,बीरेन्द्रनगर नगरपालिका,5,6100605,65903
कर्णाली,सुर्खेत,बीरेन्द्रनगर नगरपालिका,6,6100606,65903
कर्णाली,सुर्खेत,बीरेन्द्रनगर नगरपालिका,7,6100607,65903
कर्णाली,सुर्खेत,बीरेन्द्रनगर नगरपालिका,8,6100608,65903
कर्णाली,सुर्खेत,बीरेन्द्रनगर नगरपालिका,9,6100609,65903
कर्णाली,सुर्खेत,बीरेन्द्रनगर नगरपालिका,10,6100610,65903
कर्णाली,सुर्खेत,बीरेन्द्रनगर नगरपालिका,11,6100611,65903
कर्णाली,सुर्खेत,बीरेन्द्रनगर नगरपालिका,12,6100612,65903
कर्णाली,सुर्खेत,बीरेन्द्रनगर नगरपालिका,13,6100613,65903
कर्णाली,सुर्खेत,बीरेन्द्रनगर नगरपालिका,14,6100614,65903
कर्णाली,सुर्खेत,बीरेन्द्रनगर नगरपालिका,15,6100615,65903
कर्णाली,सुर्खेत,बीरेन्द्रनगर नगरपालिका,16,6100616,65903
कर्णाली,सुर्खेत,बराहताल गाउँपालिका,1,6100701,65901
कर्णाली,सुर्खेत,बराहताल गाउँपालिका,2,6100702,65901
कर्णाली,सुर्खेत,बराहताल गाउँपालिका,3,6100703,65901
कर्णाली,सुर्खेत,बराहताल गाउँपालिका,4,6100704,65901
कर्णाली,सुर्खेत,बराहताल गाउँपालिका,5,6100705,65901
कर्णाली,सुर्खेत,बराहताल गाउँपालिका,6,6100706,65901
कर्णाली,सुर्खेत,बराहताल गाउँपालिका,7,6100707,65901
कर्णाली,सुर्खेत,बराहताल गाउँपालिका,8,6100708,65901
कर्णाली,सुर्खेत,बराहताल गाउँपालिका,9,6100709,65901
कर्णाली,सुर्खेत,बराहताल गाउँपालिका,10,6100710,65901
कर्णाली,सुर्खेत,पञ्चपुरी नगरपालिका,1,6100801,65908
कर्णाली,सुर्खेत,पञ्चपुरी नगरपालिका,2,6100802,65908
कर्णाली,सुर्खेत,पञ्चपुरी नगरपालिका,3,6100803,65908
कर्णाली,सुर्खेत,पञ्चपुरी नगरपालिका,4,6100804,65908
कर्णाली,सुर्खेत,पञ्चपुरी नगरपालिका,5,6100805,65908
कर्णाली,सुर्खेत,पञ्चपुरी नगरपालिका,6,6100806,65908
कर्णाली,सुर्खेत,पञ्चपुरी नगरपालिका,7,6100807,65908
कर्णाली,सुर्खेत,पञ्चपुरी नगरपालिका,8,6100808,65908
कर्णाली,सुर्खेत,पञ्चपुरी नगरपालिका,9,6100809,65908
कर्णाली,सुर्खेत,पञ्चपुरी नगरपालिका,10,6100810,65908
कर्णाली,सुर्खेत,पञ्चपुरी नगरपालिका,11,6100811,65908
कर्णाली,सुर्खेत,चौकुने गाउँपालिका,1,6100901,65904
कर्णाली,सुर्खेत,चौकुने गाउँपालिका,2,6100902,65904
कर्णाली,सुर्खेत,चौकुने गाउँपालिका,3,6100903,65904
कर्णाली,सुर्खेत,चौकुने गाउँपालिका,4,6100904,65904
कर्णाली,सुर्खेत,चौकुने गाउँपालिका,5,6100905,65904
कर्णाली,सुर्खेत,चौकुने गाउँपालिका,6,6100906,65904
कर्णाली,सुर्खेत,चौकुने गाउँपालिका,7,6100907,65904
कर्णाली,सुर्खेत,चौकुने गाउँपालिका,8,6100908,65904
कर्णाली,सुर्खेत,चौकुने गाउँपालिका,9,6100909,65904
कर्णाली,सुर्खेत,चौकुने गाउँपालिका,10,6100910,65904
सुदूरपश्चिम,बाजुरा,हिमाली गाउँपालिका,1,7010101,76706
सुदूरपश्चिम,बाजुरा,हिमाली गाउँपालिका,2,7010102,76706
सुदूरपश्चिम,बाजुरा,हिमाली गाउँपालिका,3,7010103,76706
सुदूरपश्चिम,बाजुरा,हिमाली गाउँपालिका,4,7010104,76706
सुदूरपश्चिम,बाजुरा,हिमाली गाउँपालिका,5,7010105,76706
सुदूरपश्चिम,बाजुरा,हिमाली गाउँपालिका,6,7010106,76706
सुदूरपश्चिम,बाजुरा,हिमाली गाउँपालिका,7,7010107,76706
सुदूरपश्चिम,बाजुरा,गौमुल गाउँपालिका,1,7010201,76705
सुदूरपश्चिम,बाजुरा,गौमुल गाउँपालिका,2,7010202,76705
सुदूरपश्चिम,बाजुरा,गौमुल गाउँपालिका,3,7010203,76705
सुदूरपश्चिम,बाजुरा,गौमुल गाउँपालिका,4,7010204,76705
सुदूरपश्चिम,बाजुरा,गौमुल गाउँपालिका,5,7010205,76705
सुदूरपश्चिम,बाजुरा,गौमुल गाउँपालिका,6,7010206,76705
सुदूरपश्चिम,बाजुरा,बुढीनन्दा नगरपालिका,1,7010301,76703
सुदूरपश्चिम,बाजुरा,बुढीनन्दा नगरपालिका,2,7010302,76703
सुदूरपश्चिम,बाजुरा,बुढीनन्दा नगरपालिका,3,7010303,76703
सुदूरपश्चिम,बाजुरा,बुढीनन्दा नगरपालिका,4,7010304,76703
सुदूरपश्चिम,बाजुरा,बुढीनन्दा नगरपालिका,5,7010305,76703
सुदूरपश्चिम,बाजुरा,बुढीनन्दा नगरपालिका,6,7010306,76703
सुदूरपश्चिम,बाजुरा,बुढीनन्दा नगरपालिका,7,7010307,76703
सुदूरपश्चिम,बाजुरा,बुढीनन्दा नगरपालिका,8,7010308,76703
सुदूरपश्चिम,बाजुरा,बुढीनन्दा नगरपालिका,9,7010309,76703
सुदूरपश्चिम,बाजुरा,बुढीनन्दा नगरपालिका,10,7010310,76703
सुदूरपश्चिम,बाजुरा,स्वामीकार्तिक खापर गाउँपालिका,1,7010401,76708
सुदूरपश्चिम,बाजुरा,स्वामीकार्तिक खापर गाउँपालिका,2,7010402,76708
सुदूरपश्चिम,बाजुरा,स्वामीकार्तिक खापर गाउँपालिका,3,7010403,76708
सुदूरपश्चिम,बाजुरा,स्वामीकार्तिक खापर गाउँपालिका,4,7010404,76708
सुदूरपश्चिम,बाजुरा,स्वामीकार्तिक खापर गाउँपालिका,5,7010405,76708
सुदूरपश्चिम,बाजुरा,जगन्नाथ गाउँपालिका,1,7010501,76707
सुदूरपश्चिम,बाजुरा,जगन्नाथ गाउँपालिका,2,7010502,76707
सुदूरपश्चिम,बाजुरा,जगन्नाथ गाउँपालिका,3,7010503,76707
सुदूरपश्चिम,बाजुरा,जगन्नाथ गाउँपालिका,4,7010504,76707
सुदूरपश्चिम,बाजुरा,जगन्नाथ गाउँपालिका,5,7010505,76707
सुदूरपश्चिम,बाजुरा,जगन्नाथ गाउँपालिका,6,7010506,76707
सुदूरपश्चिम,बाजुरा,बडिमालिका नगरपालिका,1,7010601,76701
सुदूरपश्चिम,बाजुरा,बडिमालिका नगरपालिका,2,7010602,76701
सुदूरपश्चिम,बाजुरा,बडिमालिका नगरपालिका,3,7010603,76701
सुदूरपश्चिम,बाजुरा,बडिमालिका नगरपालिका,4,7010604,76701
सुदूरपश्चिम,बाजुरा,बडिमालिका नगरपालिका,5,7010605,76701
सुदूरपश्चिम,बाजुरा,बडिमालिका नगरपालिका,6,7010606,76701
सुदूरपश्चिम,बाजुरा,बडिमालिका नगरपालिका,7,7010607,76701
सुदूरपश्चिम,बाजुरा,बडिमालिका नगरपालिका,8,7010608,76701
सुदूरपश्चिम,बाजुरा,बडिमालिका नगरपालिका,9,7010609,76701
सुदूरपश्चिम,बाजुरा,खप्तड छेडेदह गाउँपालिका,1,7010701,76704
सुदूरपश्चिम,बाजुरा,खप्तड छेडेदह गाउँपालिका,2,7010702,76704
सुदूरपश्चिम,बाजुरा,खप्तड छेडेदह गाउँपालिका,3,7010703,76704
सुदूरपश्चिम,बाजुरा,खप्तड छेडेदह गाउँपालिका,4,7010704,76704
सुदूरपश्चिम,बाजुरा,खप्तड छेडेदह गाउँपालिका,5,7010705,76704
सुदूरपश्चिम,बाजुरा,खप्तड छेडेदह गाउँपालिका,6,7010706,76704
सुदूरपश्चिम,बाजुरा,खप्तड छेडेदह गाउँपालिका,7,7010707,76704
सुदूरपश्चिम,बाजुरा,बुढीगंगा नगरपालिका,1,7010801,76702
सुदूरपश्चिम,बाजुरा,बुढीगंगा नगरपालिका,2,7010802,76702
सुदूरपश्चिम,बाजुरा,बुढीगंगा नगरपालिका,3,7010803,76702
सुदूरपश्चिम,बाजुरा,बुढीगंगा नगरपालिका,4,7010804,76702
सुदूरपश्चिम,बाजुरा,बुढीगंगा नगरपालिका,5,7010805,76702
सुदूरपश्चिम,बाजुरा,बुढीगंगा नगरपालिका,6,7010806,76702
सुदूरपश्चिम,बाजुरा,बुढीगंगा नगरपालिका,7,7010807,76702
सुदूरपश्चिम,बाजुरा,बुढीगंगा नगरपालिका,8,7010808,76702
सुदूरपश्चिम,बाजुरा,बुढीगंगा नगरपालिका,9,7010809,76702
सुदूरपश्चिम,बाजुरा,बुढीगंगा नगरपालिका,10,7010810,76702
सुदूरपश्चिम,बाजुरा,त्रिवेणी नगरपालिका,1,7010901,76709
सुदूरपश्चिम,बाजुरा,त्रिवेणी नगरपालिका,2,7010902,76709
सुदूरपश्चिम,बाजुरा,त्रिवेणी नगरपालिका,3,7010903,76709
सुदूरपश्चिम,बाजुरा,त्रिवेणी नगरपालिका,4,7010904,76709
सुदूरपश्चिम,बाजुरा,त्रिवेणी नगरपालिका,5,7010905,76709
सुदूरपश्चिम,बाजुरा,त्रिवेणी नगरपालिका,6,7010906,76709
सुदूरपश्चिम,बाजुरा,त्रिवेणी नगरपालिका,7,7010907,76709
सुदूरपश्चिम,बाजुरा,त्रिवेणी नगरपालिका,8,7010908,76709
सुदूरपश्चिम,बाजुरा,त्रिवेणी नगरपालिका,9,7010909,76709
सुदूरपश्चिम,बझाङ,साइपाल गाउँपालिका,1,7020101,76806
सुदूरपश्चिम,बझाङ,साइपाल गाउँपालिका,2,7020102,76806
सुदूरपश्चिम,बझाङ,साइपाल गाउँपालिका,3,7020103,76806
सुदूरपश्चिम,बझाङ,साइपाल गाउँपालिका,4,7020104,76806
सुदूरपश्चिम,बझाङ,साइपाल गाउँपालिका,5,7020105,76806
सुदूरपश्चिम,बझाङ,बुंगल नगरपालिका,1,7020201,76802
सुदूरपश्चिम,बझाङ,बुंगल नगरपालिका,2,7020202,76802
सुदूरपश्चिम,बझाङ,बुंगल नगरपालिका,3,7020203,76802
सुदूरपश्चिम,बझाङ,बुंगल नगरपालिका,4,7020204,76802
सुदूरपश्चिम,बझाङ,बुंगल नगरपालिका,5,7020205,76802
सुदूरपश्चिम,बझाङ,बुंगल नगरपालिका,6,7020206,76802
सुदूरपश्चिम,बझाङ,बुंगल नगरपालिका,7,7020207,76802
सुदूरपश्चिम,बझाङ,बुंगल नगरपालिका,8,7020208,76802
सुदूरपश्चिम,बझाङ,बुंगल नगरपालिका,9,7020209,76802
सुदूरपश्चिम,बझाङ,बुंगल नगरपालिका,10,7020210,76802
सुदूरपश्चिम,बझाङ,बुंगल नगरपालिका,11,7020211,76802
सुदूरपश्चिम,बझाङ,सूर्मा गाउँपालिका,1,7020301,76810
सुदूरपश्चिम,बझाङ,सूर्मा गाउँपालिका,2,7020302,76810
सुदूरपश्चिम,बझाङ,सूर्मा गाउँपालिका,3,7020303,76810
सुदूरपश्चिम,बझाङ,सूर्मा गाउँपालिका,4,7020304,76810
सुदूरपश्चिम,बझाङ,सूर्मा गाउँपालिका,5,7020305,76810
सुदूरपश्चिम,बझाङ,तालकोट गाउँपालिका,1,7020401,76811
सुदूरपश्चिम,बझाङ,तालकोट गाउँपालिका,2,7020402,76811
सुदूरपश्चिम,बझाङ,तालकोट गाउँपालिका,3,7020403,76811
सुदूरपश्चिम,बझाङ,तालकोट गाउँपालिका,4,7020404,76811
सुदूरपश्चिम,बझाङ,तालकोट गाउँपालिका,5,7020405,76811
सुदूरपश्चिम,बझाङ,तालकोट गाउँपालिका,6,7020406,76811
सुदूरपश्चिम,बझाङ,तालकोट गाउँपालिका,7,7020407,76811
सुदूरपश्चिम,बझाङ,मष्टा गाउँपालिका,1,7020501,76809
सुदूरपश्चिम,बझाङ,मष्टा गाउँपालिका,2,7020502,76809
सुदूरपश्चिम,बझाङ,मष्टा गाउँपालिका,3,7020503,76809
सुदूरपश्चिम,बझाङ,मष्टा गाउँपालिका,4,7020504,76809
सुदूरपश्चिम,बझाङ,मष्टा गाउँपालिका,5,7020505,76809
सुदूरपश्चिम,बझाङ,मष्टा गाउँपालिका,6,7020506,76809
सुदूरपश्चिम,बझाङ,मष्टा गाउँपालिका,7,7020507,76809
सुदूरपश्चिम,बझाङ,जयपृथ्वी नगरपालिका,1,7020601,76805
सुदूरपश्चिम,बझाङ,जयपृथ्वी नगरपालिका,2,7020602,76805
सुदूरपश्चिम,बझाङ,जयपृथ्वी नगरपालिका,3,7020603,76805
सुदूरपश्चिम,बझाङ,जयपृथ्वी नगरपालिका,4,7020604,76805
सुदूरपश्चिम,बझाङ,जयपृथ्वी नगरपालिका,5,7020605,76805
सुदूरपश्चिम,बझाङ,जयपृथ्वी नगरपालिका,6,7020606,76805
सुदूरपश्चिम,बझाङ,जयपृथ्वी नगरपालिका,7,7020607,76805
सुदूरपश्चिम,बझाङ,जयपृथ्वी नगरपालिका,8,7020608,76805
सुदूरपश्चिम,बझाङ,जयपृथ्वी नगरपालिका,9,7020609,76805
सुदूरपश्चिम,बझाङ,जयपृथ्वी नगरपालिका,10,7020610,76805
सुदूरपश्चिम,बझाङ,जयपृथ्वी नगरपालिका,11,7020611,76805
सुदूरपश्चिम,बझाङ,छबिस पाथिभरा गाउँपालिका,1,7020701,76803
सुदूरपश्चिम,बझाङ,छबिस पाथिभरा गाउँपालिका,2,7020702,76803
सुदूरपश्चिम,बझाङ,छबिस पाथिभरा गाउँपालिका,3,7020703,76803
सुदूरपश्चिम,बझाङ,छबिस पाथिभरा गाउँपालिका,4,7020704,76803
सुदूरपश्चिम,बझाङ,छबिस पाथिभरा गाउँपालिका,5,7020705,76803
सुदूरपश्चिम,बझाङ,छबिस पाथिभरा गाउँपालिका,6,7020706,76803
सुदूरपश्चिम,बझाङ,छबिस पाथिभरा गाउँपालिका,7,7020707,76803
सुदूरपश्चिम,बझाङ,दुर्गाथली गाउँपालिका,1,7020801,76804
सुदूरपश्चिम,बझाङ,दुर्गाथली गाउँपालिका,2,7020802,76804
सुदूरपश्चिम,बझाङ,दुर्गाथली गाउँपालिका,3,7020803,76804
सुदूरपश्चिम,बझाङ,दुर्गाथली गाउँपालिका,4,7020804,76804
सुदूरपश्चिम,बझाङ,दुर्गाथली गाउँपालिका,5,7020805,76804
सुदूरपश्चिम,बझाङ,दुर्गाथली गाउँपालिका,6,7020806,76804
सुदूरपश्चिम,बझाङ,दुर्गाथली गाउँपालिका,7,7020807,76804
सुदूरपश्चिम,बझाङ,केदारस्युँ गाउँपालिका,1,7020901,76807
सुदूरपश्चिम,बझाङ,केदारस्युँ गाउँपालिका,2,7020902,76807
सुदूरपश्चिम,बझाङ,केदारस्युँ गाउँपालिका,3,7020903,76807
सुदूरपश्चिम,बझाङ,केदारस्युँ गाउँपालिका,4,7020904,76807
सुदूरपश्चिम,बझाङ,केदारस्युँ गाउँपालिका,5,7020905,76807
सुदूरपश्चिम,बझाङ,केदारस्युँ गाउँपालिका,6,7020906,76807
सुदूरपश्चिम,बझाङ,केदारस्युँ गाउँपालिका,7,7020907,76807
सुदूरपश्चिम,बझाङ,केदारस्युँ गाउँपालिका,8,7020908,76807
सुदूरपश्चिम,बझाङ,केदारस्युँ गाउँपालिका,9,7020909,76807
सुदूरपश्चिम,बझाङ,बित्थडचिर गाउँपालिका,1,7021001,76801
सुदूरपश्चिम,बझाङ,बित्थडचिर गाउँपालिका,2,7021002,76801
सुदूरपश्चिम,बझाङ,बित्थडचिर गाउँपालिका,3,7021003,76801
सुदूरपश्चिम,बझाङ,बित्थडचिर गाउँपालिका,4,7021004,76801
सुदूरपश्चिम,बझाङ,बित्थडचिर गाउँपालिका,5,7021005,76801
सुदूरपश्चिम,बझाङ,बित्थडचिर गाउँपालिका,6,7021006,76801
सुदूरपश्चिम,बझाङ,बित्थडचिर गाउँपालिका,7,7021007,76801
सुदूरपश्चिम,बझाङ,बित्थडचिर गाउँपालिका,8,7021008,76801
सुदूरपश्चिम,बझाङ,बित्थडचिर गाउँपालिका,9,7021009,76801
सुदूरपश्चिम,बझाङ,थलारा गाउँपालिका,1,7021101,76812
सुदूरपश्चिम,बझाङ,थलारा गाउँपालिका,2,7021102,76812
सुदूरपश्चिम,बझाङ,थलारा गाउँपालिका,3,7021103,76812
सुदूरपश्चिम,बझाङ,थलारा गाउँपालिका,4,7021104,76812
सुदूरपश्चिम,बझाङ,थलारा गाउँपालिका,5,7021105,76812
सुदूरपश्चिम,बझाङ,थलारा गाउँपालिका,6,7021106,76812
सुदूरपश्चिम,बझाङ,थलारा गाउँपालिका,7,7021107,76812
सुदूरपश्चिम,बझाङ,थलारा गाउँपालिका,8,7021108,76812
सुदूरपश्चिम,बझाङ,थलारा गाउँपालिका,9,7021109,76812
सुदूरपश्चिम,बझाङ,खप्तडछान्ना गाउँपालिका,1,7021201,76808
सुदूरपश्चिम,बझाङ,खप्तडछान्ना गाउँपालिका,2,7021202,76808
सुदूरपश्चिम,बझाङ,खप्तडछान्ना गाउँपालिका,3,7021203,76808
सुदूरपश्चिम,बझाङ,खप्तडछान्ना गाउँपालिका,4,7021204,76808
सुदूरपश्चिम,बझाङ,खप्तडछान्ना गाउँपालिका,5,7021205,76808
सुदूरपश्चिम,बझाङ,खप्तडछान्ना गाउँपालिका,6,7021206,76808
सुदूरपश्चिम,बझाङ,खप्तडछान्ना गाउँपालिका,7,7021207,76808
सुदूरपश्चिम,दार्चुला,ब्याँस गाउँपालिका,1,7030101,77502
सुदूरपश्चिम,दार्चुला,ब्याँस गाउँपालिका,2,7030102,77502
सुदूरपश्चिम,दार्चुला,ब्याँस गाउँपालिका,3,7030103,77502
सुदूरपश्चिम,दार्चुला,ब्याँस गाउँपालिका,4,7030104,77502
सुदूरपश्चिम,दार्चुला,ब्याँस गाउँपालिका,5,7030105,77502
सुदूरपश्चिम,दार्चुला,ब्याँस गाउँपालिका,6,7030106,77502
सुदूरपश्चिम,दार्चुला,दुहुँ गाउँपालिका,1,7030201,77503
सुदूरपश्चिम,दार्चुला,दुहुँ गाउँपालिका,2,7030202,77503
सुदूरपश्चिम,दार्चुला,दुहुँ गाउँपालिका,3,7030203,77503
सुदूरपश्चिम,दार्चुला,दुहुँ गाउँपालिका,4,7030204,77503
सुदूरपश्चिम,दार्चुला,दुहुँ गाउँपालिका,5,7030205,77503
सुदूरपश्चिम,दार्चुला,महाकाली नगरपालिका,1,7030301,77505
सुदूरपश्चिम,दार्चुला,महाकाली नगरपालिका,2,7030302,77505
सुदूरपश्चिम,दार्चुला,महाकाली नगरपालिका,3,7030303,77505
सुदूरपश्चिम,दार्चुला,महाकाली नगरपालिका,4,7030304,77505
सुदूरपश्चिम,दार्चुला,महाकाली नगरपालिका,5,7030305,77505
सुदूरपश्चिम,दार्चुला,महाकाली नगरपालिका,6,7030306,77505
सुदूरपश्चिम,दार्चुला,महाकाली नगरपालिका,7,7030307,77505
सुदूरपश्चिम,दार्चुला,महाकाली नगरपालिका,8,7030308,77505
सुदूरपश्चिम,दार्चुला,महाकाली नगरपालिका,9,7030309,77505
सुदूरपश्चिम,दार्चुला,नौगाड गाउँपालिका,1,7030401,77508
सुदूरपश्चिम,दार्चुला,नौगाड गाउँपालिका,2,7030402,77508
सुदूरपश्चिम,दार्चुला,नौगाड गाउँपालिका,3,7030403,77508
सुदूरपश्चिम,दार्चुला,नौगाड गाउँपालिका,4,7030404,77508
सुदूरपश्चिम,दार्चुला,नौगाड गाउँपालिका,5,7030405,77508
सुदूरपश्चिम,दार्चुला,नौगाड गाउँपालिका,6,7030406,77508
सुदूरपश्चिम,दार्चुला,अपिहिमाल गाउँपालिका,1,7030501,77501
सुदूरपश्चिम,दार्चुला,अपिहिमाल गाउँपालिका,2,7030502,77501
सुदूरपश्चिम,दार्चुला,अपिहिमाल गाउँपालिका,3,7030503,77501
सुदूरपश्चिम,दार्चुला,अपिहिमाल गाउँपालिका,4,7030504,77501
सुदूरपश्चिम,दार्चुला,अपिहिमाल गाउँपालिका,5,7030505,77501
सुदूरपश्चिम,दार्चुला,अपिहिमाल गाउँपालिका,6,7030506,77501
सुदूरपश्चिम,दार्चुला,मार्मा गाउँपालिका,1,7030601,77507
सुदूरपश्चिम,दार्चुला,मार्मा गाउँपालिका,2,7030602,77507
सुदूरपश्चिम,दार्चुला,मार्मा गाउँपालिका,3,7030603,77507
सुदूरपश्चिम,दार्चुला,मार्मा गाउँपालिका,4,7030604,77507
सुदूरपश्चिम,दार्चुला,मार्मा गाउँपालिका,5,7030605,77507
सुदूरपश्चिम,दार्चुला,मार्मा गाउँपालिका,6,7030606,77507
सुदूरपश्चिम,दार्चुला,शैल्यशिखर नगरपालिका,1,7030701,77509
सुदूरपश्चिम,दार्चुला,शैल्यशिखर नगरपालिका,2,7030702,77509
सुदूरपश्चिम,दार्चुला,शैल्यशिखर नगरपालिका,3,7030703,77509
सुदूरपश्चिम,दार्चुला,शैल्यशिखर नगरपालिका,4,7030704,77509
सुदूरपश्चिम,दार्चुला,शैल्यशिखर नगरपालिका,5,7030705,77509
सुदूरपश्चिम,दार्चुला,शैल्यशिखर नगरपालिका,6,7030706,77509
सुदूरपश्चिम,दार्चुला,शैल्यशिखर नगरपालिका,7,7030707,77509
सुदूरपश्चिम,दार्चुला,शैल्यशिखर नगरपालिका,8,7030708,77509
सुदूरपश्चिम,दार्चुला,शैल्यशिखर नगरपालिका,9,7030709,77509
सुदूरपश्चिम,दार्चुला,मालिकार्जुन गाउँपालिका,1,7030801,77506
सुदूरपश्चिम,दार्चुला,मालिकार्जुन गाउँपालिका,2,7030802,77506
सुदूरपश्चिम,दार्चुला,मालिकार्जुन गाउँपालिका,3,7030803,77506
सुदूरपश्चिम,दार्चुला,मालिकार्जुन गाउँपालिका,4,7030804,77506
सुदूरपश्चिम,दार्चुला,मालिकार्जुन गाउँपालिका,5,7030805,77506
सुदूरपश्चिम,दार्चुला,मालिकार्जुन गाउँपालिका,6,7030806,77506
सुदूरपश्चिम,दार्चुला,मालिकार्जुन गाउँपालिका,7,7030807,77506
सुदूरपश्चिम,दार्चुला,मालिकार्जुन गाउँपालिका,8,7030808,77506
सुदूरपश्चिम,दार्चुला,लेकम गाउँपालिका,1,7030901,77504
सुदूरपश्चिम,दार्चुला,लेकम गाउँपालिका,2,7030902,77504
सुदूरपश्चिम,दार्चुला,लेकम गाउँपालिका,3,7030903,77504
सुदूरपश्चिम,दार्चुला,लेकम गाउँपालिका,4,7030904,77504
सुदूरपश्चिम,दार्चुला,लेकम गाउँपालिका,5,7030905,77504
सुदूरपश्चिम,दार्चुला,लेकम गाउँपालिका,6,7030906,77504
सुदूरपश्चिम,बैतडी,डीलासैनी गाउँपालिका,1,7040101,77402
सुदूरपश्चिम,बैतडी,डीलासैनी गाउँपालिका,2,7040102,77402
सुदूरपश्चिम,बैतडी,डीलासैनी गाउँपालिका,3,7040103,77402
सुदूरपश्चिम,बैतडी,डीलासैनी गाउँपालिका,4,7040104,77402
सुदूरपश्चिम,बैतडी,डीलासैनी गाउँपालिका,5,7040105,77402
सुदूरपश्चिम,बैतडी,डीलासैनी गाउँपालिका,6,7040106,77402
सुदूरपश्चिम,बैतडी,डीलासैनी गाउँपालिका,7,7040107,77402
सुदूरपश्चिम,बैतडी,दोगडाकेदार गाउँपालिका,1,7040201,77403
सुदूरपश्चिम,बैतडी,दोगडाकेदार गाउँपालिका,2,7040202,77403
सुदूरपश्चिम,बैतडी,दोगडाकेदार गाउँपालिका,3,7040203,77403
सुदूरपश्चिम,बैतडी,दोगडाकेदार गाउँपालिका,4,7040204,77403
सुदूरपश्चिम,बैतडी,दोगडाकेदार गाउँपालिका,5,7040205,77403
सुदूरपश्चिम,बैतडी,दोगडाकेदार गाउँपालिका,6,7040206,77403
सुदूरपश्चिम,बैतडी,दोगडाकेदार गाउँपालिका,7,7040207,77403
सुदूरपश्चिम,बैतडी,दोगडाकेदार गाउँपालिका,8,7040208,77403
सुदूरपश्चिम,बैतडी,पुचौंडी नगरपालिका,1,7040301,77407
सुदूरपश्चिम,बैतडी,पुचौंडी नगरपालिका,2,7040302,77407
सुदूरपश्चिम,बैतडी,पुचौंडी नगरपालिका,3,7040303,77407
सुदूरपश्चिम,बैतडी,पुचौंडी नगरपालिका,4,7040304,77407
सुदूरपश्चिम,बैतडी,पुचौंडी नगरपालिका,5,7040305,77407
सुदूरपश्चिम,बैतडी,पुचौंडी नगरपालिका,6,7040306,77407
सुदूरपश्चिम,बैतडी,पुचौंडी नगरपालिका,7,7040307,77407
सुदूरपश्चिम,बैतडी,पुचौंडी नगरपालिका,8,7040308,77407
सुदूरपश्चिम,बैतडी,पुचौंडी नगरपालिका,9,7040309,77407
सुदूरपश्चिम,बैतडी,पुचौंडी नगरपालिका,10,7040310,77407
सुदूरपश्चिम,बैतडी,सुर्नया गाउँपालिका,1,7040401,77410
सुदूरपश्चिम,बैतडी,सुर्नया गाउँपालिका,2,7040402,77410
सुदूरपश्चिम,बैतडी,सुर्नया गाउँपालिका,3,7040403,77410
सुदूरपश्चिम,बैतडी,सुर्नया गाउँपालिका,4,7040404,77410
सुदूरपश्चिम,बैतडी,सुर्नया गाउँपालिका,5,7040405,77410
सुदूरपश्चिम,बैतडी,सुर्नया गाउँपालिका,6,7040406,77410
सुदूरपश्चिम,बैतडी,सुर्नया गाउँपालिका,7,7040407,77410
सुदूरपश्चिम,बैतडी,सुर्नया गाउँपालिका,8,7040408,77410
सुदूरपश्चिम,बैतडी,दशरथचन्द नगरपालिका,1,7040501,77401
सुदूरपश्चिम,बैतडी,दशरथचन्द नगरपालिका,2,7040502,77401
सुदूरपश्चिम,बैतडी,दशरथचन्द नगरपालिका,3,7040503,77401
सुदूरपश्चिम,बैतडी,दशरथचन्द नगरपालिका,4,7040504,77401
सुदूरपश्चिम,बैतडी,दशरथचन्द नगरपालिका,5,7040505,77401
सुदूरपश्चिम,बैतडी,दशरथचन्द नगरपालिका,6,7040506,77401
सुदूरपश्चिम,बैतडी,दशरथचन्द नगरपालिका,7,7040507,77401
सुदूरपश्चिम,बैतडी,दशरथचन्द नगरपालिका,8,7040508,77401
सुदूरपश्चिम,बैतडी,दशरथचन्द नगरपालिका,9,7040509,77401
सुदूरपश्चिम,बैतडी,दशरथचन्द नगरपालिका,10,7040510,77401
सुदूरपश्चिम,बैतडी,दशरथचन्द नगरपालिका,11,7040511,77401
सुदूरपश्चिम,बैतडी,पन्चेश्वर गाउँपालिका,1,7040601,77405
सुदूरपश्चिम,बैतडी,पन्चेश्वर गाउँपालिका,2,7040602,77405
सुदूरपश्चिम,बैतडी,पन्चेश्वर गाउँपालिका,3,7040603,77405
सुदूरपश्चिम,बैतडी,पन्चेश्वर गाउँपालिका,4,7040604,77405
सुदूरपश्चिम,बैतडी,पन्चेश्वर गाउँपालिका,5,7040605,77405
सुदूरपश्चिम,बैतडी,पन्चेश्वर गाउँपालिका,6,7040606,77405
सुदूरपश्चिम,बैतडी,शिवनाथ गाउँपालिका,1,7040701,77408
सुदूरपश्चिम,बैतडी,शिवनाथ गाउँपालिका,2,7040702,77408
सुदूरपश्चिम,बैतडी,शिवनाथ गाउँपालिका,3,7040703,77408
सुदूरपश्चिम,बैतडी,शिवनाथ गाउँपालिका,4,7040704,77408
सुदूरपश्चिम,बैतडी,शिवनाथ गाउँपालिका,5,7040705,77408
सुदूरपश्चिम,बैतडी,शिवनाथ गाउँपालिका,6,7040706,77408
सुदूरपश्चिम,बैतडी,मेलौली नगरपालिका,1,7040801,77404
सुदूरपश्चिम,बैतडी,मेलौली नगरपालिका,2,7040802,77404
सुदूरपश्चिम,बैतडी,मेलौली नगरपालिका,3,7040803,77404
सुदूरपश्चिम,बैतडी,मेलौली नगरपालिका,4,7040804,77404
सुदूरपश्चिम,बैतडी,मेलौली नगरपालिका,5,7040805,77404
सुदूरपश्चिम,बैतडी,मेलौली नगरपालिका,6,7040806,77404
सुदूरपश्चिम,बैतडी,मेलौली नगरपालिका,7,7040807,77404
सुदूरपश्चिम,बैतडी,मेलौली नगरपालिका,8,7040808,77404
सुदूरपश्चिम,बैतडी,मेलौली नगरपालिका,9,7040809,77404
सुदूरपश्चिम,बैतडी,पाटन नगरपालिका,1,7040901,77406
सुदूरपश्चिम,बैतडी,पाटन नगरपालिका,2,7040902,77406
सुदूरपश्चिम,बैतडी,पाटन नगरपालिका,3,7040903,77406
सुदूरपश्चिम,बैतडी,पाटन नगरपालिका,4,7040904,77406
सुदूरपश्चिम,बैतडी,पाटन नगरपालिका,5,7040905,77406
सुदूरपश्चिम,बैतडी,पाटन नगरपालिका,6,7040906,77406
सुदूरपश्चिम,बैतडी,पाटन नगरपालिका,7,7040907,77406
सुदूरपश्चिम,बैतडी,पाटन नगरपालिका,8,7040908,77406
सुदूरपश्चिम,बैतडी,पाटन नगरपालिका,9,7040909,77406
सुदूरपश्चिम,बैतडी,पाटन नगरपालिका,10,7040910,77406
सुदूरपश्चिम,बैतडी,सिगास गाउँपालिका,1,7041001,77409
सुदूरपश्चिम,बैतडी,सिगास गाउँपालिका,2,7041002,77409
सुदूरपश्चिम,बैतडी,सिगास गाउँपालिका,3,7041003,77409
सुदूरपश्चिम,बैतडी,सिगास गाउँपालिका,4,7041004,77409
सुदूरपश्चिम,बैतडी,सिगास गाउँपालिका,5,7041005,77409
सुदूरपश्चिम,बैतडी,सिगास गाउँपालिका,6,7041006,77409
सुदूरपश्चिम,बैतडी,सिगास गाउँपालिका,7,7041007,77409
सुदूरपश्चिम,बैतडी,सिगास गाउँपालिका,8,7041008,77409
सुदूरपश्चिम,बैतडी,सिगास गाउँपालिका,9,7041009,77409
सुदूरपश्चिम,डँडेलधुरा,नवदुर्गा गाउँपालिका,1,7050101,77306
सुदूरपश्चिम,डँडेलधुरा,नवदुर्गा गाउँपालिका,2,7050102,77306
सुदूरपश्चिम,डँडेलधुरा,नवदुर्गा गाउँपालिका,3,7050103,77306
सुदूरपश्चिम,डँडेलधुरा,नवदुर्गा गाउँपालिका,4,7050104,77306
सुदूरपश्चिम,डँडेलधुरा,नवदुर्गा गाउँपालिका,5,7050105,77306
सुदूरपश्चिम,डँडेलधुरा,अमरगढी नगरपालिका,1,7050201,77303
सुदूरपश्चिम,डँडेलधुरा,अमरगढी नगरपालिका,2,7050202,77303
सुदूरपश्चिम,डँडेलधुरा,अमरगढी नगरपालिका,3,7050203,77303
सुदूरपश्चिम,डँडेलधुरा,अमरगढी नगरपालिका,4,7050204,77303
सुदूरपश्चिम,डँडेलधुरा,अमरगढी नगरपालिका,5,7050205,77303
सुदूरपश्चिम,डँडेलधुरा,अमरगढी नगरपालिका,6,7050206,77303
सुदूरपश्चिम,डँडेलधुरा,अमरगढी नगरपालिका,7,7050207,77303
सुदूरपश्चिम,डँडेलधुरा,अमरगढी नगरपालिका,8,7050208,77303
सुदूरपश्चिम,डँडेलधुरा,अमरगढी नगरपालिका,9,7050209,77303
सुदूरपश्चिम,डँडेलधुरा,अमरगढी नगरपालिका,10,7050210,77303
सुदूरपश्चिम,डँडेलधुरा,अमरगढी नगरपालिका,11,7050211,77303
सुदूरपश्चिम,डँडेलधुरा,अजयमेरु गाउँपालिका,1,7050301,77301
सुदूरपश्चिम,डँडेलधुरा,अजयमेरु गाउँपालिका,2,7050302,77301
सुदूरपश्चिम,डँडेलधुरा,अजयमेरु गाउँपालिका,3,7050303,77301
सुदूरपश्चिम,डँडेलधुरा,अजयमेरु गाउँपालिका,4,7050304,77301
सुदूरपश्चिम,डँडेलधुरा,अजयमेरु गाउँपालिका,5,7050305,77301
सुदूरपश्चिम,डँडेलधुरा,अजयमेरु गाउँपालिका,6,7050306,77301
सुदूरपश्चिम,डँडेलधुरा,भागेश्वर गाउँपालिका,1,7050401,77304
सुदूरपश्चिम,डँडेलधुरा,भागेश्वर गाउँपालिका,2,7050402,77304
सुदूरपश्चिम,डँडेलधुरा,भागेश्वर गाउँपालिका,3,7050403,77304
सुदूरपश्चिम,डँडेलधुरा,भागेश्वर गाउँपालिका,4,7050404,77304
सुदूरपश्चिम,डँडेलधुरा,भागेश्वर गाउँपालिका,5,7050405,77304
सुदूरपश्चिम,डँडेलधुरा,परशुराम नगरपालिका,1,7050501,77307
सुदूरपश्चिम,डँडेलधुरा,परशुराम नगरपालिका,2,7050502,77307
सुदूरपश्चिम,डँडेलधुरा,परशुराम नगरपालिका,3,7050503,77307
सुदूरपश्चिम,डँडेलधुरा,परशुराम नगरपालिका,4,7050504,77307
सुदूरपश्चिम,डँडेलधुरा,परशुराम नगरपालिका,5,7050505,77307
सुदूरपश्चिम,डँडेलधुरा,परशुराम नगरपालिका,6,7050506,77307
सुदूरपश्चिम,डँडेलधुरा,परशुराम नगरपालिका,7,7050507,77307
सुदूरपश्चिम,डँडेलधुरा,परशुराम नगरपालिका,8,7050508,77307
सुदूरपश्चिम,डँडेलधुरा,परशुराम नगरपालिका,9,7050509,77307
सुदूरपश्चिम,डँडेलधुरा,परशुराम नगरपालिका,10,7050510,77307
सुदूरपश्चिम,डँडेलधुरा,परशुराम नगरपालिका,11,7050511,77307
सुदूरपश्चिम,डँडेलधुरा,परशुराम नगरपालिका,12,7050512,77307
सुदूरपश्चिम,डँडेलधुरा,आलिताल गाउँपालिका,1,7050601,77302
सुदूरपश्चिम,डँडेलधुरा,आलिताल गाउँपालिका,2,7050602,77302
सुदूरपश्चिम,डँडेलधुरा,आलिताल गाउँपालिका,3,7050603,77302
सुदूरपश्चिम,डँडेलधुरा,आलिताल गाउँपालिका,4,7050604,77302
सुदूरपश्चिम,डँडेलधुरा,आलिताल गाउँपालिका,5,7050605,77302
सुदूरपश्चिम,डँडेलधुरा,आलिताल गाउँपालिका,6,7050606,77302
सुदूरपश्चिम,डँडेलधुरा,आलिताल गाउँपालिका,7,7050607,77302
सुदूरपश्चिम,डँडेलधुरा,आलिताल गाउँपालिका,8,7050608,77302
सुदूरपश्चिम,डँडेलधुरा,गन्यापधुरा गाउँपालिका,1,7050701,77305
सुदूरपश्चिम,डँडेलधुरा,गन्यापधुरा गाउँपालिका,2,7050702,77305
सुदूरपश्चिम,डँडेलधुरा,गन्यापधुरा गाउँपालिका,3,7050703,77305
सुदूरपश्चिम,डँडेलधुरा,गन्यापधुरा गाउँपालिका,4,7050704,77305
सुदूरपश्चिम,डँडेलधुरा,गन्यापधुरा गाउँपालिका,5,7050705,77305
सुदूरपश्चिम,डोटी,पुर्विचौकी गाउँपालिका,1,7060101,77007
सुदूरपश्चिम,डोटी,पुर्विचौकी गाउँपालिका,2,7060102,77007
सुदूरपश्चिम,डोटी,पुर्विचौकी गाउँपालिका,3,7060103,77007
सुदूरपश्चिम,डोटी,पुर्विचौकी गाउँपालिका,4,7060104,77007
सुदूरपश्चिम,डोटी,पुर्विचौकी गाउँपालिका,5,7060105,77007
सुदूरपश्चिम,डोटी,पुर्विचौकी गाउँपालिका,6,7060106,77007
सुदूरपश्चिम,डोटी,पुर्विचौकी गाउँपालिका,7,7060107,77007
सुदूरपश्चिम,डोटी,सायल गाउँपालिका,1,7060201,77008
सुदूरपश्चिम,डोटी,सायल गाउँपालिका,2,7060202,77008
सुदूरपश्चिम,डोटी,सायल गाउँपालिका,3,7060203,77008
सुदूरपश्चिम,डोटी,सायल गाउँपालिका,4,7060204,77008
सुदूरपश्चिम,डोटी,सायल गाउँपालिका,5,7060205,77008
सुदूरपश्चिम,डोटी,सायल गाउँपालिका,6,7060206,77008
सुदूरपश्चिम,डोटी,आदर्श गाउँपालिका,1,7060301,77001
सुदूरपश्चिम,डोटी,आदर्श गाउँपालिका,2,7060302,77001
सुदूरपश्चिम,डोटी,आदर्श गाउँपालिका,3,7060303,77001
सुदूरपश्चिम,डोटी,आदर्श गाउँपालिका,4,7060304,77001
सुदूरपश्चिम,डोटी,आदर्श गाउँपालिका,5,7060305,77001
सुदूरपश्चिम,डोटी,आदर्श गाउँपालिका,6,7060306,77001
सुदूरपश्चिम,डोटी,आदर्श गाउँपालिका,7,7060307,77001
सुदूरपश्चिम,डोटी,शिखर नगरपालिका,1,7060401,77009
सुदूरपश्चिम,डोटी,शिखर नगरपालिका,2,7060402,77009
सुदूरपश्चिम,डोटी,शिखर नगरपालिका,3,7060403,77009
सुदूरपश्चिम,डोटी,शिखर नगरपालिका,4,7060404,77009
सुदूरपश्चिम,डोटी,शिखर नगरपालिका,5,7060405,77009
सुदूरपश्चिम,डोटी,शिखर नगरपालिका,6,7060406,77009
सुदूरपश्चिम,डोटी,शिखर नगरपालिका,7,7060407,77009
सुदूरपश्चिम,डोटी,शिखर नगरपालिका,8,7060408,77009
सुदूरपश्चिम,डोटी,शिखर नगरपालिका,9,7060409,77009
सुदूरपश्चिम,डोटी,शिखर नगरपालिका,10,7060410,77009
सुदूरपश्चिम,डोटी,शिखर नगरपालिका,11,7060411,77009
सुदूरपश्चिम,डोटी,दिपायल सिलगढी नगरपालिका,1,7060501,77004
सुदूरपश्चिम,डोटी,दिपायल सिलगढी नगरपालिका,2,7060502,77004
सुदूरपश्चिम,डोटी,दिपायल सिलगढी नगरपालिका,3,7060503,77004
सुदूरपश्चिम,डोटी,दिपायल सिलगढी नगरपालिका,4,7060504,77004
सुदूरपश्चिम,डोटी,दिपायल सिलगढी नगरपालिका,5,7060505,77004
सुदूरपश्चिम,डोटी,दिपायल सिलगढी नगरपालिका,6,7060506,77004
सुदूरपश्चिम,डोटी,दिपायल सिलगढी नगरपालिका,7,7060507,77004
सुदूरपश्चिम,डोटी,दिपायल सिलगढी नगरपालिका,8,7060508,77004
सुदूरपश्चिम,डोटी,दिपायल सिलगढी नगरपालिका,9,7060509,77004
सुदूरपश्चिम,डोटी,के.आई.सिं. गाउँपालिका,1,7060601,77006
सुदूरपश्चिम,डोटी,के.आई.सिं. गाउँपालिका,2,7060602,77006
सुदूरपश्चिम,डोटी,के.आई.सिं. गाउँपालिका,3,7060603,77006
सुदूरपश्चिम,डोटी,के.आई.सिं. गाउँपालिका,4,7060604,77006
सुदूरपश्चिम,डोटी,के.आई.सिं. गाउँपालिका,5,7060605,77006
सुदूरपश्चिम,डोटी,के.आई.सिं. गाउँपालिका,6,7060606,77006
सुदूरपश्चिम,डोटी,के.आई.सिं. गाउँपालिका,7,7060607,77006
सुदूरपश्चिम,डोटी,बोगटान फुड्सिल गाउँपालिका,1,7060701,77003
सुदूरपश्चिम,डोटी,बोगटान फुड्सिल गाउँपालिका,2,7060702,77003
सुदूरपश्चिम,डोटी,बोगटान फुड्सिल गाउँपालिका,3,7060703,77003
सुदूरपश्चिम,डोटी,बोगटान फुड्सिल गाउँपालिका,4,7060704,77003
सुदूरपश्चिम,डोटी,बोगटान फुड्सिल गाउँपालिका,5,7060705,77003
सुदूरपश्चिम,डोटी,बोगटान फुड्सिल गाउँपालिका,6,7060706,77003
सुदूरपश्चिम,डोटी,बोगटान फुड्सिल गाउँपालिका,7,7060707,77003
सुदूरपश्चिम,डोटी,बडीकेदार गाउँपालिका,1,7060801,77002
सुदूरपश्चिम,डोटी,बडीकेदार गाउँपालिका,2,7060802,77002
सुदूरपश्चिम,डोटी,बडीकेदार गाउँपालिका,3,7060803,77002
सुदूरपश्चिम,डोटी,बडीकेदार गाउँपालिका,4,7060804,77002
सुदूरपश्चिम,डोटी,बडीकेदार गाउँपालिका,5,7060805,77002
सुदूरपश्चिम,डोटी,जोरायल गाउँपालिका,1,7060901,77005
सुदूरपश्चिम,डोटी,जोरायल गाउँपालिका,2,7060902,77005
सुदूरपश्चिम,डोटी,जोरायल गाउँपालिका,3,7060903,77005
सुदूरपश्चिम,डोटी,जोरायल गाउँपालिका,4,7060904,77005
सुदूरपश्चिम,डोटी,जोरायल गाउँपालिका,5,7060905,77005
सुदूरपश्चिम,डोटी,जोरायल गाउँपालिका,6,7060906,77005
सुदूरपश्चिम,अछाम,पंचदेवल बिनायक नगरपालिका,1,7070101,76907
सुदूरपश्चिम,अछाम,पंचदेवल बिनायक नगरपालिका,2,7070102,76907
सुदूरपश्चिम,अछाम,पंचदेवल बिनायक नगरपालिका,3,7070103,76907
सुदूरपश्चिम,अछाम,पंचदेवल बिनायक नगरपालिका,4,7070104,76907
सुदूरपश्चिम,अछाम,पंचदेवल बिनायक नगरपालिका,5,7070105,76907
सुदूरपश्चिम,अछाम,पंचदेवल बिनायक नगरपालिका,6,7070106,76907
सुदूरपश्चिम,अछाम,पंचदेवल बिनायक नगरपालिका,7,7070107,76907
सुदूरपश्चिम,अछाम,पंचदेवल बिनायक नगरपालिका,8,7070108,76907
सुदूरपश्चिम,अछाम,पंचदेवल बिनायक नगरपालिका,9,7070109,76907
सुदूरपश्चिम,अछाम,रामारोशन गाउँपालिका,1,7070201,76908
सुदूरपश्चिम,अछाम,रामारोशन गाउँपालिका,2,7070202,76908
सुदूरपश्चिम,अछाम,रामारोशन गाउँपालिका,3,7070203,76908
सुदूरपश्चिम,अछाम,रामारोशन गाउँपालिका,4,7070204,76908
सुदूरपश्चिम,अछाम,रामारोशन गाउँपालिका,5,7070205,76908
सुदूरपश्चिम,अछाम,रामारोशन गाउँपालिका,6,7070206,76908
सुदूरपश्चिम,अछाम,रामारोशन गाउँपालिका,7,7070207,76908
सुदूरपश्चिम,अछाम,मेल्लेख गाउँपालिका,1,7070301,76906
सुदूरपश्चिम,अछाम,मेल्लेख गाउँपालिका,2,7070302,76906
सुदूरपश्चिम,अछाम,मेल्लेख गाउँपालिका,3,7070303,76906
सुदूरपश्चिम,अछाम,मेल्लेख गाउँपालिका,4,7070304,76906
सुदूरपश्चिम,अछाम,मेल्लेख गाउँपालिका,5,7070305,76906
सुदूरपश्चिम,अछाम,मेल्लेख गाउँपालिका,6,7070306,76906
सुदूरपश्चिम,अछाम,मेल्लेख गाउँपालिका,7,7070307,76906
सुदूरपश्चिम,अछाम,मेल्लेख गाउँपालिका,8,7070308,76906
सुदूरपश्चिम,अछाम,साँफेबगर नगरपालिका,1,7070401,76909
सुदूरपश्चिम,अछाम,साँफेबगर नगरपालिका,2,7070402,76909
सुदूरपश्चिम,अछाम,साँफेबगर नगरपालिका,3,7070403,76909
सुदूरपश्चिम,अछाम,साँफेबगर नगरपालिका,4,7070404,76909
सुदूरपश्चिम,अछाम,साँफेबगर नगरपालिका,5,7070405,76909
सुदूरपश्चिम,अछाम,साँफेबगर नगरपालिका,6,7070406,76909
सुदूरपश्चिम,अछाम,साँफेबगर नगरपालिका,7,7070407,76909
सुदूरपश्चिम,अछाम,साँफेबगर नगरपालिका,8,7070408,76909
सुदूरपश्चिम,अछाम,साँफेबगर नगरपालिका,9,7070409,76909
सुदूरपश्चिम,अछाम,साँफेबगर नगरपालिका,10,7070410,76909
सुदूरपश्चिम,अछाम,साँफेबगर नगरपालिका,11,7070411,76909
सुदूरपश्चिम,अछाम,साँफेबगर नगरपालिका,12,7070412,76909
सुदूरपश्चिम,अछाम,साँफेबगर नगरपालिका,13,7070413,76909
सुदूरपश्चिम,अछाम,साँफेबगर नगरपालिका,14,7070414,76909
सुदूरपश्चिम,अछाम,चौरपाटी गाउँपालिका,1,7070501,76902
सुदूरपश्चिम,अछाम,चौरपाटी गाउँपालिका,2,7070502,76902
सुदूरपश्चिम,अछाम,चौरपाटी गाउँपालिका,3,7070503,76902
सुदूरपश्चिम,अछाम,चौरपाटी गाउँपालिका,4,7070504,76902
सुदूरपश्चिम,अछाम,चौरपाटी गाउँपालिका,5,7070505,76902
सुदूरपश्चिम,अछाम,चौरपाटी गाउँपालिका,6,7070506,76902
सुदूरपश्चिम,अछाम,चौरपाटी गाउँपालिका,7,7070507,76902
सुदूरपश्चिम,अछाम,मंगलसेन नगरपालिका,1,7070601,76905
सुदूरपश्चिम,अछाम,मंगलसेन नगरपालिका,2,7070602,76905
सुदूरपश्चिम,अछाम,मंगलसेन नगरपालिका,3,7070603,76905
सुदूरपश्चिम,अछाम,मंगलसेन नगरपालिका,4,7070604,76905
सुदूरपश्चिम,अछाम,मंगलसेन नगरपालिका,5,7070605,76905
सुदूरपश्चिम,अछाम,मंगलसेन नगरपालिका,6,7070606,76905
सुदूरपश्चिम,अछाम,मंगलसेन नगरपालिका,7,7070607,76905
सुदूरपश्चिम,अछाम,मंगलसेन नगरपालिका,8,7070608,76905
सुदूरपश्चिम,अछाम,मंगलसेन नगरपालिका,9,7070609,76905
सुदूरपश्चिम,अछाम,मंगलसेन नगरपालिका,10,7070610,76905
सुदूरपश्चिम,अछाम,मंगलसेन नगरपालिका,11,7070611,76905
सुदूरपश्चिम,अछाम,मंगलसेन नगरपालिका,12,7070612,76905
सुदूरपश्चिम,अछाम,मंगलसेन नगरपालिका,13,7070613,76905
सुदूरपश्चिम,अछाम,मंगलसेन नगरपालिका,14,7070614,76905
सुदूरपश्चिम,अछाम,बान्नीगढी जयगढ गाउँपालिका,1,7070701,76901
सुदूरपश्चिम,अछाम,बान्नीगढी जयगढ गाउँपालिका,2,7070702,76901
सुदूरपश्चिम,अछाम,बान्नीगढी जयगढ गाउँपालिका,3,7070703,76901
सुदूरपश्चिम,अछाम,बान्नीगढी जयगढ गाउँपालिका,4,7070704,76901
सुदूरपश्चिम,अछाम,बान्नीगढी जयगढ गाउँपालिका,5,7070705,76901
सुदूरपश्चिम,अछाम,बान्नीगढी जयगढ गाउँपालिका,6,7070706,76901
सुदूरपश्चिम,अछाम,कमलबजार नगरपालिका,1,7070801,76904
सुदूरपश्चिम,अछाम,कमलबजार नगरपालिका,2,7070802,76904
सुदूरपश्चिम,अछाम,कमलबजार नगरपालिका,3,7070803,76904
सुदूरपश्चिम,अछाम,कमलबजार नगरपालिका,4,7070804,76904
सुदूरपश्चिम,अछाम,कमलबजार नगरपालिका,5,7070805,76904
सुदूरपश्चिम,अछाम,कमलबजार नगरपालिका,6,7070806,76904
सुदूरपश्चिम,अछाम,कमलबजार नगरपालिका,7,7070807,76904
सुदूरपश्चिम,अछाम,कमलबजार नगरपालिका,8,7070808,76904
सुदूरपश्चिम,अछाम,कमलबजार नगरपालिका,9,7070809,76904
सुदूरपश्चिम,अछाम,कमलबजार नगरपालिका,10,7070810,76904
सुदूरपश्चिम,अछाम,ढकारी गाउँपालिका,1,7070901,76903
सुदूरपश्चिम,अछाम,ढकारी गाउँपालिका,2,7070902,76903
सुदूरपश्चिम,अछाम,ढकारी गाउँपालिका,3,7070903,76903
सुदूरपश्चिम,अछाम,ढकारी गाउँपालिका,4,7070904,76903
सुदूरपश्चिम,अछाम,ढकारी गाउँपालिका,5,7070905,76903
सुदूरपश्चिम,अछाम,ढकारी गाउँपालिका,6,7070906,76903
सुदूरपश्चिम,अछाम,ढकारी गाउँपालिका,7,7070907,76903
सुदूरपश्चिम,अछाम,ढकारी गाउँपालिका,8,7070908,76903
सुदूरपश्चिम,अछाम,तुर्माखाँद गाउँपालिका,1,7071001,76910
सुदूरपश्चिम,अछाम,तुर्माखाँद गाउँपालिका,2,7071002,76910
सुदूरपश्चिम,अछाम,तुर्माखाँद गाउँपालिका,3,7071003,76910
सुदूरपश्चिम,अछाम,तुर्माखाँद गाउँपालिका,4,7071004,76910
सुदूरपश्चिम,अछाम,तुर्माखाँद गाउँपालिका,5,7071005,76910
सुदूरपश्चिम,अछाम,तुर्माखाँद गाउँपालिका,6,7071006,76910
सुदूरपश्चिम,अछाम,तुर्माखाँद गाउँपालिका,7,7071007,76910
सुदूरपश्चिम,अछाम,तुर्माखाँद गाउँपालिका,8,7071008,76910
सुदूरपश्चिम,कैलाली,मोहन्याल गाउँपालिका,1,7080101,77112
सुदूरपश्चिम,कैलाली,मोहन्याल गाउँपालिका,2,7080102,77112
सुदूरपश्चिम,कैलाली,मोहन्याल गाउँपालिका,3,7080103,77112
सुदूरपश्चिम,कैलाली,मोहन्याल गाउँपालिका,4,7080104,77112
सुदूरपश्चिम,कैलाली,मोहन्याल गाउँपालिका,5,7080105,77112
सुदूरपश्चिम,कैलाली,मोहन्याल गाउँपालिका,6,7080106,77112
सुदूरपश्चिम,कैलाली,मोहन्याल गाउँपालिका,7,7080107,77112
सुदूरपश्चिम,कैलाली,चुरे गाउँपालिका,1,7080201,77103
सुदूरपश्चिम,कैलाली,चुरे गाउँपालिका,2,7080202,77103
सुदूरपश्चिम,कैलाली,चुरे गाउँपालिका,3,7080203,77103
सुदूरपश्चिम,कैलाली,चुरे गाउँपालिका,4,7080204,77103
सुदूरपश्चिम,कैलाली,चुरे गाउँपालिका,5,7080205,77103
सुदूरपश्चिम,कैलाली,चुरे गाउँपालिका,6,7080206,77103
सुदूरपश्चिम,कैलाली,गोदावरी नगरपालिका,1,7080301,77107
सुदूरपश्चिम,कैलाली,गोदावरी नगरपालिका,2,7080302,77107
सुदूरपश्चिम,कैलाली,गोदावरी नगरपालिका,3,7080303,77107
सुदूरपश्चिम,कैलाली,गोदावरी नगरपालिका,4,7080304,77107
सुदूरपश्चिम,कैलाली,गोदावरी नगरपालिका,5,7080305,77107
सुदूरपश्चिम,कैलाली,गोदावरी नगरपालिका,6,7080306,77107
सुदूरपश्चिम,कैलाली,गोदावरी नगरपालिका,7,7080307,77107
सुदूरपश्चिम,कैलाली,गोदावरी नगरपालिका,8,7080308,77107
सुदूरपश्चिम,कैलाली,गोदावरी नगरपालिका,9,7080309,77107
सुदूरपश्चिम,कैलाली,गोदावरी नगरपालिका,10,7080310,77107
सुदूरपश्चिम,कैलाली,गोदावरी नगरपालिका,11,7080311,77107
सुदूरपश्चिम,कैलाली,गोदावरी नगरपालिका,12,7080312,77107
सुदूरपश्चिम,कैलाली,गौरीगंगा नगरपालिका,1,7080401,77105
सुदूरपश्चिम,कैलाली,गौरीगंगा नगरपालिका,2,7080402,77105
सुदूरपश्चिम,कैलाली,गौरीगंगा नगरपालिका,3,7080403,77105
सुदूरपश्चिम,कैलाली,गौरीगंगा नगरपालिका,4,7080404,77105
सुदूरपश्चिम,कैलाली,गौरीगंगा नगरपालिका,5,7080405,77105
सुदूरपश्चिम,कैलाली,गौरीगंगा नगरपालिका,6,7080406,77105
सुदूरपश्चिम,कैलाली,गौरीगंगा नगरपालिका,7,7080407,77105
सुदूरपश्चिम,कैलाली,गौरीगंगा नगरपालिका,8,7080408,77105
सुदूरपश्चिम,कैलाली,गौरीगंगा नगरपालिका,9,7080409,77105
सुदूरपश्चिम,कैलाली,गौरीगंगा नगरपालिका,10,7080410,77105
सुदूरपश्चिम,कैलाली,गौरीगंगा नगरपालिका,11,7080411,77105
सुदूरपश्चिम,कैलाली,घोडाघोडी नगरपालिका,1,7080501,77106
सुदूरपश्चिम,कैलाली,घोडाघोडी नगरपालिका,2,7080502,77106
सुदूरपश्चिम,कैलाली,घोडाघोडी नगरपालिका,3,7080503,77106
सुदूरपश्चिम,कैलाली,घोडाघोडी नगरपालिका,4,7080504,77106
सुदूरपश्चिम,कैलाली,घोडाघोडी नगरपालिका,5,7080505,77106
सुदूरपश्चिम,कैलाली,घोडाघोडी नगरपालिका,6,7080506,77106
सुदूरपश्चिम,कैलाली,घोडाघोडी नगरपालिका,7,7080507,77106
सुदूरपश्चिम,कैलाली,घोडाघोडी नगरपालिका,8,7080508,77106
सुदूरपश्चिम,कैलाली,घोडाघोडी नगरपालिका,9,7080509,77106
सुदूरपश्चिम,कैलाली,घोडाघोडी नगरपालिका,10,7080510,77106
सुदूरपश्चिम,कैलाली,घोडाघोडी नगरपालिका,11,7080511,77106
सुदूरपश्चिम,कैलाली,घोडाघोडी नगरपालिका,12,7080512,77106
सुदूरपश्चिम,कैलाली,बर्दगोरिया गाउँपालिका,1,7080601,77101
सुदूरपश्चिम,कैलाली,बर्दगोरिया गाउँपालिका,2,7080602,77101
सुदूरपश्चिम,कैलाली,बर्दगोरिया गाउँपालिका,3,7080603,77101
सुदूरपश्चिम,कैलाली,बर्दगोरिया गाउँपालिका,4,7080604,77101
सुदूरपश्चिम,कैलाली,बर्दगोरिया गाउँपालिका,5,7080605,77101
सुदूरपश्चिम,कैलाली,बर्दगोरिया गाउँपालिका,6,7080606,77101
सुदूरपश्चिम,कैलाली,लम्कि चुहा नगरपालिका,1,7080701,77111
सुदूरपश्चिम,कैलाली,लम्कि चुहा नगरपालिका,2,7080702,77111
सुदूरपश्चिम,कैलाली,लम्कि चुहा नगरपालिका,3,7080703,77111
सुदूरपश्चिम,कैलाली,लम्कि चुहा नगरपालिका,4,7080704,77111
सुदूरपश्चिम,कैलाली,लम्कि चुहा नगरपालिका,5,7080705,77111
सुदूरपश्चिम,कैलाली,लम्कि चुहा नगरपालिका,6,7080706,77111
सुदूरपश्चिम,कैलाली,लम्कि चुहा नगरपालिका,7,7080707,77111
सुदूरपश्चिम,कैलाली,लम्कि चुहा नगरपालिका,8,7080708,77111
सुदूरपश्चिम,कैलाली,लम्कि चुहा नगरपालिका,9,7080709,77111
सुदूरपश्चिम,कैलाली,लम्कि चुहा नगरपालिका,10,7080710,77111
सुदूरपश्चिम,कैलाली,जानकी गाउँपालिका,1,7080801,77108
सुदूरपश्चिम,कैलाली,जानकी गाउँपालिका,2,7080802,77108
सुदूरपश्चिम,कैलाली,जानकी गाउँपालिका,3,7080803,77108
सुदूरपश्चिम,कैलाली,जानकी गाउँपालिका,4,7080804,77108
सुदूरपश्चिम,कैलाली,जानकी गाउँपालिका,5,7080805,77108
सुदूरपश्चिम,कैलाली,जानकी गाउँपालिका,6,7080806,77108
सुदूरपश्चिम,कैलाली,जानकी गाउँपालिका,7,7080807,77108
सुदूरपश्चिम,कैलाली,जानकी गाउँपालिका,8,7080808,77108
सुदूरपश्चिम,कैलाली,जानकी गाउँपालिका,9,7080809,77108
सुदूरपश्चिम,कैलाली,जोशीपुर गाउँपालिका,1,7080901,77109
सुदूरपश्चिम,कैलाली,जोशीपुर गाउँपालिका,2,7080902,77109
सुदूरपश्चिम,कैलाली,जोशीपुर गाउँपालिका,3,7080903,77109
सुदूरपश्चिम,कैलाली,जोशीपुर गाउँपालिका,4,7080904,77109
सुदूरपश्चिम,कैलाली,जोशीपुर गाउँपालिका,5,7080905,77109
सुदूरपश्चिम,कैलाली,जोशीपुर गाउँपालिका,6,7080906,77109
सुदूरपश्चिम,कैलाली,जोशीपुर गाउँपालिका,7,7080907,77109
सुदूरपश्चिम,कैलाली,टिकापुर नगरपालिका,1,7081001,77113
सुदूरपश्चिम,कैलाली,टिकापुर नगरपालिका,2,7081002,77113
सुदूरपश्चिम,कैलाली,टिकापुर नगरपालिका,3,7081003,77113
सुदूरपश्चिम,कैलाली,टिकापुर नगरपालिका,4,7081004,77113
सुदूरपश्चिम,कैलाली,टिकापुर नगरपालिका,5,7081005,77113
सुदूरपश्चिम,कैलाली,टिकापुर नगरपालिका,6,7081006,77113
सुदूरपश्चिम,कैलाली,टिकापुर नगरपालिका,7,7081007,77113
सुदूरपश्चिम,कैलाली,टिकापुर नगरपालिका,8,7081008,77113
सुदूरपश्चिम,कैलाली,टिकापुर नगरपालिका,9,7081009,77113
सुदूरपश्चिम,कैलाली,भजनी नगरपालिका,1,7081101,77102
सुदूरपश्चिम,कैलाली,भजनी नगरपालिका,2,7081102,77102
सुदूरपश्चिम,कैलाली,भजनी नगरपालिका,3,7081103,77102
सुदूरपश्चिम,कैलाली,भजनी नगरपालिका,4,7081104,77102
सुदूरपश्चिम,कैलाली,भजनी नगरपालिका,5,7081105,77102
सुदूरपश्चिम,कैलाली,भजनी नगरपालिका,6,7081106,77102
सुदूरपश्चिम,कैलाली,भजनी नगरपालिका,7,7081107,77102
सुदूरपश्चिम,कैलाली,भजनी नगरपालिका,8,7081108,77102
सुदूरपश्चिम,कैलाली,भजनी नगरपालिका,9,7081109,77102
सुदूरपश्चिम,कैलाली,कैलारी गाउँपालिका,1,7081201,77110
सुदूरपश्चिम,कैलाली,कैलारी गाउँपालिका,2,7081202,77110
सुदूरपश्चिम,कैलाली,कैलारी गाउँपालिका,3,7081203,77110
सुदूरपश्चिम,कैलाली,कैलारी गाउँपालिका,4,7081204,77110
सुदूरपश्चिम,कैलाली,कैलारी गाउँपालिका,5,7081205,77110
सुदूरपश्चिम,कैलाली,कैलारी गाउँपालिका,6,7081206,77110
सुदूरपश्चिम,कैलाली,कैलारी गाउँपालिका,7,7081207,77110
सुदूरपश्चिम,कैलाली,कैलारी गाउँपालिका,8,7081208,77110
सुदूरपश्चिम,कैलाली,कैलारी गाउँपालिका,9,7081209,77110
सुदूरपश्चिम,कैलाली,धनगढी उपमहानगरपालिका,1,7081301,77104
सुदूरपश्चिम,कैलाली,धनगढी उपमहानगरपालिका,2,7081302,77104
सुदूरपश्चिम,कैलाली,धनगढी उपमहानगरपालिका,3,7081303,77104
सुदूरपश्चिम,कैलाली,धनगढी उपमहानगरपालिका,4,7081304,77104
सुदूरपश्चिम,कैलाली,धनगढी उपमहानगरपालिका,5,7081305,77104
सुदूरपश्चिम,कैलाली,धनगढी उपमहानगरपालिका,6,7081306,77104
सुदूरपश्चिम,कैलाली,धनगढी उपमहानगरपालिका,7,7081307,77104
सुदूरपश्चिम,कैलाली,धनगढी उपमहानगरपालिका,8,7081308,77104
सुदूरपश्चिम,कैलाली,धनगढी उपमहानगरपालिका,9,7081309,77104
सुदूरपश्चिम,कैलाली,धनगढी उपमहानगरपालिका,10,7081310,77104
सुदूरपश्चिम,कैलाली,धनगढी उपमहानगरपालिका,11,7081311,77104
सुदूरपश्चिम,कैलाली,धनगढी उपमहानगरपालिका,12,7081312,77104
सुदूरपश्चिम,कैलाली,धनगढी उपमहानगरपालिका,13,7081313,77104
सुदूरपश्चिम,कैलाली,धनगढी उपमहानगरपालिका,14,7081314,77104
सुदूरपश्चिम,कैलाली,धनगढी उपमहानगरपालिका,15,7081315,77104
सुदूरपश्चिम,कैलाली,धनगढी उपमहानगरपालिका,16,7081316,77104
सुदूरपश्चिम,कैलाली,धनगढी उपमहानगरपालिका,17,7081317,77104
सुदूरपश्चिम,कैलाली,धनगढी उपमहानगरपालिका,18,7081318,77104
सुदूरपश्चिम,कैलाली,धनगढी उपमहानगरपालिका,19,7081319,77104
सुदूरपश्चिम,कञ्चनपुर,कृष्णपुर नगरपालिका,1,7090101,77205
सुदूरपश्चिम,कञ्चनपुर,कृष्णपुर नगरपालिका,2,7090102,77205
सुदूरपश्चिम,कञ्चनपुर,कृष्णपुर नगरपालिका,3,7090103,77205
सुदूरपश्चिम,कञ्चनपुर,कृष्णपुर नगरपालिका,4,7090104,77205
सुदूरपश्चिम,कञ्चनपुर,कृष्णपुर नगरपालिका,5,7090105,77205
सुदूरपश्चिम,कञ्चनपुर,कृष्णपुर नगरपालिका,6,7090106,77205
सुदूरपश्चिम,कञ्चनपुर,कृष्णपुर नगरपालिका,7,7090107,77205
सुदूरपश्चिम,कञ्चनपुर,कृष्णपुर नगरपालिका,8,7090108,77205
सुदूरपश्चिम,कञ्चनपुर,कृष्णपुर नगरपालिका,9,7090109,77205
सुदूरपश्चिम,कञ्चनपुर,शुक्लाफाँटा नगरपालिका,1,7090201,77209
सुदूरपश्चिम,कञ्चनपुर,शुक्लाफाँटा नगरपालिका,2,7090202,77209
सुदूरपश्चिम,कञ्चनपुर,शुक्लाफाँटा नगरपालिका,3,7090203,77209
सुदूरपश्चिम,कञ्चनपुर,शुक्लाफाँटा नगरपालिका,4,7090204,77209
सुदूरपश्चिम,कञ्चनपुर,शुक्लाफाँटा नगरपालिका,5,7090205,77209
सुदूरपश्चिम,कञ्चनपुर,शुक्लाफाँटा नगरपालिका,6,7090206,77209
सुदूरपश्चिम,कञ्चनपुर,शुक्लाफाँटा नगरपालिका,7,7090207,77209
सुदूरपश्चिम,कञ्चनपुर,शुक्लाफाँटा नगरपालिका,8,7090208,77209
सुदूरपश्चिम,कञ्चनपुर,शुक्लाफाँटा नगरपालिका,9,7090209,77209
सुदूरपश्चिम,कञ्चनपुर,शुक्लाफाँटा नगरपालिका,10,7090210,77209
सुदूरपश्चिम,कञ्चनपुर,शुक्लाफाँटा नगरपालिका,11,7090211,77209
सुदूरपश्चिम,कञ्चनपुर,शुक्लाफाँटा नगरपालिका,12,7090212,77209
सुदूरपश्चिम,कञ्चनपुर,बेदकोट नगरपालिका,1,7090301,77201
सुदूरपश्चिम,कञ्चनपुर,बेदकोट नगरपालिका,2,7090302,77201
सुदूरपश्चिम,कञ्चनपुर,बेदकोट नगरपालिका,3,7090303,77201
सुदूरपश्चिम,कञ्चनपुर,बेदकोट नगरपालिका,4,7090304,77201
सुदूरपश्चिम,कञ्चनपुर,बेदकोट नगरपालिका,5,7090305,77201
सुदूरपश्चिम,कञ्चनपुर,बेदकोट नगरपालिका,6,7090306,77201
सुदूरपश्चिम,कञ्चनपुर,बेदकोट नगरपालिका,7,7090307,77201
सुदूरपश्चिम,कञ्चनपुर,बेदकोट नगरपालिका,8,7090308,77201
सुदूरपश्चिम,कञ्चनपुर,बेदकोट नगरपालिका,9,7090309,77201
सुदूरपश्चिम,कञ्चनपुर,बेदकोट नगरपालिका,10,7090310,77201
सुदूरपश्चिम,कञ्चनपुर,भिमदत्त नगरपालिका,1,7090401,77204
सुदूरपश्चिम,कञ्चनपुर,भिमदत्त नगरपालिका,2,7090402,77204
सुदूरपश्चिम,कञ्चनपुर,भिमदत्त नगरपालिका,3,7090403,77204
सुदूरपश्चिम,कञ्चनपुर,भिमदत्त नगरपालिका,4,7090404,77204
सुदूरपश्चिम,कञ्चनपुर,भिमदत्त नगरपालिका,5,7090405,77204
सुदूरपश्चिम,कञ्चनपुर,भिमदत्त नगरपालिका,6,7090406,77204
सुदूरपश्चिम,कञ्चनपुर,भिमदत्त नगरपालिका,7,7090407,77204
सुदूरपश्चिम,कञ्चनपुर,भिमदत्त नगरपालिका,8,7090408,77204
सुदूरपश्चिम,कञ्चनपुर,भिमदत्त नगरपालिका,9,7090409,77204
सुदूरपश्चिम,कञ्चनपुर,भिमदत्त नगरपालिका,10,7090410,77204
सुदूरपश्चिम,कञ्चनपुर,भिमदत्त नगरपालिका,11,7090411,77204
सुदूरपश्चिम,कञ्चनपुर,भिमदत्त नगरपालिका,12,7090412,77204
सुदूरपश्चिम,कञ्चनपुर,भिमदत्त नगरपालिका,13,7090413,77204
सुदूरपश्चिम,कञ्चनपुर,भिमदत्त नगरपालिका,14,7090414,77204
सुदूरपश्चिम,कञ्चनपुर,भिमदत्त नगरपालिका,15,7090415,77204
सुदूरपश्चिम,कञ्चनपुर,भिमदत्त नगरपालिका,16,7090416,77204
सुदूरपश्चिम,कञ्चनपुर,भिमदत्त नगरपालिका,17,7090417,77204
सुदूरपश्चिम,कञ्चनपुर,भिमदत्त नगरपालिका,18,7090418,77204
सुदूरपश्चिम,कञ्चनपुर,भिमदत्त नगरपालिका,19,7090419,77204
सुदूरपश्चिम,कञ्चनपुर,चाँदनी-दोधारा नगरपालिका,1,7090501,77207
सुदूरपश्चिम,कञ्चनपुर,चाँदनी-दोधारा नगरपालिका,2,7090502,77207
सुदूरपश्चिम,कञ्चनपुर,चाँदनी-दोधारा नगरपालिका,3,7090503,77207
सुदूरपश्चिम,कञ्चनपुर,चाँदनी-दोधारा नगरपालिका,4,7090504,77207
सुदूरपश्चिम,कञ्चनपुर,चाँदनी-दोधारा नगरपालिका,5,7090505,77207
सुदूरपश्चिम,कञ्चनपुर,चाँदनी-दोधारा नगरपालिका,6,7090506,77207
सुदूरपश्चिम,कञ्चनपुर,चाँदनी-दोधारा नगरपालिका,7,7090507,77207
सुदूरपश्चिम,कञ्चनपुर,चाँदनी-दोधारा नगरपालिका,8,7090508,77207
सुदूरपश्चिम,कञ्चनपुर,चाँदनी-दोधारा नगरपालिका,9,7090509,77207
सुदूरपश्चिम,कञ्चनपुर,चाँदनी-दोधारा नगरपालिका,10,7090510,77207
सुदूरपश्चिम,कञ्चनपुर,लालझाडी गाउँपालिका,1,7090601,77206
सुदूरपश्चिम,कञ्चनपुर,लालझाडी गाउँपालिका,2,7090602,77206
सुदूरपश्चिम,कञ्चनपुर,लालझाडी गाउँपालिका,3,7090603,77206
सुदूरपश्चिम,कञ्चनपुर,लालझाडी गाउँपालिका,4,7090604,77206
सुदूरपश्चिम,कञ्चनपुर,लालझाडी गाउँपालिका,5,7090605,77206
सुदूरपश्चिम,कञ्चनपुर,लालझाडी गाउँपालिका,6,7090606,77206
सुदूरपश्चिम,कञ्चनपुर,पुनर्वास नगरपालिका,1,7090701,77208
सुदूरपश्चिम,कञ्चनपुर,पुनर्वास नगरपालिका,2,7090702,77208
सुदूरपश्चिम,कञ्चनपुर,पुनर्वास नगरपालिका,3,7090703,77208
सुदूरपश्चिम,कञ्चनपुर,पुनर्वास नगरपालिका,4,7090704,77208
सुदूरपश्चिम,कञ्चनपुर,पुनर्वास नगरपालिका,5,7090705,77208
सुदूरपश्चिम,कञ्चनपुर,पुनर्वास नगरपालिका,6,7090706,77208
सुदूरपश्चिम,कञ्चनपुर,पुनर्वास नगरपालिका,7,7090707,77208
सुदूरपश्चिम,कञ्चनपुर,पुनर्वास नगरपालिका,8,7090708,77208
सुदूरपश्चिम,कञ्चनपुर,पुनर्वास नगरपालिका,9,7090709,77208
सुदूरपश्चिम,कञ्चनपुर,पुनर्वास नगरपालिका,10,7090710,77208
सुदूरपश्चिम,कञ्चनपुर,पुनर्वास नगरपालिका,11,7090711,77208
सुदूरपश्चिम,कञ्चनपुर,बेलौरी नगरपालिका,1,7090801,77202
सुदूरपश्चिम,कञ्चनपुर,बेलौरी नगरपालिका,2,7090802,77202
सुदूरपश्चिम,कञ्चनपुर,बेलौरी नगरपालिका,3,7090803,77202
सुदूरपश्चिम,कञ्चनपुर,बेलौरी नगरपालिका,4,7090804,77202
सुदूरपश्चिम,कञ्चनपुर,बेलौरी नगरपालिका,5,7090805,77202
सुदूरपश्चिम,कञ्चनपुर,बेलौरी नगरपालिका,6,7090806,77202
सुदूरपश्चिम,कञ्चनपुर,बेलौरी नगरपालिका,7,7090807,77202
सुदूरपश्चिम,कञ्चनपुर,बेलौरी नगरपालिका,8,7090808,77202
सुदूरपश्चिम,कञ्चनपुर,बेलौरी नगरपालिका,9,7090809,77202
सुदूरपश्चिम,कञ्चनपुर,बेलौरी नगरपालिका,10,7090810,77202
सुदूरपश्चिम,कञ्चनपुर,बेलडाँडी गाउँपालिका,1,7090901,77203
सुदूरपश्चिम,कञ्चनपुर,बेलडाँडी गाउँपालिका,2,7090902,77203
सुदूरपश्चिम,कञ्चनपुर,बेलडाँडी गाउँपालिका,3,7090903,77203
सुदूरपश्चिम,कञ्चनपुर,बेलडाँडी गाउँपालिका,4,7090904,77203
सुदूरपश्चिम,कञ्चनपुर,बेलडाँडी गाउँपालिका,5,7090905,77203
